reviewer-img href,reviewer-img src,reviewer-info href,reviewer-name,icon-cmn-fav-010,reviewer-info,reviewer-info (2),reviewer-info href (2),reviewer-info (3),reviewer-info (4),reviewer-rating,repeat,mobile-date,read,read href,read (2),read href (2),read (3),read href (3),read (4),read href (4),read (5),read href (5),read (6),read href (6),read (7),read href (7),read (8),read href (8),read (9),read href (9),read (10),read href (10),read (11),read href (11),read (12),cmn-viewmore href,thum href,thum src,thum href (2),thum src (2),thum href (3),thum src (3),item-status (2),variation-list-item href,variation-list-item,variation-list-item src,variation-list-item href (2),variation-list-item (2),variation-list-item src (2),variation-list-item href (3),variation-list-item (3),variation-list-item src (3),variation-list-item href (4),variation-list-item (4),variation-list-item src (4),variation-list-item href (5),variation-list-item (5),variation-list-item src (5),clearfix (2),clearfix (4),clearfix (6),kuchikomi-on href,act-counter,icon-cmn-fav-500,ico-cmn-auth,clearfix href,clearfix href (2),clearfix href (3),clearfix href (4),clearfix (7),clearfix href (5),clearfix (8),clearfix href (6),clearfix (9),icon-cmn-fav-100,clearfix href (7),clearfix (10),clearfix href (8),clearfix (11),clearfix href (9),clearfix (12),read href (12),read (13),read href (13),read (14),icon-cmn-fav-025,date,icon-cmn-fav-050,clearfix href (10),clearfix href (11),clearfix (14),clearfix href (12),clearfix (15),clearfix href (13),clearfix (16),clearfix (17),icon-cmn-fav-005
https://my.cosme.net/open_top/show/user_id/7514020,https://cache-cdn.cosme.net/images/user/characters/30/mychara09_xs.gif,https://my.cosme.net/open_top/show/user_id/7514020,koyokaa,10人以上のメンバーにお気に入り登録されています,39歳,脂性肌,https://my.cosme.net/open_entry_reviewlist/list/user_id/7514020,クチコミ投稿40件,40,6購入品リピート,リピート,2025/4/18 19:10:41,"4月19日発売 リップモンスター ツヤバース新色
早いところは15日に入荷してました。

くり出したら戻らないタイプのスティック。
柔らかいテクスチャーで塗ったあとはツヤツヤ、潤ってくれるので大好きです！

GO4 スパイダーリリー調香師(ベージュレッド系)
かなり好みの色でした！リプモン05 ダークフィグ好きな方は好みのお色だと思います。

GO5 ピンクロビンの泉(ローズピンク系)
結構なローズで紫みを感じます。
スウォッチで伝わるか分かりませんが、GO5は発色が少し弱めだと思います。なので唇にのせるとそこまで紫は強くでないかなと思いました。

すぐにティッシュオフしてしまうと全部ティッシュについてしまうので、数分置いてからのティッシュオフがおすすめです。
ティッシュオフしても色は結構残るし、コップなどにもそこまでつかない印象です。

通年唇の状態が良くない私ですが、ツヤバースはかなりしっとりします！リップモンスターは荒れてしまうという方におすすめしたいです。

色の残り方はリップモンスターには負けてしまいますが、飲食してもわりと色が残って、何よりも唇が荒れない点でかなり好感触です！

ツヤバース全色のスウォッチと、リップモンスター既存色(web限定含む)の似ている色とのスウォッチを撮りました。
全色2-3度塗り、薄い色は数分後ティッシュオフとなります。
光の加減で色が違って見えていてすみません！
ツヤバース全色のスウォッチが一番近い色味となります。
詳細をみる",https://www.cosme.net/categories/effect/1018/,ツヤ,https://www.cosme.net/categories/effect/1018/,ツヤ,https://www.cosme.net/categories/effect/1018/,ツヤ,https://www.cosme.net/categories/item/1154/,ティッシュ,https://www.cosme.net/categories/item/1154/,ティッシュ,https://www.cosme.net/categories/item/1154/,ティッシュ,https://www.cosme.net/categories/item/1154/,ティッシュ,https://www.cosme.net/categories/effect/1018/,ツヤ,https://www.cosme.net/categories/effect/1018/,ツヤ,https://www.cosme.net/categories/item/1154/,ティッシュ,https://www.cosme.net/categories/effect/1018/,ツヤ,https://www.cosme.net/reviews/514231268/,https://www.cosme.net/reviews/514231268/photo-1/,https://cache-cdn.cosme.net/media/collection/1834/1956/11204251_l.jpg,https://www.cosme.net/reviews/514231268/photo-2/,https://cache-cdn.cosme.net/media/collection/1834/1956/11212619_l.jpg,https://www.cosme.net/reviews/514231268/photo-3/,https://cache-cdn.cosme.net/media/collection/1834/1956/11212620_l.jpg,現品,https://www.cosme.net/variations/1201785/,G04　スパイダー リリー調香師,https://fitter.cosme.net/media/product/10260/skuimg_1024220.jpg,https://www.cosme.net/variations/1201786/,G05　ピンク ロビンの泉,https://fitter.cosme.net/media/product/10260/skuimg_1024222.jpg,https://www.cosme.net/variations/1185728/,G01 明後日の水たまり,https://fitter.cosme.net/media/product/10260/skuimg_1001938.jpg,https://www.cosme.net/variations/1185729/,G02 ピンクムーンの雫,https://fitter.cosme.net/media/product/10260/skuimg_1001941.jpg,https://www.cosme.net/variations/1185730/,G03 99.9℃,https://fitter.cosme.net/media/product/10260/skuimg_1001944.jpg,-,-,-,https://www.cosme.net/contact/report-review/review_id/514231268,70,,,,,,,,,,,,,,,,,,,,,,,,,,,,,,,,,,
https://my.cosme.net/open_top/show/user_id/4825389,https://cache-cdn.cosme.net/media/collection/1178/301/7760586_xs.jpeg,https://my.cosme.net/open_top/show/user_id/4825389,●ちゃわんむし●,,40歳,混合肌,https://my.cosme.net/open_entry_reviewlist/list/user_id/4825389,クチコミ投稿769件,769,5購入品リピート,リピート,2025/8/23 15:11:42,"【EX-2悪魔の快楽】かなり購入を迷ったカラーです。
青みレッドはドンピシャなんですが、色々なサイトでは黄みがあるように見えるんですもん…
店頭のポップは青みに見えたため購入を決めました。
まずこちらは容易に単発使いできる濃さです。
リップブラシ必須。
ポンポンんまーッの誤魔化しが効かないと思います。
唇に載せますと、色味はやはり黄みはあるものの、G01よりは青みと思われます。
また、同じような色味のリプモンの06 2:00AM程茶は感じないけど、107紅折り紙の願いよりは黄色かなあ？？と感じました。
DIOR999よりは青みを感じるかも…
光の加減では黄色くも青くも見える不思議な色で、店頭のポップ程青みが出なかったのが少ーしだけ残念ですが、今までのツヤバースはご近所リップの域を出なかったので、単独でお出かけカラーになるこちらは購入して正解でした。
2ndにイエローがあるブルベさんに向くのではと思います。
（自分は2nd春です。）
発売日にキヨシで購入しました。

【G05ピンクロビンの泉】ブルベに振り切ったカラーなので購入しました。
しかし単発で使うには薄くて、唇に乗せるとピンクの色付きリップクリームの域を出ません。
このためご近所用、若しくはリプモン12誓いのルビーとのW使いで活躍しています。
リプモンも時間経つと唇が重なる部分が乾燥するのでね…
この組み合わせブルベ冬青み吸収族さんにオススメです。
12だけだと夏要素も感じるところを直球の冬に持って来れると思います。
107紅折り紙の願いも青みカラーですが、こちらと重ねると若々し過ぎちゃう感じがありました。
色は好みなのにぼんやりとした発色だったことからぼんやりと口コミも書かないままになっていました。
＠cosmeshoppingで予約購入しました。

ー以前の口コミー
【G01明後日の水たまり】ブルベ冬の青み吸収族です。
通常のリプモンで唇が重なる部分がカサカサしてしまうことがあったのと、こちらツヤバースはブルベ冬でも使えそうなカラーがあるので楽しみにしていました。

繰り出したら戻せないタイプのグロスのような質感です。
流石にその質感故か発色も薄めで、飲食すれば落ちます。
ただ、縦ジワはカバーされるし、普通のグロスより色は残るので好印象。
また乾燥や皮剥けはないです。

一聞ではブルベ向きかどうか分からないレッド系を選んだのは、一聞ブルベ向きっぽいピンク系のG02にかなりの黄みを感じたためです。
店頭や公式サイトの唇画像の色見本を見るとよく分かると思います。
G01は唇の周りがブルベ肌に、G02は唇の周りがイエベ肌に見えるのです。
且つG02は唇のトーンとあまり変わらないから冬タイプには向かなそうと感じた為です。
でも店頭ではG02の方が人気のようでした。

カッチリメイクや秋冬の季節感を意識してもう少し発色が欲しい点に関しては、通常のリプモン06，12辺りをティッシュオフしてこちらを重ねたら解決です！
通常のリプモンがカサつくお悩みも解決。
もちろんこちら1本でもメイクしてます感は出るのですが。

その質感から減りが早そうではありますが、通常のリプモンのカサつき悩みまで解消してくれたので言う事無し。
発色の薄っすいカラーリップクリームを買うよりこちらを購入して正解でした。
店頭で品切れなく気軽に買えるようならリピートしたいです。

キヨシで購入しました。
ドンキにはまだ入荷がなかったです。
詳細をみる",https://www.cosme.net/tags/tag/7500/,リップブラシ,https://www.cosme.net/categories/effect/1018/,ツヤ,https://www.cosme.net/categories/item/1031/,リップクリーム,https://www.cosme.net/categories/effect/1018/,ツヤ,https://www.cosme.net/categories/item/913/,グロス,https://www.cosme.net/categories/item/913/,グロス,https://www.cosme.net/categories/item/1154/,ティッシュ,https://www.cosme.net/categories/item/1031/,リップクリーム,,,,,,,https://www.cosme.net/reviews/514238232/,https://www.cosme.net/reviews/514238232/photo-1/,https://cache-cdn.cosme.net/media/collection/1178/301/10767877_l.jpg,https://www.cosme.net/reviews/514238232/photo-2/,https://cache-cdn.cosme.net/media/collection/1178/301/11501812_l.jpg,,,現品,https://www.cosme.net/variations/1218654/,EX-2 悪魔の快楽,https://fitter.cosme.net/media/product/10260/skuimg_1056321.jpg,https://www.cosme.net/variations/1201786/,G05　ピンク ロビンの泉,https://fitter.cosme.net/media/product/10260/skuimg_1024222.jpg,https://www.cosme.net/variations/1185728/,G01 明後日の水たまり,https://fitter.cosme.net/media/product/10260/skuimg_1001938.jpg,,,,,,,,,,https://www.cosme.net/contact/report-review/review_id/514238232,55,500人以上のメンバーにお気に入り登録されています,認証済,https://www.cosme.net/categories/pchannel/2/,https://www.cosme.net/categories/effect/1002/,https://www.cosme.net/categories/effect/1018/,https://www.cosme.net/tags/tag/94116/,ブルベ冬,https://www.cosme.net/tags/tag/89071/,縦ジワカバー,https://www.cosme.net/tags/tag/20566/,W使い,,,,,,,,,,,,,,,,,,,,,,,
https://my.cosme.net/open_top/show/user_id/5244700,https://cache-cdn.cosme.net/media/collection/1280/1820/10241507_xs.jpeg,https://my.cosme.net/open_top/show/user_id/5244700,みるみるく618,,40歳,混合肌,https://my.cosme.net/open_entry_reviewlist/list/user_id/5244700,クチコミ投稿160件,160,6購入品,,2024/10/26 10:40:16,"────────────
ケイト リップモンスター
ツヤバース

G03　99.9°C

\1,650

────────────

こんにちは
出遅れたけどツヤバース買ったので
本音レビュー

私は買ってよかった◎
ツヤと色持ちが程よくあって
黄みよりだけど ブルベでも浮かない
オランジェット
（オレンジピールにチョコがかかったお菓子）
みたいなブラウン

カネボウのバズリップ
ルージュスターヴァイブラントと質感似てる
人気カラーV07に似てそうと思ったんだけど
ツヤバース99.9℃のほうが黄色が強め

色は似てないけどちゅるんとして
ブルベでも浮かずに使いやすかった*:.｡.
チェックやブラウンの服にあわせたい

#新作コスメ #ケイトリップモンスター #ツヤバース #G03 #購入品 #ツヤリップ
詳細をみる",https://www.cosme.net/categories/effect/1018/,ツヤ,https://www.cosme.net/categories/effect/1018/,ツヤ,https://www.cosme.net/categories/effect/1018/,ツヤ,https://www.cosme.net/categories/effect/1018/,ツヤ,https://www.cosme.net/categories/effect/1018/,ツヤ,https://www.cosme.net/categories/effect/1018/,ツヤ,,,,,,,,,,,https://www.cosme.net/reviews/514271494/,https://www.cosme.net/reviews/514271494/photo-1/,https://cache-cdn.cosme.net/media/collection/1280/1820/10788379_l.jpg,https://www.cosme.net/reviews/514271494/photo-2/,https://cache-cdn.cosme.net/media/collection/1280/1820/10788380_l.jpg,https://www.cosme.net/reviews/514271494/photo-3/,https://cache-cdn.cosme.net/media/collection/1280/1820/10793446_l.jpg,現品,,,,,,,,,,,,,,,,,,,https://www.cosme.net/contact/report-review/review_id/514271494,42,,認証済,https://www.cosme.net/categories/pchannel/6/,https://www.cosme.net/categories/effect/1002/,https://www.cosme.net/categories/effect/1018/,https://www.cosme.net/categories/effect/1020/,通販化粧品・コスメ,https://www.cosme.net/categories/effect/1021/,うるおい,https://www.cosme.net/categories/effect/1086/,ツヤ,100人以上のメンバーにお気に入り登録されています,https://www.cosme.net/tags/tag/619229/,ツヤバース,https://www.cosme.net/tags/tag/9974/,色持ち,https://www.cosme.net/tags/tag/5279/,荒れない,,,,,,,,,,,,,,,,
https://my.cosme.net/open_top/show/user_id/7749308,https://cache-cdn.cosme.net/media/collection/1891/3772/10962130_xs.jpeg,https://my.cosme.net/open_top/show/user_id/7749308,★cheeky★,,50歳,乾燥肌,https://my.cosme.net/open_entry_reviewlist/list/user_id/7749308,クチコミ投稿144件,144,6購入品リピート,リピート,2025/4/29 13:14:50,"新色2色買ったので追加レビュー。
オリジナルの似てそうな色と比較してみました。

画像上から
・オリジナル17 ローズ園
・ツヤバース05 ピンクロビン
・オリジナル15 綿雲
・ツヤバース04 調香師

ツヤバースの既存3色は色の相性的にイマイチだったので新色に期待してたけど、ドンピシャ系の色味は今回も出ず…

大好きなローズ園に近いピンクロビンは、もう少し青め＆暗め発色。ブルベでも夏より冬の方がより似合いそう。
調香師も綿雲よりもう少し暗めで秋寄り。黄味や赤味が強すぎるわけではなくミューテッド寄りなので使える人の範囲は広そう。オフィスでも使いやすいかも。

ツヤ好きには嬉しい質感と、リプモンの中では乾燥しづらく細身で塗りやすいスティックなので、ツヤバース自体は好きなんだけど、前回も感じた通りこの質感で淡めの発色出すのは難易度高いのかもですね。ティッシュオフである程度色の濃淡調整はできるけど、せっかくのツヤも落ちちゃうのが悩ましいところw

色出しだけはオリジナルの方が好きなのは変わらずだけど、今後も新色出たら試しちゃうかな。

******************************
みんな大好き、リプモンのツヤ特化！
肌も唇もツヤ命、というかツヤに飢えてる私としては、リプモンからのツヤシリーズは期待しかないので
迷わず購入。

…というと語弊があるかな、3色展開でドンピシャ欲しい色味がなかったので、そこは迷いました…結果的に02を購入。

うるツヤとろーり質感や保湿力を求めると、どうしたってマットやリキッドに比べて色もちは悪くなるし、それをカバーしようとすると濃いめの色出しになっちゃうんだろうな…飲み会リップでお馴染みのBBIAとかどれも色濃いしほぼ液体の薄膜だもんね。

バームやフォンデュなどもちぷる系のリップは、保湿力も高くて刺激も少ないし、透明感もありつつ厚膜のツヤ感が出るところが好きなので、ティントやオリジナルほど色モチしなくても総合バランス考えたら私は全然許容範囲。韓コス系でこーゆー質感の繰り出し戻らないタイプは既に沢山出てるけど、細くて塗りやすいし細身のパケは嵩張らないしで、私は特に不便には感じないです。

ただ、個人的に唇に濃いめの色塗るのが似合わない＆今出てる3色だと相性イマイチな顔なので、今後の色展開に熱く期待！

ラスボスだと赤味強過ぎなんだけど01はそれに近そうだし、砂海やパンプキンは黄味が強くて顔色悪くなるので03も危険かな…間取って02にしたんだけど、普段ピンクバナナがギリって感じでそれより若干黄味寄り(綿雲の方が近いか？)なので、塗れなくはないけど下地や他のポイントメイクや服を合わせて調整してる感じ…
3:00やローズ園系の新色が出たら満点！！
詳細をみる",https://www.cosme.net/categories/effect/1018/,ツヤ,https://www.cosme.net/categories/effect/1018/,ツヤ,https://www.cosme.net/categories/effect/1018/,ツヤ,https://www.cosme.net/categories/effect/1018/,ツヤ,https://www.cosme.net/categories/effect/1018/,ツヤ,https://www.cosme.net/categories/item/1154/,ティッシュ,https://www.cosme.net/categories/effect/1018/,ツヤ,https://www.cosme.net/categories/effect/1018/,ツヤ,https://www.cosme.net/categories/effect/1018/,ツヤ,https://www.cosme.net/categories/effect/1018/,ツヤ,https://www.cosme.net/categories/effect/1018/,ツヤ,https://www.cosme.net/reviews/514558478/,https://www.cosme.net/reviews/514558478/photo-1/,https://cache-cdn.cosme.net/media/collection/1891/3772/11239812_l.jpg,,,,,現品,https://www.cosme.net/variations/1201785/,G04　スパイダー リリー調香師,https://fitter.cosme.net/media/product/10260/skuimg_1024220.jpg,https://www.cosme.net/variations/1201786/,G05　ピンク ロビンの泉,https://fitter.cosme.net/media/product/10260/skuimg_1024222.jpg,https://www.cosme.net/variations/1185729/,G02 ピンクムーンの雫,https://fitter.cosme.net/media/product/10260/skuimg_1001941.jpg,,,,,,,-,-,,https://www.cosme.net/contact/report-review/review_id/514558478,39,,認証済,https://www.cosme.net/categories/effect/1002/,https://www.cosme.net/categories/effect/1018/,https://www.cosme.net/categories/effect/1030/,https://www.cosme.net/categories/effect/1064/,うるおい,https://www.cosme.net/categories/effect/1020/,ツヤ,https://www.cosme.net/categories/effect/1021/,肌の透明感・薄づき,100人以上のメンバーにお気に入り登録されています,https://www.cosme.net/categories/effect/1086/,立体感,,持ちがよい・落ちにくい,,発色がよい,https://www.cosme.net/categories/effect/1018/,ツヤ,https://www.cosme.net/categories/effect/1017/,マット,,,,,,,,,,,,
https://my.cosme.net/open_top/show/user_id/2550395,https://cache-cdn.cosme.net/media/collection/622/2683/11184446_xs.jpeg,https://my.cosme.net/open_top/show/user_id/2550395,MayGoodMe,,48歳,混合肌,https://my.cosme.net/open_entry_reviewlist/list/user_id/2550395,クチコミ投稿303件,303,4購入品,,2025/8/4 21:18:12,"ツヤバースの中で一番イエベ向きの色だと思います。
スルスルと塗りやすく、発色も良くて、仕上がりはグロスっぽいツヤ感がでます。
元々の唇の色が濃いので、見本のような色にはなりませんが、それでもいい色だなと思いました。
時間経過や食事後は、ツヤは消えて色だけが残る感じになるので、塗り直しは必要です。
色が気に入っているので使い続けていますが、自分の場合、塗って2時間くらい経つと必ず唇が荒れます。
ベースにモアリップなどの薬用リップを仕込んでも、皮剥けしてしまいます。
なのでリピ買いはないですが、唇が荒れにくい人には価格もお手頃で使い勝手がいいので、おすすめだと思います。
詳細をみる",https://www.cosme.net/categories/effect/1018/,ツヤ,https://www.cosme.net/categories/item/913/,グロス,https://www.cosme.net/categories/effect/1018/,ツヤ,https://www.cosme.net/categories/effect/1018/,ツヤ,,,,,,,,,,,,,,,https://www.cosme.net/reviews/515559798/,https://www.cosme.net/reviews/515559798/photo-1/,https://cache-cdn.cosme.net/media/collection/622/2683/11456639_l.jpg,,,,,現品,https://www.cosme.net/variations/1185730/,G03 99.9℃,https://fitter.cosme.net/media/product/10260/skuimg_1001944.jpg,,,,,,,,,,,,,-,,,https://www.cosme.net/contact/report-review/review_id/515559798,32,,認証済,https://www.cosme.net/categories/effect/1002/,https://www.cosme.net/categories/effect/1018/,https://www.cosme.net/categories/effect/1028/,https://www.cosme.net/categories/effect/1021/,うるおい,https://www.cosme.net/tags/tag/535622/,ツヤ,https://www.cosme.net/tags/tag/7225/,フィット感,100人以上のメンバーにお気に入り登録されています,https://www.cosme.net/tags/tag/9467/,発色がよい,,リプモン,,イエベ秋,,,,,,,,,,,,,,,,
https://my.cosme.net/open_top/show/user_id/131058,https://cache-cdn.cosme.net/media/collection/31/4082/11755321_xs.jpeg,https://my.cosme.net/open_top/show/user_id/131058,foxyriri,,47歳,敏感肌,https://my.cosme.net/open_entry_reviewlist/list/user_id/131058,クチコミ投稿201件,201,6購入品,,2025/4/16 8:41:43,"●G04 スパイダーリリー調香師
初ツヤバースです。
既存3色は好みのカラーじゃなかったのでスルーでしたが、G04は気になる存在で。
マツキヨで一足早く購入しました。

リプモンシリーズ全般に言える事ですが、テスターがないので、ちょっと強気な販売戦略だよね？と売り方に疑問を抱いてましたが、ある意味福袋を開ける時のワクワク感みたいな感じもあり、プチプラだしまあいいかという気持ちでget。


前置きが長くなりました。

スパイダーリリー、すごく好みの色味でしたー◎
ブラウン味を帯びた明彩度低めのベージュピンクでツヤツヤ感がめちゃ可愛い。
シックな色合いで唇を主張し過ぎない良い塩梅のピンク。
僅かながら赤味もあり、低彩度ながら顔色が悪く見えない。
大人のピンクブラウン（ベージュ）って感じです。
どんなアイメイクにも合いそうな落ち着いたカラーでした。

ポッピングシルエットシャドウのグレージュポップなんかに合わせたらめちゃイイ女っぽくなりそう！

そんな訳で一本あると便利そうな優秀リップでした◎

画像差し替えました笑
詳細をみる",https://www.cosme.net/categories/effect/1018/,ツヤ,https://www.cosme.net/tags/tag/5077/,プチプラ,https://www.cosme.net/categories/effect/1018/,ツヤ,https://www.cosme.net/categories/effect/1018/,ツヤ,,,,,,,,,,,,,,,https://www.cosme.net/reviews/515061955/,https://www.cosme.net/reviews/515061955/photo-1/,https://cache-cdn.cosme.net/media/collection/31/4082/11205841_l.jpg,https://www.cosme.net/reviews/515061955/photo-2/,https://cache-cdn.cosme.net/media/collection/31/4082/11205842_l.jpg,,,現品,https://www.cosme.net/variations/1201785/,G04　スパイダー リリー調香師,https://fitter.cosme.net/media/product/10260/skuimg_1024220.jpg,,,,,,,,,,,,,-,-,,https://www.cosme.net/contact/report-review/review_id/515061955,27,,認証済,https://www.cosme.net/categories/pchannel/2/,,,,スーパー・ドラッグ,,,,,100人以上のメンバーにお気に入り登録されています,,,,,,,,,,,,,,,,,,,,,,
https://my.cosme.net/open_top/show/user_id/8936027,https://cache-cdn.cosme.net/media/collection/2181/2651/9416978_xs.jpeg,https://my.cosme.net/open_top/show/user_id/8936027,若ハゲ侵攻中,,32歳,普通肌,https://my.cosme.net/open_entry_reviewlist/list/user_id/8936027,クチコミ投稿30件,30,3購入品,,2024/12/24 9:50:20,"明後日のみずたまりを購入。
1st ブルベ冬　2ndイエベ春です。

リップモンスター（以降本家）のラスボスで良いという感想です。
写真は上が明後日の水たまり
下がラスボスです。
※室内の蛍光灯下で撮影。無加工。

・色が似ている。
・本家よりも色もちが良くない。
・塗り直しの回数増えた。
・本家は3.0g こちらは1.6gで、コスパが微妙。
・一度繰り出すと戻せないので残量の確認が出来ない。
以上の理由です。

本家で乾燥が気になったことがない、もっとツヤが欲しいと感じたこともないので、私は★3の評価で落ち着きました。
本家よりも保湿やツヤが欲しい方ならハマると思います。

このシリーズで新色が出ても多分購入しないです。
せめて本家と同じ位の量が入っていれば。。
詳細をみる",https://www.cosme.net/categories/effect/1018/,ツヤ,https://www.cosme.net/categories/effect/1018/,ツヤ,,,,,,,,,,,,,,,,,,,https://www.cosme.net/reviews/514535513/,https://www.cosme.net/reviews/514535513/photo-1/,https://cache-cdn.cosme.net/media/collection/2181/2651/10914713_l.jpg,,,,,現品,https://www.cosme.net/variations/1185728/,G01 明後日の水たまり,https://fitter.cosme.net/media/product/10260/skuimg_1001938.jpg,,,,,,,,,,,,,-,-,-,https://www.cosme.net/contact/report-review/review_id/514535513,27,,,,,,,,,,,,,,,,,,,,,,,25人以上のメンバーにお気に入り登録されています,,,,,,,,,,,
https://my.cosme.net/open_top/show/user_id/6715981,https://cache-cdn.cosme.net/images/user/characters/30/mychara03_xs.gif,https://my.cosme.net/open_top/show/user_id/6715981,mai*27,,38歳,普通肌,https://my.cosme.net/open_entry_reviewlist/list/user_id/6715981,クチコミ投稿190件,190,3購入品,,2024/10/21 17:06:10,"ちゅるんとした仕上がりが可愛いです。

往復塗りすれば色がしっかりでます。

G02はナチュラルなコーラルピンクでブルベでも似合いました。

飲食すると落ちて艶もなくなります。
塗り直しが必要です。

艶感は凄くいいのですが色持ちが良くないので、私は単品使いよりも普通のリップモンスターを先に塗ってからこちらをちょんちょんと唇全体に重ね付けするのが好みでした。

時間が経つと縦ジワが目立ちました。
こちらを使い始めてから唇が荒れ出しました。普通のリップモンスターでは荒れたことはないです。たまたま季節の変わり目で敏感になっていたのかもしれません。
詳細をみる",,,,,,,,,,,,,,,,,,,,,,,https://www.cosme.net/reviews/514251072/,https://www.cosme.net/reviews/514251072/photo-1/,https://cache-cdn.cosme.net/media/collection/1639/2637/10777125_l.jpg,,,,,現品,https://www.cosme.net/variations/1185729/,G02 ピンクムーンの雫,https://fitter.cosme.net/media/product/10260/skuimg_1001941.jpg,,,,,,,,,,,,,,,,https://www.cosme.net/contact/report-review/review_id/514251072,27,500人以上のメンバーにお気に入り登録されています,認証済,https://www.cosme.net/categories/pchannel/2/,https://www.cosme.net/categories/effect/1018/,https://www.cosme.net/categories/effect/1086/,https://www.cosme.net/tags/tag/5078/,スーパー・ドラッグ,,ツヤ,,コストパフォーマンス,,,スリム,,,,,,,,,,,,,,,,,,,,
https://my.cosme.net/open_top/show/user_id/2168438,https://pc.assets-cosme.net/images/user/characters/no_image/noimage_xs.gif,https://my.cosme.net/open_top/show/user_id/2168438,セッサミン,,43歳,乾燥肌,https://my.cosme.net/open_entry_reviewlist/list/user_id/2168438,クチコミ投稿47件,47,4購入品,,,"10月15日に何軒かDS巡りをし、ちょうど陳列中の所でG03 99.9°Cを購入しました。

ツヤバースというだけあってグロスみたいなツヤはさすがです。
テラコッタということで通常リプモン4パンプキンワインのような系統をイメージしていましたが、そんなにテラコッタは感じなく、私にはくすみピンクベージュのような発色でした。
リプモン11を淡く少し明るくつやつやにした感じの方がイメージが近い気がします。

1度塗りではシアーで、色味を感じるには重ね付けが必要です。
色残りに関しては断然通常リプモンの方が良かったです。
思ったより万人受けしそうなカラーで発色もシアーなので、ある程度ベージュ、ブラウン系のお色が好きならこの色を選んで失敗という事はあまりなさそうな気がします。
発色と色残りしっかりを望む方には物足りないかなと思いました。

内容量は1.6gしかなく(通常リプモンは3g)、シアー発色でツヤと色味を出そうとすれば結構な量使うので、あっという間に使い切りそうです。
気に入れば他の色も買おうと思っていましたが、急いで集めるほどでもないのかなというのが今のところの正直な感想です。
詳細をみる",https://www.cosme.net/categories/effect/1018/,ツヤ,https://www.cosme.net/categories/item/913/,グロス,https://www.cosme.net/categories/effect/1018/,ツヤ,https://www.cosme.net/tags/tag/5351/,くすみ,https://www.cosme.net/categories/effect/1018/,ツヤ,,,,,,,,,,,,,https://www.cosme.net/reviews/514234470/,https://www.cosme.net/reviews/514234470/photo-1/,https://cache-cdn.cosme.net/media/collection/529/1654/10766069_l.jpg,,,,,現品,https://www.cosme.net/variations/1185730/,G03 99.9℃,https://fitter.cosme.net/media/product/10260/skuimg_1001944.jpg,,,,,,,,,,,,,-,,,https://www.cosme.net/contact/report-review/review_id/514234470,24,,認証済,https://www.cosme.net/categories/pchannel/2/,https://www.cosme.net/categories/effect/1002/,https://www.cosme.net/categories/effect/1013/,https://www.cosme.net/categories/effect/1018/,スーパー・ドラッグ,,うるおい,,ナチュラルメイク,,,ツヤ,,,,,,,,,,2024/10/16 17:03:40,,,,,,,,,,
https://my.cosme.net/open_top/show/user_id/5071852,https://cache-cdn.cosme.net/media/collection/1238/1004/11014131_xs.jpeg,https://my.cosme.net/open_top/show/user_id/5071852,towako**,,40歳,アトピー,https://my.cosme.net/open_entry_reviewlist/list/user_id/5071852,クチコミ投稿36件,36,6購入品,,2025/2/3 13:11:09,"普段使いするツヤ系リップが欲しくて色々試すも、プチプラはほぼ荒れてしまう私の弱々ズル剥け唇。本家リップモンスターがまったく合わなかったのですが、リップクリーム以外のリップ塗りたいんじゃ！と、ほぼヤケクソで購入。

塗り心地はスルスルととてもなめらか。
でもどうせ荒れる…荒れるんだどうせさ…としばらくドキドキしながら過ごしましたが、日中変な違和感一切なぁし！つけ心地がすんごく良い！

色もかわいくて長持ちでツヤンツヤンで、購入して本当に良かったです（泣）色落ちするけど汚くなく、夜メイクを落とすまで色が残ってました。(ラーメンスープ飲み干した日はさすがに消えた…)
そして、こちらをつけた日は落としたあとも唇がふっくらしてるような気がします。気のせいかな？？

今のところプチプラナンバーワンリップです！
カラバリは増えて欲しいけど、今のままでもいいからお願い無くならないで！(´人`)
詳細をみる",https://www.cosme.net/categories/effect/1018/,ツヤ,https://www.cosme.net/tags/tag/5077/,プチプラ,https://www.cosme.net/categories/item/1031/,リップクリーム,https://www.cosme.net/categories/effect/1018/,ツヤ,https://www.cosme.net/categories/effect/1018/,ツヤ,https://www.cosme.net/tags/tag/5077/,プチプラ,,,,,,,,,,,https://www.cosme.net/reviews/514729578/,https://www.cosme.net/reviews/514729578/photo-1/,https://cache-cdn.cosme.net/media/collection/1238/1004/11014368_l.jpg,,,,,現品,https://www.cosme.net/variations/1185730/,G03 99.9℃,https://fitter.cosme.net/media/product/10260/skuimg_1001944.jpg,,,,,,,,,,,,,-,-,-,https://www.cosme.net/contact/report-review/review_id/514729578,23,,,,,,,,,,,,,,,,,,,,,,,,,,,,,,,,,,
https://my.cosme.net/open_top/show/user_id/8131652,https://cache-cdn.cosme.net/media/collection/1985/1092/11201333_xs.jpeg,https://my.cosme.net/open_top/show/user_id/8131652,ebishijimi,,43歳,混合肌,https://my.cosme.net/open_entry_reviewlist/list/user_id/8131652,クチコミ投稿133件,133,5購入品,,2024/10/15 18:44:53,"新種のとろツヤモンスター。
ツヤバースのバースがどのバースなのかが気になる。

唇に乗せた瞬間からとろけて、みずみずしいツヤのある仕上がり。みんな大好きタンフル質感。
KATEは流行りを掴むのが上手い。

1度塗りだとシアー感のあるナチュラルな発色。
重ね塗りするほどパキッと色が出てくる。
塗って少し経つと色味がやや落ち着く気がする。
3色展開だけど今後カラバリ増えるといいな。

リプモンの課題だった保湿感の物足りなさもクリア。
唇の縦皺が気になる大人世代にもありがたい。

パケは細長でスタイリッシュ。繰り出し式で出し過ぎると戻らないので注意。

ツヤに全振りしてるので、ジェル膜をうたっていてもさすがに飲食すると普通に色もツヤも落ちてる。
でも飲食まではずっとツヤッツヤのまま。
とにかく落ちないのがいい人にはおすすめしません。


以下は色の所感です。（PC:ウォームスプリング）

G02 ピンクムーンの雫
公式ではドロップピンク。
リプモン02と比較するとやや黄み寄りでコーラル感あり。イエベ春はとりあえずこれ。

G03 99.9℃
公式ではテラコッタブラウン。
リプモンで一番似てるのは11な気がするけど、あっちよりはナチュラルで使いやすい印象。
全べ優勝ブラウンでは…？
詳細をみる",https://www.cosme.net/categories/effect/1018/,ツヤ,https://www.cosme.net/categories/effect/1018/,ツヤ,https://www.cosme.net/categories/effect/1018/,ツヤ,https://www.cosme.net/categories/effect/1018/,ツヤ,https://www.cosme.net/categories/effect/1018/,ツヤ,https://www.cosme.net/categories/effect/1018/,ツヤ,https://www.cosme.net/categories/effect/1018/,ツヤ,,,,,,,,,https://www.cosme.net/reviews/514231312/,https://www.cosme.net/reviews/514231312/photo-1/,https://cache-cdn.cosme.net/media/collection/1985/1092/10764464_l.jpg,https://www.cosme.net/reviews/514231312/photo-2/,https://cache-cdn.cosme.net/media/collection/1985/1092/10768847_l.jpg,https://www.cosme.net/reviews/514231312/photo-3/,https://cache-cdn.cosme.net/media/collection/1985/1092/10768848_l.jpg,現品,https://www.cosme.net/variations/1185729/,G02 ピンクムーンの雫,https://fitter.cosme.net/media/product/10260/skuimg_1001941.jpg,https://www.cosme.net/variations/1185730/,G03 99.9℃,https://fitter.cosme.net/media/product/10260/skuimg_1001944.jpg,,,,,,,,,,-,,,https://www.cosme.net/contact/report-review/review_id/514231312,23,,認証済,https://www.cosme.net/categories/effect/1002/,https://www.cosme.net/categories/effect/1018/,https://www.cosme.net/categories/effect/1028/,https://www.cosme.net/categories/effect/1021/,うるおい,https://www.cosme.net/tags/tag/7375/,ツヤ,,フィット感,,,発色がよい,,イエベ春,,,,,,,,,50人以上のメンバーにお気に入り登録されています,,,,,,,,,
https://my.cosme.net/open_top/show/user_id/1201935,https://cache-cdn.cosme.net/media/collection/293/1807/9468328_xs.jpeg,https://my.cosme.net/open_top/show/user_id/1201935,にゃんちゅ-(・ω・),,35歳,脂性肌,https://my.cosme.net/open_entry_reviewlist/list/user_id/1201935,クチコミ投稿277件,277,6購入品,,2025/4/28 20:47:19,"リプモンはやっぱりいいよね！
05は肌なじみがよく、明るすぎず暗すぎずなベージュレッド
ふかみもありつつ可愛げもある、絶妙なカラーです。

名前のとおりつやつやプルンだしリプモンの最大の強み、
色残りも、艶が消えても色味は消えず残ってくれるので
顔色悪くならないし、ちゃんと元の色が残るというか蛍光残りしたり
ピンクに転んだりしないのも良い！！

艶の分かなり柔らかく溶けやすそうなので夏場の持ち運びにだけ中尉が必要そうな気がするけどマジですごくいいです。
詳細をみる",,,,,,,,,,,,,,,,,,,,,,,https://www.cosme.net/reviews/515114760/,https://www.cosme.net/reviews/515114760/photo-1/,https://cache-cdn.cosme.net/media/collection/293/1807/11238329_l.jpg,,,,,現品,https://www.cosme.net/variations/1201785/,G04　スパイダー リリー調香師,https://fitter.cosme.net/media/product/10260/skuimg_1024220.jpg,,,,,,,,,,,,,-,-,,https://www.cosme.net/contact/report-review/review_id/515114760,20,,認証済,https://www.cosme.net/categories/pchannel/2/,,,,スーパー・ドラッグ,,,,,100人以上のメンバーにお気に入り登録されています,,,,,,,,,,,,,,,,,,,,,,
https://my.cosme.net/open_top/show/user_id/10858176,https://cache-cdn.cosme.net/images/user/characters/30/mychara01_xs.gif,https://my.cosme.net/open_top/show/user_id/10858176,ききららふわり,,38歳,混合肌,https://my.cosme.net/open_entry_reviewlist/list/user_id/10858176,クチコミ投稿97件,97,6購入品,,2025/5/25 13:47:39,"リップモンスターツヤバースの新色です。

04スパイダーリリー調香師は人気色のようで、1店舗目は売り切れ、2店舗目のドラッグストアでラス1でした！

ツヤバースという名の通り、するするとろけるテクスチャーで、塗った瞬間からうるツヤの唇になれます。

通常のリップモンスターは唇が荒れてしまいましたが、比較するとこちらは乾燥しにくかったです。
落ちにくさでいうと、リップモンスターの方が勝ります。
ツヤバースは飲食すると発色が薄くなったと感じました。

細身で塗りやすく、レッドベージュのような色味が可愛いかったので、出番が多くなりそうです。

リップモンスターとは全然別物に思えたので、気になっていた方は手にとってみても良いと思います♪
詳細をみる",https://www.cosme.net/categories/effect/1018/,ツヤ,https://www.cosme.net/categories/pchannel/2/,ドラッグストア,https://www.cosme.net/categories/effect/1018/,ツヤ,https://www.cosme.net/categories/effect/1018/,ツヤ,https://www.cosme.net/categories/effect/1018/,ツヤ,,,,,,,,,,,,,https://www.cosme.net/reviews/515211365/,,,,,,,現品,,,,,,,,,,,,,,,,-,-,-,https://www.cosme.net/contact/report-review/review_id/515211365,18,,,,,,,,,,,,100人以上のメンバーにお気に入り登録されています,,,,,,,,,,,,,,,,,,,,,,
https://my.cosme.net/open_top/show/user_id/7277848,https://cache-cdn.cosme.net/media/collection/1776/3352/8043750_xs.jpeg,https://my.cosme.net/open_top/show/user_id/7277848,x1flash,,45歳,乾燥肌,https://my.cosme.net/open_entry_reviewlist/list/user_id/7277848,クチコミ投稿34件,34,7購入品,,2025/5/12 22:00:09,"全然眼中になかった人に突然ハートを奪われて恋に落ちた...そんな経験ある？このリップと私はまさにそんな出会いをしてしまった。
そもそも別の商品を探していたんだよね、同じKATEのアイカラーなんだけど。それがどうやら私に無断で廃盤になっていたらしくがっかりしていたところ、このリップのテスターがいて。あ、たまにSNSで流れてくるよね！って思って白い手の甲に塗ってみた。ん？スルスルーッと滑る感覚。ほんのり青みがかった絶妙な赤、そして！エナメルのようなツヤ！えっ、あなた好き！これが恋に落ちた瞬間だった。

前置き長くなったけど、色味と発色とツヤのフルコンボで、これはもう冗談抜きで唇だけで狙った男落とせそうな勢いよwwwブルベ冬の人には特にオススメ。いや、やっぱりオススメしない。みんながモテちゃうと困るから！セクシー独り占め。
あ、クチコミ読んでいてたまにティッシュオフする人いるみたいだけどあれ邪道だからね。

機能面ではスリムで輪郭も取りやすい。リップブラシいらず。心配なのは真夏！だってめっちゃやわらかいからポーチの中でMelty Kissになりそうな予感...。
しかしこのネーミング、明後日の水たまり？うっかり足を突っこんでどっぶりハマってしまったまさに私か？www 今度推しに会う時はこのリップ一択！あぁ、推しに会いたい...!

フォローしてくださった方は基本気づき次第フォロバしてるので、クチコミ頻度は多くないけどよかったら..!
詳細をみる",https://www.cosme.net/categories/effect/1018/,ツヤ,https://www.cosme.net/categories/effect/1018/,ツヤ,https://www.cosme.net/categories/item/1154/,ティッシュ,https://www.cosme.net/tags/tag/7500/,リップブラシ,,,,,,,,,,,,,,,https://www.cosme.net/reviews/515172535/,https://www.cosme.net/reviews/515172535/photo-1/,https://cache-cdn.cosme.net/media/collection/1776/3352/11266628_l.jpg,https://www.cosme.net/reviews/515172535/photo-2/,https://cache-cdn.cosme.net/media/collection/1776/3352/11266629_l.jpg,,,現品,https://www.cosme.net/variations/1185728/,G01 明後日の水たまり,https://fitter.cosme.net/media/product/10260/skuimg_1001938.jpg,,,,,,,,,,,,,-,,,https://www.cosme.net/contact/report-review/review_id/515172535,18,,認証済,https://www.cosme.net/categories/pchannel/3/,https://www.cosme.net/categories/effect/1002/,https://www.cosme.net/categories/effect/1018/,https://www.cosme.net/categories/effect/1020/,バラエティショップ,https://www.cosme.net/categories/effect/1021/,うるおい,,ツヤ,,,持ちがよい・落ちにくい,,発色がよい,,,,,,,25人以上のメンバーにお気に入り登録されています,,,,,,,,,,,
https://my.cosme.net/open_top/show/user_id/6339334,https://cache-cdn.cosme.net/images/user/characters/30/mychara01_xs.gif,https://my.cosme.net/open_top/show/user_id/6339334,♪くーまん♪,,38歳,乾燥肌,https://my.cosme.net/open_entry_reviewlist/list/user_id/6339334,クチコミ投稿13件,13,4購入品,,2025/4/24 10:49:52,"リップモンスター大好き民ですが、マットな質感が好みの為ツヤバースは初めての購入です。
新色2色で迷ったので両方購入してみました。
画像下が04スパイダーリリー調香師、上が05ピンクロビンの泉です。

まず全体的な使用感としてはやはり艶感が凄く出ます。　
ツヤツヤ系のリップにありがちな飲食すると全落ち！という事もありません。
ただ、つけてすぐにティッシュオフすると全て持っていかれるので少し時間を置いてからオフがおすすめです。
持ちについては普通のリップモンスターの方が上ですが、個人的にはリップモンスターを塗った上にこのツヤバースを重ねるのが1番しっくりきました。

それぞれの色味について↓　　

04スパイダーリリー調香師　

カラーチャートにもある通り割とニュートラルな色味で誰にでも使いやすいかと思います。
私はブルベ夏ですが主張し過ぎずナチュラルに馴染む色味で可愛いです。

05ピンクロビンの泉
　　　
こちらは04とは対象的に単体で使うには似合う人を選ぶカラーかなと感じました。　
ブルベ冬で青みと明るさが得意！な方にはドンピシャだと思います。
私は青みは得意ですが明るさが苦手、くすみが似合うタイプなので単体だと少し浮いてしまいました。　
ただ、手持ちのリップにこちらを重ね塗りすると自然に青みと艶を足してくれるので割と重宝しそうです。
詳細をみる",https://www.cosme.net/categories/effect/1017/,マット,https://www.cosme.net/categories/effect/1018/,ツヤ,https://www.cosme.net/categories/effect/1018/,ツヤ,https://www.cosme.net/categories/effect/1018/,ツヤ,https://www.cosme.net/categories/item/1154/,ティッシュ,https://www.cosme.net/categories/effect/1018/,ツヤ,https://www.cosme.net/tags/tag/5351/,くすみ,,,,,,,,,https://www.cosme.net/reviews/515098228/,https://www.cosme.net/reviews/515098228/photo-1/,https://cache-cdn.cosme.net/media/collection/1547/2822/11227289_l.jpg,https://www.cosme.net/reviews/515098228/photo-2/,https://cache-cdn.cosme.net/media/collection/1547/2822/11227290_l.jpg,,,現品,https://www.cosme.net/variations/1201785/,G04　スパイダー リリー調香師,https://fitter.cosme.net/media/product/10260/skuimg_1024220.jpg,https://www.cosme.net/variations/1201786/,G05　ピンク ロビンの泉,https://fitter.cosme.net/media/product/10260/skuimg_1024222.jpg,,,,,,,,,,-,,,https://www.cosme.net/contact/report-review/review_id/515098228,18,,,https://www.cosme.net/categories/pchannel/2/,https://www.cosme.net/categories/effect/1002/,https://www.cosme.net/categories/effect/1018/,https://www.cosme.net/categories/effect/1020/,スーパー・ドラッグ,https://www.cosme.net/categories/effect/1021/,うるおい,,ツヤ,,,持ちがよい・落ちにくい,,発色がよい,,,,,,,,,,,,,,,,,,
https://my.cosme.net/open_top/show/user_id/9855827,https://cache-cdn.cosme.net/media/collection/2406/851/10208575_xs.jpeg,https://my.cosme.net/open_top/show/user_id/9855827,VIPER_GTS_ACR,,25歳,普通肌,https://my.cosme.net/open_entry_reviewlist/list/user_id/9855827,クチコミ投稿36件,36,2購入品,,2024/11/26 0:42:59,"たまたま立ち寄ったドンキホーテでうるおいの持続を売りにしていることに惹かれ購入しました
写真は1枚目フラッシュ有、2枚目蛍光灯です
色味はノーマルのリップモンスターよりもクリアな色づきで、柔らかくとろけるような塗り心地、そして丁度いいツヤ感、おっ！これはいいかも！と思いました
時間が経つと色は結構残ってるのですが、やはりノーマルのリップモンスターと同じく唇が皮剥けしてきてガサガサになってしまいました
うるおいが持続することを期待して買うのはお勧めできないです
今後は下地にDiorのリップオイルをガッチリ塗ってから使おうと思います（となると色持ちもあまり期待できなくなります…）
追記：リップオイルを下地に使うと色持ちは皆無で1~2時間ほどで色味がなくなり、ガサガサ感が少しマシになった程度でした…リピは絶対にありません
詳細をみる",https://www.cosme.net/categories/effect/1002/,うるおい,https://www.cosme.net/categories/effect/1018/,ツヤ,https://www.cosme.net/categories/effect/1002/,うるおい,,,,,,,,,,,,,,,,,https://www.cosme.net/reviews/514238330/,https://www.cosme.net/reviews/514238330/photo-1/,https://cache-cdn.cosme.net/media/collection/2406/851/10863733_l.jpg,https://www.cosme.net/reviews/514238330/photo-2/,https://cache-cdn.cosme.net/media/collection/2406/851/10863734_l.jpg,,,現品,https://www.cosme.net/variations/1185729/,G02 ピンクムーンの雫,https://fitter.cosme.net/media/product/10260/skuimg_1001941.jpg,,,,,,,,,,,,,-,,,https://www.cosme.net/contact/report-review/review_id/514238330,18,,,https://www.cosme.net/categories/pchannel/3/,https://www.cosme.net/categories/effect/1018/,https://www.cosme.net/categories/effect/1020/,,バラエティショップ,,ツヤ,,持ちがよい・落ちにくい,,,,,,,,,,,,,,,,,,,,,,,
https://my.cosme.net/open_top/show/user_id/2003053,https://pc.assets-cosme.net/images/user/characters/no_image/noimage_xs.gif,https://my.cosme.net/open_top/show/user_id/2003053,アマレーラ,10人以上のメンバーにお気に入り登録されています,45歳,普通肌,https://my.cosme.net/open_entry_reviewlist/list/user_id/2003053,クチコミ投稿195件,195,5購入品,,2025/9/27 1:00:43,"イエベ春（ブライトスプリング）セカンド夏。この色味、最高だった！定番のリプモンはブライトスプリングにはコレじゃなきゃ。っていう色が無かったけど落ちにくいから使ってた。でも、この色味は めちゃくちゃ良い！ポンポン塗りなら かなりナチュラルに血色感出せて どんなメイクでも合うし、しっかり塗れば華やかにもなるし、もちろん落ちにくい。本当に助かってる。買って良かった
詳細をみる",https://www.cosme.net/categories/effect/1020/,落ちにくい,https://www.cosme.net/categories/effect/1020/,落ちにくい,,,,,,,,,,,,,,,,,,,https://www.cosme.net/reviews/515815105/,,,,,,,現品,https://www.cosme.net/variations/1185729/,G02 ピンクムーンの雫,https://fitter.cosme.net/media/product/10260/skuimg_1001941.jpg,,,,,,,,,,,,,-,-,,https://www.cosme.net/contact/report-review/review_id/515815105,17,,認証済,https://www.cosme.net/categories/effect/1013/,https://www.cosme.net/categories/effect/1018/,https://www.cosme.net/categories/effect/1030/,https://www.cosme.net/categories/effect/1028/,ナチュラルメイク,https://www.cosme.net/categories/effect/1020/,ツヤ,https://www.cosme.net/categories/effect/1021/,肌の透明感・薄づき,,,フィット感,,持ちがよい・落ちにくい,,発色がよい,,,,,,,,,,,,,,,,
https://my.cosme.net/open_top/show/user_id/2638591,https://cache-cdn.cosme.net/images/user/characters/30/mychara15_xs.gif,https://my.cosme.net/open_top/show/user_id/2638591,♪ちゃび♪,,39歳,乾燥肌,https://my.cosme.net/open_entry_reviewlist/list/user_id/2638591,クチコミ投稿3802件,3802,6購入品,,2025/8/29 16:52:23,"【追記】

☆☆☆2025.08.29☆☆☆

限定カラー EX-1・哀愁の亡霊

かなり深いカラーなのでさっと軽く塗るくらいが個人的にはちょうどよいかも。
魔女っぽさが確かにあります。

ブラウンではありながら、ローズっぽさ、パープルっぽさもある何とも表現が難しい色味。

ツヤバースはその名のとおり、ツヤが綺麗に出てくれるので一本で決まります。


☆☆☆2025.04.21☆☆☆

新色　G04・スパイダーリリー調香師
（すごいネーミング！笑）
見たときに、これは！と思って購入。
既存の3色よりも、より馴染みながらも発色はしてくれるようなピンクブラウンレッドみたいなカラーです、とても好きです。

G01はより赤くて、G02はより明るく可愛いコーラルピンク、G03は大人っぽいオレンジブラウンなので、G04はどれとも被らず、似ているカラーがないです。

リップモンスターと名前が付くものにはハズレがなくて、通常のリップモンスターもツヤバースもクリアトーンも、どれもそれぞれに好きですが、ツヤバースは名前の通りこの3種の中でも最も艶やかで高発色だと思います(^^)
色持ちも通常のリップモンスターの尋常じゃないくらいの色持ちには劣る感じはありますが、このツヤ感の割には色が長く続いてくれます。


☆☆☆2024.10.21☆☆☆

リップモンスター　ツヤバース
発売を知ったときから楽しみにしていました。

リップモンスターが発売当時から大好きで、限定含めて沢山集めているし、実際なんだかんだで1番よく使っているリップなので、リップモンスターと名前の付くものなら、いつも期待してしまいます。

通常のリップモンスターもツヤのあるリップなので、さらにツヤ感が増して、その上落ちにくいというのは凄いなぁとわくわくしていました。

今のところ3色ですが、カラバリもどんどん増えそうで期待はさらに膨らみます(^^)

実際塗ると、たしかにリップモンスターよりもさらにつやつや！
でもグロスを塗った後のようなベタベタ感はないので、使いやすいです。

そして通常のリップモンスターでも乾燥した事はないですが、ツヤバースのほうがさらにぷるっと保湿された感覚が高まりました。

色持ちに関しては、さすがリップモンスターと名乗るだけありますね。このツヤでこの色持ちは凄いと思います。
ただ、いつものリップモンスターの方が色持ちは高いかも。

注意なのは、繰り出し式で出した後に戻らないタイプであること。そして、リップ自体がとても柔らかいので出しすぎると汚くもなるため出し過ぎ注意です！

色々気にせずにグリグリと塗りやすいのは通常のリップモンスターかも。
詳細をみる",https://www.cosme.net/categories/effect/1018/,ツヤ,https://www.cosme.net/categories/effect/1018/,ツヤ,https://www.cosme.net/categories/effect/1018/,ツヤ,https://www.cosme.net/categories/effect/1018/,ツヤ,https://www.cosme.net/categories/effect/1018/,ツヤ,https://www.cosme.net/categories/effect/1018/,ツヤ,https://www.cosme.net/categories/effect/1018/,ツヤ,https://www.cosme.net/categories/effect/1018/,ツヤ,https://www.cosme.net/categories/effect/1020/,落ちにくい,https://www.cosme.net/categories/item/913/,グロス,https://www.cosme.net/categories/effect/1018/,ツヤ,https://www.cosme.net/reviews/514253194/,https://www.cosme.net/reviews/514253194/photo-1/,https://cache-cdn.cosme.net/media/collection/644/767/10776729_l.jpg,https://www.cosme.net/reviews/514253194/photo-2/,https://cache-cdn.cosme.net/media/collection/644/767/11219822_l.jpg,https://www.cosme.net/reviews/514253194/photo-3/,https://cache-cdn.cosme.net/media/collection/644/767/11520264_l.jpg,現品,https://www.cosme.net/variations/1218653/,EX-1 哀愁の亡霊,https://fitter.cosme.net/media/product/10260/skuimg_1056320.jpg,https://www.cosme.net/variations/1201785/,G04　スパイダー リリー調香師,https://fitter.cosme.net/media/product/10260/skuimg_1024220.jpg,https://www.cosme.net/variations/1185728/,G01 明後日の水たまり,https://fitter.cosme.net/media/product/10260/skuimg_1001938.jpg,https://www.cosme.net/variations/1185729/,G02 ピンクムーンの雫,https://fitter.cosme.net/media/product/10260/skuimg_1001941.jpg,https://www.cosme.net/variations/1185730/,G03 99.9℃,https://fitter.cosme.net/media/product/10260/skuimg_1001944.jpg,,,,https://www.cosme.net/contact/report-review/review_id/514253194,17,500人以上のメンバーにお気に入り登録されています,認証済,https://www.cosme.net/categories/pchannel/2/,https://www.cosme.net/categories/effect/1002/,https://www.cosme.net/categories/effect/1013/,https://www.cosme.net/categories/effect/1018/,スーパー・ドラッグ,https://www.cosme.net/categories/effect/1030/,うるおい,https://www.cosme.net/categories/effect/1064/,ナチュラルメイク,,https://www.cosme.net/categories/effect/1028/,ツヤ,https://www.cosme.net/categories/effect/1020/,肌の透明感・薄づき,https://www.cosme.net/categories/effect/1021/,立体感,https://www.cosme.net/categories/effect/1018/,ツヤ,,,,,,https://www.cosme.net/categories/effect/1086/,https://www.cosme.net/tags/tag/619229/,ツヤバース,https://www.cosme.net/tags/tag/5078/,スリム,https://www.cosme.net/tags/tag/5032/,保湿,縦ジワカバー,
https://my.cosme.net/open_top/show/user_id/4717761,https://cache-cdn.cosme.net/media/collection/1151/3265/10244783_xs.jpeg,https://my.cosme.net/open_top/show/user_id/4717761,momokamoonlignt,10人以上のメンバーにお気に入り登録されています,29歳,混合肌,https://my.cosme.net/open_entry_reviewlist/list/user_id/4717761,クチコミ投稿121件,121,6購入品,,2024/10/30 12:59:41,"とろける系のリップは色持ち0で質感を楽しむものだと思っていましたが、さすがリップモンスター！少し色持ちします。

リップスティックのものより色持ちはしませんが、ツヤとともに発色が落ちてからは維持される印象です。

塗りたてを10としてすぐに5くらいになるけど、5がずっと続く感じ。飲食してもそのくらいでした。
詳細をみる",https://www.cosme.net/categories/effect/1018/,ツヤ,,,,,,,,,,,,,,,,,,,,,https://www.cosme.net/reviews/514288417/,https://www.cosme.net/reviews/514288417/photo-1/,https://cache-cdn.cosme.net/media/collection/1151/3265/10799454_l.jpg,,,,,現品,https://www.cosme.net/variations/1185729/,G02 ピンクムーンの雫,https://fitter.cosme.net/media/product/10260/skuimg_1001941.jpg,,,,,,,,,,,,,-,-,-,https://www.cosme.net/contact/report-review/review_id/514288417,17,,認証済,,,,,,,,,,,,,,,,,,,,,,,,,,,,,,,,
https://my.cosme.net/open_top/show/user_id/6026172,https://pc.assets-cosme.net/images/user/characters/no_image/noimage_xs.gif,https://my.cosme.net/open_top/show/user_id/6026172,ひとみみひろ,,39歳,混合肌,https://my.cosme.net/open_entry_reviewlist/list/user_id/6026172,クチコミ投稿134件,134,5購入品,,2024/10/20 16:54:27,"ジャータイプの容器に入ってる系の柔らかいリップバームを無理矢理スティックタイプにしましたって感じで、想像をはるかに上回る柔らかさです。

一回だけクルッと繰り出した最低量でも、直塗りするとグシャっと潰れて厚く付いてムラになってしまう。
直塗りではそーっと塗っても濃くムラになるので、唇に塗った後に指かブラシでならさないといけない。
鏡を見ても難しいので、ノールックで塗るのは不可能レベルです。
最初からブラシか指にとって塗った方が早いです。

ブラシや指で塗ればムラにはなりませんが、通常リプモンより顔料の粉っぽさを感じます。透け感も通常リプモンよりなくて、色がはっきりのります。

塗りたてはうるうる艶々ですが、時間経過とともにツヤはなくなってきます。
ツヤタイプのリップは飲食やマスクで無になることが多いけど、こちらのリップは色が結構残ります。

飲食するとツヤは消えてしまうんですが、同じ色のマットリップを塗った後みたいに色が残っていて、ムラにならず均一にキレイに残ってるのがすごい。
マスクにもベッタリ付くけど、同じくうっすらマットリップをキレイに塗った後みたいに色が残ってます。
色が落ちてきた時に、通常リプモンは不思議な色に変色するカラーが多いですが、ツヤバースはマット化したそのままの色を保っています。

色は3色とも可愛い！
01は青みを感じるレッド
02はくすみのないピンク
03は暗いブラウン系と思いきや、ベージュピンクでめちゃくちゃ可愛い！03が一番人気なさそうだったけど、ダントツで使いやすい無難な色です。

繰り出したら元に戻せないので長さが未知だけど、一回最低量を繰り出すと1ミリ以上出てきて、一回塗るとその分は丸ごと消費する感じです。
おそらくあっという間になくなる予感です。
詳細をみる",https://www.cosme.net/categories/item/1067/,バーム,https://www.cosme.net/categories/effect/1018/,ツヤ,https://www.cosme.net/categories/effect/1018/,ツヤ,https://www.cosme.net/categories/effect/1018/,ツヤ,https://www.cosme.net/categories/effect/1017/,マット,https://www.cosme.net/categories/effect/1017/,マット,https://www.cosme.net/categories/effect/1018/,ツヤ,https://www.cosme.net/categories/effect/1017/,マット,https://www.cosme.net/tags/tag/5351/,くすみ,,,,,https://www.cosme.net/reviews/514250006/,https://www.cosme.net/reviews/514250006/photo-1/,https://cache-cdn.cosme.net/media/collection/1471/956/10774593_l.jpg,,,,,現品,https://www.cosme.net/variations/1185728/,G01 明後日の水たまり,https://fitter.cosme.net/media/product/10260/skuimg_1001938.jpg,https://www.cosme.net/variations/1185729/,G02 ピンクムーンの雫,https://fitter.cosme.net/media/product/10260/skuimg_1001941.jpg,https://www.cosme.net/variations/1185730/,G03 99.9℃,https://fitter.cosme.net/media/product/10260/skuimg_1001944.jpg,,,,,,,-,,,https://www.cosme.net/contact/report-review/review_id/514250006,16,,,https://www.cosme.net/categories/effect/1002/,https://www.cosme.net/categories/effect/1018/,https://www.cosme.net/categories/effect/1020/,https://www.cosme.net/tags/tag/619048/,うるおい,https://www.cosme.net/tags/tag/619050/,ツヤ,https://www.cosme.net/tags/tag/619051/,持ちがよい・落ちにくい,100人以上のメンバーにお気に入り登録されています,,色が可愛い！,,柔らかすぎて直塗り困難,,ツヤは消えるけど飲食やマスクに強め,,,,,,,,,,,,,,,,
https://my.cosme.net/open_top/show/user_id/66614,https://cache-cdn.cosme.net/media/collection/16/1078/251174_xs.jpg,https://my.cosme.net/open_top/show/user_id/66614,サーモンピンク,,51歳,敏感肌,https://my.cosme.net/open_entry_reviewlist/list/user_id/66614,クチコミ投稿1445件,1445,5購入品,,,"今日他のものを買いにドラッグストアに行ったら、もうこちらが販売していて欲しいと思っていたので購入しました。G02です。

*G02 ピンクムーンの雫*

パケはブラックの細い円柱タイプで繰り出し式です。
出したら戻らないので、少しずつ出して使う感じです。
とろけるようなやわらかなリップ。
サーモンピンクっぽい色で、通常のリプモンより発色は控えめでツヤ感が結構あります。
白みピンクにオレンジっぽさを足したような感じ。
可愛く若々しい印象。リプモンの中で1番かわいい色なのではないかと思います。
ナチュラルメイクによさそう。
色味的にイエベ春さんが似合いそう。私はたぶんブルべ夏ですが、春色もわりと似合うタイプだからかしっくりきました。
あと唇がふっくらしてみえます。
潤い感があるので、これからの季節に良さそう。
ツヤは時間が経つと控えめになっていきます。
モチは食事をすると残ってはいるものの、通常リプモンよりは劣ります。
2番目の写真は通常リプモンで似た色と比較してみました。
1番上が02ピンクバナナ、2番目が15綿雲33000ft、1番下がこちらのG02になります。
スウォッチではピンクバナナに近い色ですが、実際に塗るとそんなに似ていないです。
先にも書きましたがサーモンピンクっぽい色で、15の発色を弱くしてピンクを強めにしたような色です。わかりづらいですが、同じ色を持っている方の参考になれば…
1枚目の写真が実際につけた色の印象に近いです。

私は色味・ツヤ・潤い感が気に入りました。
まだ1日しか使っていないので、また気になることがあったら追記したいと思います。
こちらはツヤ感や潤いを重視したい方、この色は可愛い色がお好きな方にオススメです☆
詳細をみる",https://www.cosme.net/categories/pchannel/2/,ドラッグストア,https://www.cosme.net/categories/effect/1018/,ツヤ,https://www.cosme.net/categories/effect/1013/,ナチュラルメイク,https://www.cosme.net/categories/effect/1018/,ツヤ,https://www.cosme.net/categories/effect/1018/,ツヤ,https://www.cosme.net/categories/effect/1018/,ツヤ,,,,,,,,,,,https://www.cosme.net/reviews/514235984/,https://www.cosme.net/reviews/514235984/photo-1/,https://cache-cdn.cosme.net/media/collection/16/1078/10766684_l.jpg,https://www.cosme.net/reviews/514235984/photo-2/,https://cache-cdn.cosme.net/media/collection/16/1078/10766685_l.jpg,,,現品,https://www.cosme.net/variations/1185729/,G02 ピンクムーンの雫,https://fitter.cosme.net/media/product/10260/skuimg_1001941.jpg,,,,,,,,,,,,,-,,,https://www.cosme.net/contact/report-review/review_id/514235984,16,500人以上のメンバーにお気に入り登録されています,認証済,https://www.cosme.net/categories/pchannel/2/,https://www.cosme.net/categories/effect/1018/,https://www.cosme.net/categories/effect/1086/,,スーパー・ドラッグ,,ツヤ,,コストパフォーマンス,,,,,,,,,,,,,2024/10/16 20:52:48,,,,,,,,,,
https://my.cosme.net/open_top/show/user_id/5978644,https://pc.assets-cosme.net/images/user/characters/no_image/noimage_xs.gif,https://my.cosme.net/open_top/show/user_id/5978644,i123,10人以上のメンバーにお気に入り登録されています,40歳,アトピー,https://my.cosme.net/open_entry_reviewlist/list/user_id/5978644,クチコミ投稿59件,59,7購入品リピート,リピート,2025/9/12 10:59:01,"~~~~~~~EX-1購入時追記~~~~~~~
元々ハロウィンが大好きという理由で購入（笑）
もう、本当にハロウィンのコスプレで魔女メイクをする為にあるような色です。

色味はブラックに少しだけパープルを足したようなかなり濃い色です。ほぼ黒です。
ティッシュに付けてみるとパープルもよく見えてプラム色に見えますが、実際に付けるとほぼ黒です。でも、それが可愛い！！

アイメイクはやっぱりラメがキラキラなものが合います。日常使いするならアイメイクをスモーキーなものにして強めメイクに落とし込むのがお勧めです。

今年はハロウィンイベントに行く予定は無かったのですが、これを付けたことでディズニーリゾート（ハロウィンイベント時期中）に行くことがほぼ決定しました。ちなみに住んでるのは北陸です（笑）

~~~~~~~G04購入時記入~~~~~~~

2025年前半のベスコスを受賞していたので気になって購入。

ツヤバース購入は初めてでしたが、これはすごいです！！新しい質感です。リップとグロスの中間かつ両方の良いとこ取りみたいな感じで、そしてかなり膜厚でプルプルです。

購入品のG04番の色味も最高でした。黄みよりのベージュレッドって感じで、派手過ぎず使いやすいです。

これでこの値段は凄過ぎます。本当に買って良かったです。迷ってる人は、とりあえず買って損なしだと思います！
詳細をみる",https://www.cosme.net/categories/item/1154/,ティッシュ,https://www.cosme.net/categories/effect/1018/,ツヤ,https://www.cosme.net/categories/item/913/,グロス,,,,,,,,,,,,,,,,,https://www.cosme.net/reviews/515262807/,https://www.cosme.net/reviews/515262807/photo-1/,https://cache-cdn.cosme.net/media/collection/1459/2580/11319663_l.jpg,https://www.cosme.net/reviews/515262807/photo-2/,https://cache-cdn.cosme.net/media/collection/1459/2580/11558868_l.jpg,,,現品,https://www.cosme.net/variations/1218653/,EX-1 哀愁の亡霊,https://fitter.cosme.net/media/product/10260/skuimg_1056320.jpg,https://www.cosme.net/variations/1201785/,G04　スパイダー リリー調香師,https://fitter.cosme.net/media/product/10260/skuimg_1024220.jpg,,,,,,,,,,,,,https://www.cosme.net/contact/report-review/review_id/515262807,14,,認証済,https://www.cosme.net/categories/pchannel/1/,https://www.cosme.net/categories/effect/1002/,https://www.cosme.net/categories/effect/1013/,https://www.cosme.net/categories/effect/1018/,デパート,https://www.cosme.net/categories/effect/1064/,うるおい,https://www.cosme.net/categories/effect/1086/,ナチュラルメイク,,https://www.cosme.net/tags/tag/18347/,ツヤ,,立体感,,コストパフォーマンス,,,,,,,,,,ベスコス,,,,,,
https://my.cosme.net/open_top/show/user_id/3058039,https://pc.assets-cosme.net/images/user/characters/no_image/noimage_xs.gif,https://my.cosme.net/open_top/show/user_id/3058039,yusaharu,10人以上のメンバーにお気に入り登録されています,49歳,混合肌,https://my.cosme.net/open_entry_reviewlist/list/user_id/3058039,クチコミ投稿84件,84,2購入品,,2024/11/1 19:53:37,"リップモンスターがお気に入りで新色や限定色が出ると、つい購入してしまいます。
こちらは見た目より薄付き（くっきり濃い色にはならない）ではあるものの、先日限定で出たリップモンスターのクリアカラーより発色は良いです。

普通のリップスティックよりかなり柔らかい塗りこごちです。(季節が夏ならドロドロになりそう…)なので繰り出して使う毎に拭っています。
正直、期待していたほど潤いもなく、色モチは良くないです。

カラバリは、可愛くて満足だったのですが、季節の変わり目のせいか？軽く塗布した翌日に唇の皮がモロモロになってしまい、ガッカリ。。。

既存品のリップモンスターのシリーズでは荒れなかったのに。

若い方向けなのかな？
発売日に楽しみにしていたので、とても残念…ごめんなさい。
リピはなしです。
詳細をみる",,,,,,,,,,,,,,,,,,,,,,,https://www.cosme.net/reviews/514262429/,https://www.cosme.net/reviews/514262429/photo-1/,https://cache-cdn.cosme.net/media/collection/746/2423/10782619_l.jpg,,,,,現品,https://www.cosme.net/variations/1185728/,G01 明後日の水たまり,https://fitter.cosme.net/media/product/10260/skuimg_1001938.jpg,https://www.cosme.net/variations/1185729/,G02 ピンクムーンの雫,https://fitter.cosme.net/media/product/10260/skuimg_1001941.jpg,,,,,,,,,,-,-,,https://www.cosme.net/contact/report-review/review_id/514262429,14,,認証済,https://www.cosme.net/categories/effect/1018/,https://www.cosme.net/categories/effect/1030/,,,ツヤ,,肌の透明感・薄づき,,,,,,,,,,,,,,,,,,,,,,,,,
https://my.cosme.net/open_top/show/user_id/577409,https://cache-cdn.cosme.net/images/user/characters/30/mychara16_xs.gif,https://my.cosme.net/open_top/show/user_id/577409,アメショー夫人,,50歳,乾燥肌,https://my.cosme.net/open_entry_reviewlist/list/user_id/577409,クチコミ投稿619件,619,2購入品,,2024/10/28 17:47:58,"GO1明後日の水たまり購入

楽しみにしていましたが、落ちる！
1、2時間したら飲食してないのにかなり薄くなっています。
艶も無し。

これなら通常のリップモンスターにグロス塗った方がいいと思いました。

ムラになりやすいので濃い目に付けちゃうし、ティッシュで濃いとこちょんちょんと押さえたら取れるし艶も無くなるし。

下に薄めのリップモンスターを塗って重ねることにします。

今のところちょっと扱い難しいです。

追記

取れかかってるとこに重ね塗りすると、まあまあ残りました。
落ち方がまだらっぽく汚いかも。
コスパはあんまり良くないかな、通常の方がいいかも。
詳細をみる",https://www.cosme.net/categories/item/913/,グロス,https://www.cosme.net/categories/item/1154/,ティッシュ,,,,,,,,,,,,,,,,,,,https://www.cosme.net/reviews/514231130/,,,,,,,現品,https://www.cosme.net/variations/1185728/,G01 明後日の水たまり,https://fitter.cosme.net/media/product/10260/skuimg_1001938.jpg,,,,,,,,,,,,,-,,,https://www.cosme.net/contact/report-review/review_id/514231130,14,,認証済,https://www.cosme.net/categories/pchannel/6/,https://www.cosme.net/categories/effect/1002/,https://www.cosme.net/categories/effect/1018/,https://www.cosme.net/categories/effect/1021/,通販化粧品・コスメ,,うるおい,,ツヤ,100人以上のメンバーにお気に入り登録されています,,発色がよい,,,,,,,,,,,,,,,,,,,,
https://my.cosme.net/open_top/show/user_id/7373774,https://cache-cdn.cosme.net/media/collection/1800/974/7977570_xs.jpeg,https://my.cosme.net/open_top/show/user_id/7373774,蟻ん子。,,33歳,混合肌,https://my.cosme.net/open_entry_reviewlist/list/user_id/7373774,クチコミ投稿136件,136,5購入品,,2024/10/25 1:04:20,"いよいよ店頭に出現！！
人気すぎて、しばらく店頭に全色揃わなかったモンスター級の売れ行きの「KATE リップモンスター」から新シリーズ「ツヤバース」登場。





#KATE <#ケイト>
#リップモンスターツヤバース
G01:明後日の水たまり
G02:ピンクムーンの雫
G03:99.9°C
1,650円(税込)
2024年10月19日順次発売




\全国発売前に ドンキホーテで新種捕獲！！/
発売当初から数年間、
全色が店頭に並ぶことのなかった
大人気「リップモンスター」の新シリーズ。


飲食しても落ちにくい機能性や保湿感はそのままに、
リップモンスターのスティックシリーズで
最も柔らかい感触「とろツヤジェル膜」を採用。

とろけて潤う…むっちり・ぷるりん肉厚な唇仕上がりで、
潤いも色持ちも、艶感も全部叶える欲張リップ！


また、通常リップモンスターが1,760円に対し、
リップモンスター ツヤバース は1,650円なので
ちょいと購入しやすい価格設定なのも嬉しい♪


ただ、
リップモンスターシリーズ共通の美発色続く、
ジェル膜処方ではありますが…
「ツヤバース」は艶感メインなので、
色持ちは、通常のリップモンスターの方がやっぱり良く感じてしまう印象…。

そして、
もう一つ注意が必要なのは、
一度くり出した中身は戻らない繰り出しタイプという事。
唇の温度で、じゅわっととろけるくらい中身が柔らかいので、1㎜程度くり出して、ゆっくりやさしく塗布するのがオススメです♪




各色味の様子は…
#リップモンスターツヤバースG01 :#明後日の水たまり
公式から…「ジューシーレッド系」。
透明感あるチェリーのような赤の血色感♪
見た目よりも唇に溶け込んでくれるので、赤リップ挑戦してみたい方にもオススメ。

冬場は、どうしても暗めのカラーの洋服を着る事が多いのですが、このリップカラーと組み合わせると、肌色が綺麗に見え相性抜群◎
今シーズンヘビロテの予感です。



#リップモンスターツヤバースG02 :#ピンクムーンの雫
公式から…「ドロップピンク系」。
コーラルがかったピンク血色だから、
唇のくすみをカバーしながら、透明感あるピンク唇仕上げてくれる技ありカラー！


#リップモンスター ツヤバースG03 #99.9°C
公式から…「テラコッタブラウン系」。
チョコレートフォンデュのような…
まろやかなブラウンに、
じゅわっと火照るような血色感を一匙プラスしたリップカラー。




フルーツ飴の様に
ジューシーで透明感ある艶が可愛すぎる…!!

一本買うと、次はどのカラーを購入しようか、
ついつい考えてしまうほど魅力満載のモンスターリップの新シリーズ！

しばらく品切れ…となる前に…！
気になる方や、お見かけの際は、ぜひ早めにチェックしてみてくださいね♪

また、
店頭にテスターが並んでいなく、私も実際のカラーの様子が分からず、勘で選んで買ってしまう事が多いので、少しでも購入の参考になれば幸いです。

詳細をみる",https://www.cosme.net/categories/effect/1018/,ツヤ,https://www.cosme.net/categories/effect/1018/,ツヤ,https://www.cosme.net/categories/effect/1020/,落ちにくい,https://www.cosme.net/categories/effect/1018/,ツヤ,https://www.cosme.net/categories/effect/1018/,ツヤ,https://www.cosme.net/categories/effect/1018/,ツヤ,https://www.cosme.net/categories/effect/1018/,ツヤ,https://www.cosme.net/categories/effect/1018/,ツヤ,https://www.cosme.net/tags/tag/5351/,くすみ,https://www.cosme.net/categories/effect/1018/,ツヤ,,,https://www.cosme.net/reviews/514267489/,https://www.cosme.net/reviews/514267489/photo-1/,https://cache-cdn.cosme.net/media/collection/1800/974/10785707_l.jpg,https://www.cosme.net/reviews/514267489/photo-2/,https://cache-cdn.cosme.net/media/collection/1800/974/10785708_l.jpg,,,現品,https://www.cosme.net/variations/1185728/,G01 明後日の水たまり,https://fitter.cosme.net/media/product/10260/skuimg_1001938.jpg,https://www.cosme.net/variations/1185729/,G02 ピンクムーンの雫,https://fitter.cosme.net/media/product/10260/skuimg_1001941.jpg,https://www.cosme.net/variations/1185730/,G03 99.9℃,https://fitter.cosme.net/media/product/10260/skuimg_1001944.jpg,,,,,,,-,-,,https://www.cosme.net/contact/report-review/review_id/514267489,14,,認証済,https://www.cosme.net/categories/effect/1002/,https://www.cosme.net/categories/effect/1018/,https://www.cosme.net/categories/effect/1064/,https://www.cosme.net/categories/effect/1028/,うるおい,https://www.cosme.net/categories/effect/1020/,ツヤ,https://www.cosme.net/categories/effect/1021/,立体感,,https://www.cosme.net/categories/effect/1086/,フィット感,,持ちがよい・落ちにくい,,発色がよい,,,,,,,50人以上のメンバーにお気に入り登録されています,,,コストパフォーマンス,,,,,,
https://my.cosme.net/open_top/show/user_id/9205503,https://pc.assets-cosme.net/images/user/characters/no_image/noimage_xs.gif,https://my.cosme.net/open_top/show/user_id/9205503,みぃ太郎丸,,48歳,敏感肌,https://my.cosme.net/open_entry_reviewlist/list/user_id/9205503,クチコミ投稿7件,7,3購入品,,2024/10/22 15:22:27,"リップモンスターを愛用ししてます今回のツヤベースは比べ物にならない位落ちますね…。
画像1枚目が塗りたて
画像2枚目がティッシュオフ
画像3枚目が食後
グロスのようなツヤ、塗った時のなめらかさは好きです。でも塗り直しが難しい日は使わないかな。
今までのリップモンスターなら全然直さなかったけど、こちらは食後に塗り直さないとっていう感じ。
詳細をみる",https://www.cosme.net/categories/effect/1018/,ツヤ,https://www.cosme.net/categories/item/1154/,ティッシュ,https://www.cosme.net/categories/item/913/,グロス,https://www.cosme.net/categories/effect/1018/,ツヤ,,,,,,,,,,,,,,,https://www.cosme.net/reviews/514257030/,https://www.cosme.net/reviews/514257030/photo-1/,https://cache-cdn.cosme.net/media/collection/2247/1791/10779282_l.jpg,https://www.cosme.net/reviews/514257030/photo-2/,https://cache-cdn.cosme.net/media/collection/2247/1791/10779283_l.jpg,https://www.cosme.net/reviews/514257030/photo-3/,https://cache-cdn.cosme.net/media/collection/2247/1791/10779284_l.jpg,現品,,,,,,,,,,,,,,,,-,-,-,https://www.cosme.net/contact/report-review/review_id/514257030,14,,認証済,,,,,,,,,,,,,,,,,,,,,,,,,,,,,,,,5人以上のメンバーにお気に入り登録されています
https://my.cosme.net/open_top/show/user_id/10079659,https://cache-cdn.cosme.net/images/user/characters/30/mychara27_xs.gif,https://my.cosme.net/open_top/show/user_id/10079659,AKAさん,,35歳,混合肌,https://my.cosme.net/open_entry_reviewlist/list/user_id/10079659,クチコミ投稿91件,91,6購入品リピート,リピート,2025/9/22 13:42:57,"03を購入して数回使用して、気に入ったので04を購入しました。

口紅タイプのリップモンスターを何色か持っていましたが、若干乾燥するのと荒れやすく、使用期限的に使えなくなって、ツヤバースが良いと聞き購入。

確かにリプモンにはないツヤや厚みがあり、ティッシュオフしても保湿力があり乾燥しない。
リプモンらしく色残りはするけど色みが濃くない。

あと何より、荒れません。最高。

画像では明るく見えますが、04は元々の唇の色が暗いもしくは濃い人には「あんま変わらないな」くらいのナチュラルな仕上がりです。
イエベ春さんや、オフィスメイク時はこれでもいいかも。

03はザ・イエベ秋向きで、唇の色が暗い私にはこちらの方が「化粧してる感」があって好きです。
主張が強すぎるわけでもなくて、大人っぽく落ち着いた色みです。

柔らかいのでリプモンに比べて減りは早そうですが、それでも良い品に出会えました。

リプモンシリーズなので、限定もたくさん出るんだろうな?と、今から楽しみです。
詳細をみる",https://www.cosme.net/categories/item/913/,口紅,https://www.cosme.net/categories/effect/1018/,ツヤ,https://www.cosme.net/categories/effect/1018/,ツヤ,https://www.cosme.net/categories/item/1154/,ティッシュ,,,,,,,,,,,,,,,https://www.cosme.net/reviews/515792167/,https://www.cosme.net/reviews/515792167/photo-1/,https://cache-cdn.cosme.net/media/collection/2460/3499/11588555_l.jpg,,,,,現品,https://www.cosme.net/variations/1201785/,G04　スパイダー リリー調香師,https://fitter.cosme.net/media/product/10260/skuimg_1024220.jpg,https://www.cosme.net/variations/1185730/,G03 99.9℃,https://fitter.cosme.net/media/product/10260/skuimg_1001944.jpg,,,,,,,,,,-,-,,https://www.cosme.net/contact/report-review/review_id/515792167,13,,認証済,https://www.cosme.net/categories/effect/1002/,https://www.cosme.net/categories/effect/1013/,https://www.cosme.net/categories/effect/1018/,https://www.cosme.net/categories/effect/1030/,うるおい,https://www.cosme.net/categories/effect/1028/,ナチュラルメイク,https://www.cosme.net/categories/effect/1020/,ツヤ,,https://www.cosme.net/categories/effect/1086/,肌の透明感・薄づき,,フィット感,,持ちがよい・落ちにくい,,,,,,,,,,コストパフォーマンス,,,,,,
https://my.cosme.net/open_top/show/user_id/8471467,https://cache-cdn.cosme.net/media/collection/2068/939/9680238_xs.jpeg,https://my.cosme.net/open_top/show/user_id/8471467,ベビーバード,,51歳,乾燥肌,https://my.cosme.net/open_entry_reviewlist/list/user_id/8471467,クチコミ投稿143件,143,6購入品リピート,リピート,2025/5/3 15:13:21,"ケイトのリプモンからの派生、ツヤバース。
ツヤが残りにくいリプモンより落ちやすいのですが、ツヤが持続し乾燥しなくて、柔らかくつけやすいリップです。

繰り出すと戻らない仕様なのでどのくらい残ってるのかわからないのが難点。
でもこれ一本で塗ったり、リプモンの上から塗ったりと便利なので、つい新色には飛びついてしまいます。

薄く塗ったり重ね塗りしたりでなんだかんだ活躍するので、これからもついつい買ってしまうんだろうなというお品です。
詳細をみる",https://www.cosme.net/categories/effect/1018/,ツヤ,https://www.cosme.net/categories/effect/1018/,ツヤ,https://www.cosme.net/categories/effect/1018/,ツヤ,,,,,,,,,,,,,,,,,https://www.cosme.net/reviews/515105169/,https://www.cosme.net/reviews/515105169/photo-1/,https://cache-cdn.cosme.net/media/collection/2068/939/11232042_l.jpg,https://www.cosme.net/reviews/515105169/photo-2/,https://cache-cdn.cosme.net/media/collection/2068/939/11232043_l.jpg,,,現品,https://www.cosme.net/variations/1201785/,G04　スパイダー リリー調香師,https://fitter.cosme.net/media/product/10260/skuimg_1024220.jpg,https://www.cosme.net/variations/1201786/,G05　ピンク ロビンの泉,https://fitter.cosme.net/media/product/10260/skuimg_1024222.jpg,https://www.cosme.net/variations/1185728/,G01 明後日の水たまり,https://fitter.cosme.net/media/product/10260/skuimg_1001938.jpg,https://www.cosme.net/variations/1185729/,G02 ピンクムーンの雫,https://fitter.cosme.net/media/product/10260/skuimg_1001941.jpg,https://www.cosme.net/variations/1185730/,G03 99.9℃,https://fitter.cosme.net/media/product/10260/skuimg_1001944.jpg,-,-,-,https://www.cosme.net/contact/report-review/review_id/515105169,13,,認証済,,,,,,,,,,,,,,,,,,,,,25人以上のメンバーにお気に入り登録されています,,,,,,,,,,,
https://my.cosme.net/open_top/show/user_id/9474686,https://cache-cdn.cosme.net/media/collection/2313/638/9949989_xs.jpeg,https://my.cosme.net/open_top/show/user_id/9474686,ハムハムの国,,30歳,脂性肌,https://my.cosme.net/open_entry_reviewlist/list/user_id/9474686,クチコミ投稿144件,144,3購入品,,2024/11/6 11:51:44,"リップモンスターを愛用しているのでこちらのリップも気になって買ってみたんですがすぐ落ちます
リップモンスターのあの落ちなさを期待して買うと残念かも
ツヤ仕上がりで粘膜っぽい仕上がりがめちゃくちゃ可愛いのでこまめに塗り直しできるよって人は良いかも
詳細をみる",https://www.cosme.net/categories/effect/1018/,ツヤ,,,,,,,,,,,,,,,,,,,,,https://www.cosme.net/reviews/514313981/,,,,,,,現品,,,,,,,,,,,,,,,,-,,,https://www.cosme.net/contact/report-review/review_id/514313981,13,500人以上のメンバーにお気に入り登録されています,認証済,https://www.cosme.net/categories/pchannel/2/,https://www.cosme.net/categories/effect/1018/,https://www.cosme.net/categories/effect/1028/,,スーパー・ドラッグ,,ツヤ,,フィット感,,,,,,,,,,,,,,,,,,,,,,,
https://my.cosme.net/open_top/show/user_id/3279576,https://cache-cdn.cosme.net/media/collection/800/2776/7239779_xs.jpeg,https://my.cosme.net/open_top/show/user_id/3279576,tfn326,,28歳,混合肌,https://my.cosme.net/open_entry_reviewlist/list/user_id/3279576,クチコミ投稿216件,216,5購入品,,2024/10/20 21:44:57,"リップモンスターのツヤバージョンとして発売したツヤバース。このツヤツヤ感で少しではあるけど色残りもしてくれて、お気に入りのリップになりました！

03のテラコッタブラウンカラーにしました。私の肌色はクッションファンデの標準より一つ暗い程度で地黒かと思いますが、私がこのカラーを塗るとベージュブラウンっぽい感じになりました。
ブラウン系のカラーでここまでの艶を出せるリップをこれまで見たことがなく、色選び大正解だったなと思っています！

色持ちに関しては写真の通りで、上は塗って5分以上経ってからティッシュオフしたもの、下は塗ってすぐのものです。
やはり本家のリップモンスターと比べてしまうと色落ちしますが、このうる艶感で少しでも発色が残ることはすごいと思います。

1点注意ですが、かなり柔らかいです。そのため、塗布する時は力を入れずに唇の上で滑らせるくらいの力で塗ることをおすすめします。

ちなみにドラッグストアで購入。陳列が下の端っこの方でわかりづらかったからか、公式発売日当日でも全色ありました。
詳細をみる",https://www.cosme.net/categories/effect/1018/,ツヤ,https://www.cosme.net/categories/effect/1018/,ツヤ,https://www.cosme.net/categories/effect/1018/,ツヤ,https://www.cosme.net/categories/effect/1018/,ツヤ,https://www.cosme.net/categories/item/1200/,クッションファンデ,https://www.cosme.net/categories/item/1154/,ティッシュ,https://www.cosme.net/categories/pchannel/2/,ドラッグストア,,,,,,,,,https://www.cosme.net/reviews/514251131/,https://www.cosme.net/reviews/514251131/photo-1/,https://cache-cdn.cosme.net/media/collection/800/2776/10775409_l.jpg,,,,,現品,https://www.cosme.net/variations/1185730/,G03 99.9℃,https://fitter.cosme.net/media/product/10260/skuimg_1001944.jpg,,,,,,,,,,,,,-,-,-,https://www.cosme.net/contact/report-review/review_id/514251131,13,500人以上のメンバーにお気に入り登録されています,認証済,,,,,,,,,,,,,,,,,,,,,,,,,,,,,,,,
https://my.cosme.net/open_top/show/user_id/8390670,https://cache-cdn.cosme.net/media/collection/2048/2062/8885480_xs.jpeg,https://my.cosme.net/open_top/show/user_id/8390670,r_____emn,,30歳,普通肌,https://my.cosme.net/open_entry_reviewlist/list/user_id/8390670,クチコミ投稿45件,45,7購入品,,2025/5/31 21:42:22,"色持ちも仕上がりも最高です。

水越みさとさんのYouTubeを見て04を購入。
通常のリプモンは皮向けしますが、こちらは大丈夫でした。他の方のレビュー通り、確かに減りは早いです。また繰り出しすぎると塊でついてしまうので、指で伸ばす必要があります。
でもそんなこと気にならないくらい、気に入りました！唇に張りが出ます。

使用感はKANEBOのルージュスターヴァイブラントに似ています。KATEの方が発色が良いです。

04はKANEBOの07にそっくりでした！
詳細をみる",,,,,,,,,,,,,,,,,,,,,,,https://www.cosme.net/reviews/515245510/,,,,,,,現品,https://www.cosme.net/variations/1201785/,G04　スパイダー リリー調香師,https://fitter.cosme.net/media/product/10260/skuimg_1024220.jpg,,,,,,,,,,,,,-,-,-,https://www.cosme.net/contact/report-review/review_id/515245510,12,,,,,,,,,,,,,,,,,,,,,,,,,,,,,,,,,,5人以上のメンバーにお気に入り登録されています
https://my.cosme.net/open_top/show/user_id/7576959,https://cache-cdn.cosme.net/media/collection/1849/3455/11319566_xs.jpeg,https://my.cosme.net/open_top/show/user_id/7576959,こじろーごまもち,,38歳,乾燥肌,https://my.cosme.net/open_entry_reviewlist/list/user_id/7576959,クチコミ投稿296件,296,5購入品,,2024/11/24 21:18:59,"秋っぽいカラーのリップが欲しくてリップモンスターのツヤバース、99.9℃を購入してみました。
従来のリップモンスターよりもひと塗りで唇に色づくのが特徴だなと思います。
かなりうるっと、ツヤっとします。
ただ、色持ちなどは従来のリップモンスターとほぼ同じ。なんなら色付き方が強いだけに落ちてる感が強い？
ただこのうるツヤ感はかなり好きなので他のカラーも購入したい…春色カラーも出てくるのかとワクワクしますね。
詳細をみる",https://www.cosme.net/categories/effect/1018/,ツヤ,https://www.cosme.net/categories/effect/1018/,ツヤ,https://www.cosme.net/categories/effect/1018/,ツヤ,,,,,,,,,,,,,,,,,https://www.cosme.net/reviews/514384914/,https://www.cosme.net/reviews/514384914/photo-1/,https://cache-cdn.cosme.net/media/collection/1849/3455/10861049_l.jpg,,,,,現品,https://www.cosme.net/variations/1185730/,G03 99.9℃,https://fitter.cosme.net/media/product/10260/skuimg_1001944.jpg,,,,,,,,,,,,,-,,,https://www.cosme.net/contact/report-review/review_id/514384914,12,,,https://www.cosme.net/categories/effect/1002/,https://www.cosme.net/categories/effect/1018/,https://www.cosme.net/categories/effect/1021/,https://www.cosme.net/categories/effect/1086/,うるおい,https://www.cosme.net/tags/tag/619229/,ツヤ,https://www.cosme.net/tags/tag/511636/,発色がよい,100人以上のメンバーにお気に入り登録されています,,コストパフォーマンス,,ツヤバース,,リップモンスター,,,,,,,,,,,,,,,,
https://my.cosme.net/open_top/show/user_id/319564,https://cache-cdn.cosme.net/media/collection/78/76/7953325_xs.jpeg,https://my.cosme.net/open_top/show/user_id/319564,Allyちゃん,,52歳,混合肌,https://my.cosme.net/open_entry_reviewlist/list/user_id/319564,クチコミ投稿432件,432,3購入品リピート,リピート,2024/11/13 22:37:28,"2024.11.13再購入
03が再入荷していたので迷わず購入しました。
イエベとしてはどうしても試してみたかったのが03！
馴染みカラーで使いやすいです♪
乾燥が気になる秋冬に使いやすいと思うのでオススメです。


2024.10.30購入
発売前から気になっていたリプモンのツヤバース。
発売日(10/19)からは少し出遅れてしまいましたが、02を購入できました。
本当は03も欲しかったのですが、3店舗回ってもどこも売り切れていたため諦めることに。。。

ツヤ感たっぷりのリップで
乾燥しがちな秋冬メイクにぴったり合うと思います。

ピンクピンクしていなくコーラルピンクのような雰囲気なので顔映りも良く見えてGOOD！
しかし、色持ちはイマイチです。
定番のリプモンと比較するとすぐ色落ちしてしまうので塗り直しは頻繁に必要。
ツヤはいいのですが、キープしないです。

今回はドラッグストアの15%OFFクーポンが使えたため
少しお得に購入できました♪

03を何処かで見つけられるといいなぁ。。。
詳細をみる",https://www.cosme.net/categories/effect/1018/,ツヤ,https://www.cosme.net/categories/effect/1018/,ツヤ,https://www.cosme.net/categories/effect/1018/,ツヤ,https://www.cosme.net/categories/pchannel/2/,ドラッグストア,,,,,,,,,,,,,,,https://www.cosme.net/reviews/514289076/,https://www.cosme.net/reviews/514289076/photo-1/,https://cache-cdn.cosme.net/media/collection/78/76/10800039_l.jpg,,,,,現品,https://www.cosme.net/variations/1185729/,G02 ピンクムーンの雫,https://fitter.cosme.net/media/product/10260/skuimg_1001941.jpg,https://www.cosme.net/variations/1185730/,G03 99.9℃,https://fitter.cosme.net/media/product/10260/skuimg_1001944.jpg,,,,,,,,,,-,,,https://www.cosme.net/contact/report-review/review_id/514289076,12,,認証済,https://www.cosme.net/categories/pchannel/2/,https://www.cosme.net/categories/effect/1002/,,,スーパー・ドラッグ,,うるおい,,,,,,,,,,,,,,25人以上のメンバーにお気に入り登録されています,,,,,,,,,,,
https://my.cosme.net/open_top/show/user_id/345450,https://cache-cdn.cosme.net/media/collection/84/1386/11805557_xs.jpeg,https://my.cosme.net/open_top/show/user_id/345450,dappo,,50歳,混合肌,https://my.cosme.net/open_entry_reviewlist/list/user_id/345450,クチコミ投稿1211件,1211,6購入品リピート,リピート,2025/8/19 20:32:17,"追記です。

G01は少し赤すぎたので、G05を購入。
やはりちょっと濃いなぁ…と。

普段買わない色ですが
G04にトライ！

とても好きなお色でした！
自己診断ブルベ夏ですが
イエベブルベ問わず似合うお色かなと。

年齢を重ねると
好きな色と似合う色、しっくりくる色が
変わるのかな…



過去の投稿↓

普通のリプモンは唇が乾燥してしまい、
クリアトーンは色が物足りない。
ツヤバースは予約して待っていました！

細身で塗りやすい。
カチッとすると適量出てきます。
出しすぎ危険！戻りません。

ものすごく柔らかくて塗りやすい。
ツヤ感のあるレッド系のG01。

潤いキープのまま、色持ちもまあまあ。

こちらを使ったあとは、
乾燥によるつっぱりがない！

このリプモンは、使えそう
モーブ系やピンクベージュが、出て欲しいなー
詳細をみる",https://www.cosme.net/categories/effect/1018/,ツヤ,https://www.cosme.net/categories/effect/1018/,ツヤ,,,,,,,,,,,,,,,,,,,https://www.cosme.net/reviews/514254560/,https://www.cosme.net/reviews/514254560/photo-1/,https://cache-cdn.cosme.net/media/collection/84/1386/10777651_l.jpg,,,,,現品,https://www.cosme.net/variations/1201785/,G04　スパイダー リリー調香師,https://fitter.cosme.net/media/product/10260/skuimg_1024220.jpg,https://www.cosme.net/variations/1201786/,G05　ピンク ロビンの泉,https://fitter.cosme.net/media/product/10260/skuimg_1024222.jpg,https://www.cosme.net/variations/1185728/,G01 明後日の水たまり,https://fitter.cosme.net/media/product/10260/skuimg_1001938.jpg,,,,,,,-,-,-,https://www.cosme.net/contact/report-review/review_id/514254560,11,,,,,,,,,,,,,,,,,,,,,,,25人以上のメンバーにお気に入り登録されています,,,,,,,,,,,
https://my.cosme.net/open_top/show/user_id/242579,https://cache-cdn.cosme.net/media/collection/59/915/753922_xs.jpg,https://my.cosme.net/open_top/show/user_id/242579,☆★ＳＩＭＦＢ★☆,,45歳,普通肌,https://my.cosme.net/open_entry_reviewlist/list/user_id/242579,クチコミ投稿632件,632,6購入品,,2024/12/27 19:52:33,"この時期はリプモンの乾燥を感じます
それを軽減できるかな？と思い、購入してみました

単品で塗ると、艶感がたっぷり！
私の唇では色味は余り出ないです

私の唇はとにかく血色が悪い
なので、もう少し色味が欲しいので、いつも使っているリプモン（02か15）の上からこちらをオンすると丁度良い感じになります

リプモンのみよりも、こちらをプラスした方が乾燥しません。今時期には嬉しい効果です

繰り出し式で出したら2度と引っ込められないので、そこは注意が必要です。また、出しすぎても、すぐに溶けるテクスチャーなので、塗りにくくなります。約1ミリ出すぐらいが塗りやすいです

私は結構、気に入りました
また買うと思います

色展開が少ないので、★?1とさせていただきます




詳細をみる",,,,,,,,,,,,,,,,,,,,,,,https://www.cosme.net/reviews/514563822/,https://www.cosme.net/reviews/514563822/photo-1/,https://cache-cdn.cosme.net/media/collection/59/915/10925604_l.jpg,https://www.cosme.net/reviews/514563822/photo-2/,https://cache-cdn.cosme.net/media/collection/59/915/10925605_l.jpg,https://www.cosme.net/reviews/514563822/photo-3/,https://cache-cdn.cosme.net/media/collection/59/915/10925606_l.jpg,現品,https://www.cosme.net/variations/1185729/,G02 ピンクムーンの雫,https://fitter.cosme.net/media/product/10260/skuimg_1001941.jpg,,,,,,,,,,,,,-,,,https://www.cosme.net/contact/report-review/review_id/514563822,11,,認証済,https://www.cosme.net/categories/pchannel/2/,https://www.cosme.net/categories/effect/1002/,https://www.cosme.net/categories/effect/1018/,https://www.cosme.net/categories/effect/1028/,スーパー・ドラッグ,https://www.cosme.net/categories/effect/1020/,うるおい,https://www.cosme.net/categories/effect/1086/,ツヤ,,,フィット感,,持ちがよい・落ちにくい,,コストパフォーマンス,,,,,25人以上のメンバーにお気に入り登録されています,,,,,,,,,,,
https://my.cosme.net/open_top/show/user_id/2680769,https://pc.assets-cosme.net/images/user/characters/no_image/noimage_xs.gif,https://my.cosme.net/open_top/show/user_id/2680769,コロにゃも,,37歳,敏感肌,https://my.cosme.net/open_entry_reviewlist/list/user_id/2680769,クチコミ投稿125件,125,5購入品,,2024/11/30 16:29:08,"リップモンスターにツヤがあればいいのにと常思っていたんです。
これ作った人にありがとうと言いたい!!
落ちにくいツヤって素晴らしい。
確かに普通のリプモンよりは落ちやすい。
でもちゃんと色持ちするし何より可愛い！

普通のリップより減りが早いのは難点ですが、
リプモン好きなら1本持つべき。

詳細をみる",https://www.cosme.net/categories/effect/1018/,ツヤ,https://www.cosme.net/categories/effect/1020/,落ちにくい,https://www.cosme.net/categories/effect/1018/,ツヤ,,,,,,,,,,,,,,,,,https://www.cosme.net/reviews/514406432/,https://www.cosme.net/reviews/514406432/photo-1/,https://cache-cdn.cosme.net/media/collection/654/1985/10873354_l.jpg,,,,,現品,https://www.cosme.net/variations/1185728/,G01 明後日の水たまり,https://fitter.cosme.net/media/product/10260/skuimg_1001938.jpg,,,,,,,,,,,,,-,,,https://www.cosme.net/contact/report-review/review_id/514406432,11,,,https://www.cosme.net/categories/pchannel/2/,https://www.cosme.net/categories/effect/1018/,https://www.cosme.net/categories/effect/1020/,,スーパー・ドラッグ,,ツヤ,,持ちがよい・落ちにくい,,,,,,,,,,,,,,,,,,,,,,,5人以上のメンバーにお気に入り登録されています
https://my.cosme.net/open_top/show/user_id/4464701,https://cache-cdn.cosme.net/media/collection/1090/61/9031105_xs.jpeg,https://my.cosme.net/open_top/show/user_id/4464701,かよ64,,37歳,混合肌,https://my.cosme.net/open_entry_reviewlist/list/user_id/4464701,クチコミ投稿54件,54,6購入品,,2024/11/17 2:01:40,"リップモンスター大好きでブルベ色は全部持ってます。

G01とても可愛くて毎日使用してます。
色もしっかり発色しますし、食事しても色が残ってます！！
さすがリップモンスター

艶があってとてもかわいいです。

G02は私の唇ではオレンジが強かったので、似合わなかったですが、
とても可愛い色です。
詳細をみる",,,,,,,,,,,,,,,,,,,,,,,https://www.cosme.net/reviews/514355360/,https://www.cosme.net/reviews/514355360/photo-1/,https://cache-cdn.cosme.net/media/collection/1090/61/10841837_l.jpg,https://www.cosme.net/reviews/514355360/photo-2/,https://cache-cdn.cosme.net/media/collection/1090/61/10841838_l.jpg,https://www.cosme.net/reviews/514355360/photo-3/,https://cache-cdn.cosme.net/media/collection/1090/61/10841839_l.jpg,現品,https://www.cosme.net/variations/1185728/,G01 明後日の水たまり,https://fitter.cosme.net/media/product/10260/skuimg_1001938.jpg,https://www.cosme.net/variations/1185729/,G02 ピンクムーンの雫,https://fitter.cosme.net/media/product/10260/skuimg_1001941.jpg,,,,,,,,,,-,,,https://www.cosme.net/contact/report-review/review_id/514355360,11,,,https://www.cosme.net/categories/pchannel/2/,https://www.cosme.net/categories/effect/1002/,https://www.cosme.net/categories/effect/1018/,https://www.cosme.net/categories/effect/1020/,スーパー・ドラッグ,https://www.cosme.net/categories/effect/1021/,うるおい,https://www.cosme.net/categories/effect/1086/,ツヤ,,,持ちがよい・落ちにくい,,発色がよい,,コストパフォーマンス,,,,,,,,,,,,,,,,
https://my.cosme.net/open_top/show/user_id/8898020,https://cache-cdn.cosme.net/images/user/characters/30/mychara09_xs.gif,https://my.cosme.net/open_top/show/user_id/8898020,チタタプ。,,33歳,混合肌,https://my.cosme.net/open_entry_reviewlist/list/user_id/8898020,クチコミ投稿267件,267,6購入品,,2024/10/26 0:24:22,"とうとうKATEからツヤリップが出ました！
全色買うほどリップが似合う人間ではないので、今回はG02のみ買いました！
その感想をちょろっと


【KATEケイト リップモンスター ツヤバース G02 ピンクムーンの雫】

・パッケージの通り、他のリプモンシリーズと違って長細いです。丸いから転がるし、細長いから直立しにくいからどっかいくかも

・繰り出し式で、1度出すと引っ込まんタイプ

・だが安心したまえ！減りがめっちゃ早いから、1繰り出し、1回分みたいな感じだ！出しすぎても平気だと思う！知らんけど！一応気をつけて

・スッピン唇と塗ったあと載せてるけど、あんまわかりにくいかな

・このカラーはイエベとブルベの中間色ぐらいで、とてもナチュラルに仕上げてくれるから、誰でも使いやすいと思います！色も濃すぎないし、リップメイク苦手だよって人でも多分イケるイケる?

・テクスチャーはめっちゃべチャー(SE悪いけど褒めてる)って感じで、完全保湿！ツヤ！って感じでかなり特化している！

・色落ちにくい系のリップって唇荒れやすいから、これでも結構乾燥してパリパリなんだろなーとか思ってたけど、めっちゃ良い！これからの季節に特に良い！私過去一リップで乾燥しない！！

・因みに色落ちは最初はやっぱ他のリプモンより落ちやすいし、ウルウルだから気になる場合はティッシュオフ推奨

・ちょっと時間経てば全然落ちんくてびっくりした！そりゃちょっとずつ色落ちてんのかもしれんけど、水筒飲んで弁当食っても色移りしないし、乾燥しないし、わいはリプモンの中でもかなり機能的に好き?！
最近出たクリアタイプまだ使ってないから、どれが1番好きかはわからんけど

・とにかく迷ってるなら買うべき1品！ほんまツヤバース\( 'ω')/
色迷ってんならとりあえずこの中間色試してみるのが良いかも。多分誰にでも似合う
そんで発色良いブルベカラーの01かイエベカラーの03買えば良いと、思うよ?
詳細をみる",https://www.cosme.net/categories/effect/1018/,ツヤ,https://www.cosme.net/categories/effect/1018/,ツヤ,https://www.cosme.net/categories/effect/1018/,ツヤ,https://www.cosme.net/categories/effect/1020/,落ちにくい,https://www.cosme.net/categories/item/1154/,ティッシュ,https://www.cosme.net/categories/effect/1018/,ツヤ,,,,,,,,,,,https://www.cosme.net/reviews/514270763/,https://www.cosme.net/reviews/514270763/photo-1/,https://cache-cdn.cosme.net/media/collection/2172/1508/10787952_l.jpg,https://www.cosme.net/reviews/514270763/photo-2/,https://cache-cdn.cosme.net/media/collection/2172/1508/10787953_l.jpg,https://www.cosme.net/reviews/514270763/photo-3/,https://cache-cdn.cosme.net/media/collection/2172/1508/10787954_l.jpg,現品,https://www.cosme.net/variations/1185729/,G02 ピンクムーンの雫,https://fitter.cosme.net/media/product/10260/skuimg_1001941.jpg,,,,,,,,,,,,,-,-,,https://www.cosme.net/contact/report-review/review_id/514270763,11,,認証済,https://www.cosme.net/categories/effect/1002/,https://www.cosme.net/categories/effect/1018/,https://www.cosme.net/categories/effect/1064/,https://www.cosme.net/categories/effect/1020/,うるおい,https://www.cosme.net/categories/effect/1021/,ツヤ,,立体感,,,持ちがよい・落ちにくい,,発色がよい,,,,,,,25人以上のメンバーにお気に入り登録されています,,,,,,,,,,,
https://my.cosme.net/open_top/show/user_id/4943880,https://cache-cdn.cosme.net/media/collection/1207/8/9194471_xs.jpg,https://my.cosme.net/open_top/show/user_id/4943880,Shelby,10人以上のメンバーにお気に入り登録されています,38歳,脂性肌,https://my.cosme.net/open_entry_reviewlist/list/user_id/4943880,クチコミ投稿71件,71,5購入品,,2025/5/28 20:08:24,"04スパイダーリリー調香師
ブルベ夏でも似合うベージュ系。2ndは春です。

普通のリプモンでは水分ガッサガサになり唇が死ぬんですが
こちらはずーっとプルプルです。ありがたいです。
また細身なので直塗りできちゃう。ブラシ要らず。

女友達にリップ新しくした？いいね！と言われました。
肌が白く見える気がします。
詳細をみる",,,,,,,,,,,,,,,,,,,,,,,https://www.cosme.net/reviews/515233655/,https://www.cosme.net/reviews/515233655/photo-1/,https://cache-cdn.cosme.net/media/collection/1207/8/11303278_l.jpg,,,,,現品,https://www.cosme.net/variations/1201785/,G04　スパイダー リリー調香師,https://fitter.cosme.net/media/product/10260/skuimg_1024220.jpg,,,,,,,,,,,,,-,-,,https://www.cosme.net/contact/report-review/review_id/515233655,10,,認証済,https://www.cosme.net/categories/pchannel/3/,,,,バラエティショップ,,,,,,,,,,,,,,,,,,,,,,,,,,,
https://my.cosme.net/open_top/show/user_id/1163320,https://cache-cdn.cosme.net/media/collection/284/56/5807518_xs.gif,https://my.cosme.net/open_top/show/user_id/1163320,tatty38,,47歳,乾燥肌,https://my.cosme.net/open_entry_reviewlist/list/user_id/1163320,クチコミ投稿472件,472,5購入品リピート,リピート,2025/4/23 13:27:35,"G04 スパイダーリリー調香師を購入。
ブルベ向けのローズカラーでとても可愛い。
オフィスメイクに持ってこいな上品な色味です。
当たり前かもですが、ティッシュオフするとツヤ感と共に色味も持ってかれてしまい、オリジナルのリプモンよりは持続力も弱めです。
マスクする場合やカップへの色移りを気にする方にはオリジナルの方がいいかなと思います。

↓↓以前の口コミ
アインズ&トルペでパトロールしてたら見つけました！色選びできずに全色買い。
G03 99.9℃が予想に反して1番良い…
既存のパンプキンワインみたいな感じかなと予想してましたが、もっとピンクベージュ寄りでパキッとテラコッタ色が似合わない私には嬉しい誤算でした。
カチカチ回して繰り出すタイプでバームみたいに柔らかくとろける感触なので、減りは早そうです。でもツヤツヤで色持ちも悪くない。既存のリップモンスターよりはティント力低め。
G01 明後日の水たまりはつけたてはレッド！って感じですが、時間がたつと私の口ではローズ系になりました。
G02 ピンクムーンの雫は使いやすいピンクでブルベさんならみんな好きなタイプかと思います。ピンクバナナが好きな方はきっと好き。
やっぱりリプモンは期待を裏切らないですね。
詳細をみる",https://www.cosme.net/categories/item/1154/,ティッシュ,https://www.cosme.net/categories/effect/1018/,ツヤ,https://www.cosme.net/categories/item/1067/,バーム,https://www.cosme.net/categories/effect/1018/,ツヤ,https://www.cosme.net/categories/effect/1018/,ツヤ,https://www.cosme.net/categories/pickup/1026/,ティント,,,,,,,,,,,https://www.cosme.net/reviews/514253687/,,,,,,,現品,https://www.cosme.net/variations/1201785/,G04　スパイダー リリー調香師,https://fitter.cosme.net/media/product/10260/skuimg_1024220.jpg,https://www.cosme.net/variations/1185728/,G01 明後日の水たまり,https://fitter.cosme.net/media/product/10260/skuimg_1001938.jpg,https://www.cosme.net/variations/1185729/,G02 ピンクムーンの雫,https://fitter.cosme.net/media/product/10260/skuimg_1001941.jpg,https://www.cosme.net/variations/1185730/,G03 99.9℃,https://fitter.cosme.net/media/product/10260/skuimg_1001944.jpg,,,,-,,,https://www.cosme.net/contact/report-review/review_id/514253687,10,,認証済,https://www.cosme.net/categories/pchannel/2/,https://www.cosme.net/categories/effect/1002/,https://www.cosme.net/categories/effect/1018/,https://www.cosme.net/categories/effect/1028/,スーパー・ドラッグ,https://www.cosme.net/categories/effect/1020/,うるおい,https://www.cosme.net/categories/effect/1021/,ツヤ,,,フィット感,,持ちがよい・落ちにくい,,発色がよい,,,,,25人以上のメンバーにお気に入り登録されています,,,,,,,,,,,
https://my.cosme.net/open_top/show/user_id/10834787,https://pc.assets-cosme.net/images/user/characters/no_image/noimage_xs.gif,https://my.cosme.net/open_top/show/user_id/10834787,きぴぴし,,28歳,脂性肌,https://my.cosme.net/open_entry_reviewlist/list/user_id/10834787,クチコミ投稿49件,49,7購入品リピート,リピート,2025/3/13 17:59:39,"色もち、うるおいが両立されていてすごいし、
シアーな感じで、どんなリップでも「塗りました！！」感が出て浮いてしまう私でも全色使えて本当に嬉しいです。
リプモンの方は色もちはすごいのですがすぐに梅干しくらい唇がシワシワになってしまうので使えず、、、
こちらは段々乾いてはきますがリップクリームを昼に塗り直すくらいで問題なく使えました！
01はリプモンのラスボス、02はピンクバナナに色はそっくりでした！写真だと03茶色っぽいですがすごく自然で一番使ってます！
これを朝塗って、マックのセットを平らげてから他のメイクカウンターでタッチアップしてもらう時に一度リップを落としてもらったんですが、コットンにめちゃくちゃ色がついてびっくりしました！

家でしか使わず、並べて置いておくと見た目で見分けがつかないので100均で買ったシールを貼ったら案外良い感じでした笑

新色もどちらか買いたいです楽しみ
詳細をみる",https://www.cosme.net/categories/effect/1002/,うるおい,https://www.cosme.net/categories/item/1031/,リップクリーム,https://www.cosme.net/categories/item/1055/,コットン,https://www.cosme.net/tags/tag/6900/,100均,,,,,,,,,,,,,,,https://www.cosme.net/reviews/514909430/,https://www.cosme.net/reviews/514909430/photo-1/,https://cache-cdn.cosme.net/media/collection/2645/867/11116535_l.jpg,https://www.cosme.net/reviews/514909430/photo-2/,https://cache-cdn.cosme.net/media/collection/2645/867/11116536_l.jpg,,,現品,https://www.cosme.net/variations/1185728/,G01 明後日の水たまり,https://fitter.cosme.net/media/product/10260/skuimg_1001938.jpg,https://www.cosme.net/variations/1185729/,G02 ピンクムーンの雫,https://fitter.cosme.net/media/product/10260/skuimg_1001941.jpg,https://www.cosme.net/variations/1185730/,G03 99.9℃,https://fitter.cosme.net/media/product/10260/skuimg_1001944.jpg,,,,,,,-,,,https://www.cosme.net/contact/report-review/review_id/514909430,10,,認証済,https://www.cosme.net/categories/pchannel/2/,https://www.cosme.net/categories/effect/1002/,https://www.cosme.net/categories/effect/1013/,https://www.cosme.net/categories/effect/1018/,スーパー・ドラッグ,https://www.cosme.net/categories/effect/1028/,うるおい,https://www.cosme.net/categories/effect/1020/,ナチュラルメイク,,https://www.cosme.net/categories/effect/1086/,ツヤ,,フィット感,,持ちがよい・落ちにくい,,,,,,,,,,コストパフォーマンス,,,,,,
https://my.cosme.net/open_top/show/user_id/9499784,https://cache-cdn.cosme.net/media/collection/2319/1160/9972604_xs.jpeg,https://my.cosme.net/open_top/show/user_id/9499784,ルピナスさん,,50歳,乾燥肌,https://my.cosme.net/open_entry_reviewlist/list/user_id/9499784,クチコミ投稿150件,150,4購入品,,2024/8/25 20:35:00,"とろけるような艶感と大人の女性の落ち着きのある深みカラーが可愛い。どんなメイクにも合わせやすい色持ちも抜群でした◎
スティックタイプで持ちやすく塗りやすいしみずみずしさとバームのようなちゅるんと感がなんともいえぬ可愛さで虜になりました！
詳細をみる",https://www.cosme.net/categories/item/1067/,バーム,,,,,,,,,,,,,,,,,,,,,https://www.cosme.net/reviews/514019338/,,,,,,,現品,,,,,,,,,,,,,,,,-,-,,https://www.cosme.net/contact/report-review/review_id/514019338,10,,認証済,https://www.cosme.net/categories/pchannel/3/,,,,バラエティショップ,,,,,100人以上のメンバーにお気に入り登録されています,,,,,,,,,,,,,,,,,,,,,,
https://my.cosme.net/open_top/show/user_id/422842,https://cache-cdn.cosme.net/images/user/characters/30/mychara19_xs.gif,https://my.cosme.net/open_top/show/user_id/422842,ホワイトヘーブン,,50歳,混合肌,https://my.cosme.net/open_entry_reviewlist/list/user_id/422842,クチコミ投稿5262件,5262,4購入品,,2025/9/19 13:53:21,"G01の明後日の水たまりのテスター使用しました。ネーミングが可愛いですが、色味は赤紫です。紫味が強く使う人や場所を選ぶかな。似たような色は他にもあるかと思いますので、購入は保留。
詳細をみる",,,,,,,,,,,,,,,,,,,,,,,https://www.cosme.net/reviews/515776993/,,,,,,,サンプル・テスター,,,,,,,,,,,,,,,,-,,,https://www.cosme.net/contact/report-review/review_id/515776993,9,,認証済,https://www.cosme.net/categories/pchannel/2/,https://www.cosme.net/categories/effect/1002/,https://www.cosme.net/categories/effect/1013/,https://www.cosme.net/categories/effect/1018/,スーパー・ドラッグ,https://www.cosme.net/categories/effect/1028/,うるおい,https://www.cosme.net/categories/effect/1021/,ナチュラルメイク,100人以上のメンバーにお気に入り登録されています,,ツヤ,,フィット感,,発色がよい,,,,,,,,,,,,,,,,
https://my.cosme.net/open_top/show/user_id/11387648,https://cache-cdn.cosme.net/media/collection/2780/768/11523303_xs.jpeg,https://my.cosme.net/open_top/show/user_id/11387648,ふれんちとすと,,35歳,脂性肌,https://my.cosme.net/open_entry_reviewlist/list/user_id/11387648,クチコミ投稿134件,134,4購入品,,2025/9/1 9:24:27,"柔らかいテクスチャーでとても使いやすかったです。
艶が驚くほど綺麗で崩れにくくティント効果もしっかり立って良かったのでリピートして愛用中
お値段も安くコスパも最強でした！
詳細をみる",https://www.cosme.net/categories/pickup/1026/,ティント,,,,,,,,,,,,,,,,,,,,,https://www.cosme.net/reviews/515674040/,,,,,,,現品,,,,,,,,,,,,,,,,-,-,,https://www.cosme.net/contact/report-review/review_id/515674040,9,,認証済,https://www.cosme.net/categories/pchannel/2/,,,,スーパー・ドラッグ,,,,,,,,,,,,,,,,,,50人以上のメンバーにお気に入り登録されています,,,,,,,,,
https://my.cosme.net/open_top/show/user_id/3821692,https://cache-cdn.cosme.net/images/user/characters/30/mychara35_xs.gif,https://my.cosme.net/open_top/show/user_id/3821692,Atsuari,,48歳,乾燥肌,https://my.cosme.net/open_entry_reviewlist/list/user_id/3821692,クチコミ投稿2218件,2218,5購入品,,2025/6/16 21:29:28,"G04 スパイダーリリー調香師

肌なじみの良いベージュレッド系。

派手になりすぎないレッドで肌が明るく見える感じ。

ツヤバースのツヤツヤぷるんな塗り心地が好き。

繰り出したら戻らないタイプなので注意です。



～～～～～～～～～～～～～～～～～～～～～～～～～～～


G01 明後日の水たまり

とろけるような塗り心地。
つやんつやんな仕上がりに。
赤強めかなと思いましたが、透け感のある赤で使いやすい。
ツヤ感はそこまでもたないけれど、もちも良い方だと思います。

繰り出し過ぎに注意です。
詳細をみる",https://www.cosme.net/categories/effect/1018/,ツヤ,https://www.cosme.net/categories/effect/1018/,ツヤ,https://www.cosme.net/categories/effect/1018/,ツヤ,https://www.cosme.net/categories/effect/1018/,ツヤ,,,,,,,,,,,,,,,https://www.cosme.net/reviews/514279504/,https://www.cosme.net/reviews/514279504/photo-1/,https://cache-cdn.cosme.net/media/collection/933/124/10793730_l.jpg,https://www.cosme.net/reviews/514279504/photo-2/,https://cache-cdn.cosme.net/media/collection/933/124/10793731_l.jpg,https://www.cosme.net/reviews/514279504/photo-3/,https://cache-cdn.cosme.net/media/collection/933/124/11345753_l.jpg,現品,https://www.cosme.net/variations/1201785/,G04　スパイダー リリー調香師,https://fitter.cosme.net/media/product/10260/skuimg_1024220.jpg,https://www.cosme.net/variations/1185728/,G01 明後日の水たまり,https://fitter.cosme.net/media/product/10260/skuimg_1001938.jpg,,,,,,,,,,-,-,-,https://www.cosme.net/contact/report-review/review_id/514279504,9,,認証済,,,,,,,,,,100人以上のメンバーにお気に入り登録されています,,,,,,,,,,,,,,,,,,,,,,
https://my.cosme.net/open_top/show/user_id/8979564,https://pc.assets-cosme.net/images/user/characters/no_image/noimage_xs.gif,https://my.cosme.net/open_top/show/user_id/8979564,Rri7413,,36歳,混合肌,https://my.cosme.net/open_entry_reviewlist/list/user_id/8979564,クチコミ投稿255件,255,7購入品リピート,リピート,2025/4/21 18:49:29,"クリアトーンが合わず、ツヤバースもすぐ取れそうで買わずじまいでしたが、限定色追加の機会に04を購入。

ビックリしました。それなりの粘度があるのでガッツリコップなどに付くことも思うほど酷くなく、いっとき時間をおけば密着し、滑るように寄れることもなく、色味もダークフィグでは顔色が暗くなったのですが、こちらは少し赤みがありマイルドなカラーなので肌色問わず馴染み万能カラーだなと感じています。

そして何より、失敗が怖かったですが落とした後の唇が物凄くしっとり。そしてスベスベしてる。ちゃんと落とせなかったのがと思ったのですがキチンと落ちてる。これは本体の保湿力なんだ！と。リプモンで保湿力は望んでなかったので、抜群の保湿力に驚きました。限定2色とも定番になって欲しいです。3色展開では少なすぎて選ぶ色味もありがち過ぎてなかなか手が伸びないので、是非定番色に追加して欲しい！

ツヤバース、今までごめん、凄いよツヤバース。

追伸
２日連続で使用したら皮がめくれてしまいました。リプモンでは起きなかったので潤ったから剥けてしまったのか、乾燥でもないような不思議な気持ちですが保湿して優しく拭き取っています。
使いやすさも気に入ってるので☆の変更はありませんがリプモンで何もなかった人も、こちらは皮向けすることもある様です。

追伸
2025.4.26
やはり皮向けが起きてしまいます。リプモンが薄れた時に乗せたら皮向けはしませんでした。単体でつけると合わない様で、こんなに可愛い色味と艶感、使い心地など気に入ってるのですがリプモンが薄れた時に乗せる形で使っていこうと思います。

追伸
2025.6、20
あれから使うごとに馴染みやすくなったとゆうか、私の唇が対抗力を付けたのか、色持ちが良くなり何より気づいていなかった自分の唇の粘膜の色に04カラーがほぼ同じだと気づき、だから全く浮かなかったんだ馴染み過ぎてる、とまた一つ驚きが。もちろんツヤはだんだん無くなりますが全く寄れずセミマットな雰囲気になりこれもこれで良いな、と内心ニンマリしています。
普段は全く唇の色がなく薄ーすぎる白ピンクか濃いピンク系なのですが内側って違うんですね。
何より前より使い心地が良くなってきてそろそろ無くなりそうなので欲しい。
が、これからのポケットに入れてもポーチに入れても車の中はもちろん、これからの季節持ち歩いても溶ける気しかしない、、、
でもより好きになってしまったのでこのカラーは1軍のままです。良いですツヤバース

追伸
2025.11 ついに無くなりましたリピートします。このカラーが1番好きなので一軍のままずっとリピートすると思います。大好きです。
詳細をみる",https://www.cosme.net/categories/effect/1018/,ツヤ,https://www.cosme.net/categories/effect/1018/,ツヤ,https://www.cosme.net/categories/effect/1018/,ツヤ,https://www.cosme.net/categories/effect/1018/,ツヤ,https://www.cosme.net/categories/effect/1017/,マット,https://www.cosme.net/categories/effect/1018/,ツヤ,,,,,,,,,,,https://www.cosme.net/reviews/515088159/,https://www.cosme.net/reviews/515088159/photo-1/,https://cache-cdn.cosme.net/media/collection/2192/1132/11220602_l.jpg,https://www.cosme.net/reviews/515088159/photo-2/,https://cache-cdn.cosme.net/media/collection/2192/1132/11220604_l.jpg,https://www.cosme.net/reviews/515088159/photo-3/,https://cache-cdn.cosme.net/media/collection/2192/1132/11499802_l.jpg,現品,https://www.cosme.net/variations/1201785/,G04　スパイダー リリー調香師,https://fitter.cosme.net/media/product/10260/skuimg_1024220.jpg,,,,,,,,,,,,,-,,,https://www.cosme.net/contact/report-review/review_id/515088159,9,,認証済,https://www.cosme.net/categories/pchannel/2/,https://www.cosme.net/categories/effect/1002/,https://www.cosme.net/categories/effect/1013/,https://www.cosme.net/categories/effect/1018/,スーパー・ドラッグ,https://www.cosme.net/categories/effect/1030/,うるおい,https://www.cosme.net/categories/effect/1028/,ナチュラルメイク,,https://www.cosme.net/categories/effect/1021/,ツヤ,,肌の透明感・薄づき,,フィット感,,,,,25人以上のメンバーにお気に入り登録されています,,,,,発色がよい,,,,,,
https://my.cosme.net/open_top/show/user_id/5621592,https://pc.assets-cosme.net/images/user/characters/no_image/noimage_xs.gif,https://my.cosme.net/open_top/show/user_id/5621592,きゅぴ（データ消えたので再登録）,10人以上のメンバーにお気に入り登録されています,31歳,乾燥肌,https://my.cosme.net/open_entry_reviewlist/list/user_id/5621592,クチコミ投稿273件,273,4購入品,,2025/4/5 9:35:56,"普通のリップモンスター（02番 pinkbanana)を使い切ったため、艶タイプの色が似てるこちらのG02ピンクムーンの雫を購入。
3ヶ月くらい使ったんですけど、個人的には微妙です。確かに見た目はツヤツヤになります。普通のリップモンスターより荒れにくいと思って買ったんですけど、むしろツヤバースの方が唇の皮が剥け、荒れます。
色味は何にでも合う粘膜ピンクな感じで好きです。
でもpinkbananaの方が色味は万能でもう少し明るいピンクだったからそっちの方が好きでした。
唇が荒れるのがちょっと残念でした。
詳細をみる",https://www.cosme.net/categories/effect/1018/,ツヤ,https://www.cosme.net/categories/effect/1018/,ツヤ,https://www.cosme.net/categories/effect/1018/,ツヤ,,,,,,,,,,,,,,,,,https://www.cosme.net/reviews/515013011/,https://www.cosme.net/reviews/515013011/photo-1/,https://cache-cdn.cosme.net/media/collection/1372/1880/11179340_l.jpg,,,,,現品,https://www.cosme.net/variations/1185729/,G02 ピンクムーンの雫,https://fitter.cosme.net/media/product/10260/skuimg_1001941.jpg,,,,,,,,,,,,,-,,,https://www.cosme.net/contact/report-review/review_id/515013011,9,,認証済,https://www.cosme.net/categories/pchannel/2/,https://www.cosme.net/categories/effect/1018/,https://www.cosme.net/categories/effect/1028/,https://www.cosme.net/categories/effect/1020/,スーパー・ドラッグ,https://www.cosme.net/categories/effect/1021/,ツヤ,https://www.cosme.net/categories/effect/1086/,フィット感,,,持ちがよい・落ちにくい,,発色がよい,,コストパフォーマンス,,,,,,,,,,,,,,,,
https://my.cosme.net/open_top/show/user_id/2053742,https://cache-cdn.cosme.net/media/collection/501/1646/9086663_xs.jpeg,https://my.cosme.net/open_top/show/user_id/2053742,natsu.*,10人以上のメンバーにお気に入り登録されています,33歳,混合肌,https://my.cosme.net/open_entry_reviewlist/list/user_id/2053742,クチコミ投稿257件,257,3購入品,,2025/2/13 22:47:00,"KATE
ケイト リップモンスター ツヤバース
G01　明後日の水たまり
G02　ピンクムーンの雫

今更感はありますが、購入品としての記録です。

あのリップモンスターにツヤタイプが出るということで凄く楽しみにしていたアイテム。
リップモンスターは色が落ちづらい代わりに、少し乾燥しやすいという感じがあったので、このツヤタイプは期待大でした〇

かなり柔らかいバームみたいな質感で、塗り心地は悪くないけど…少しムラになりやすなと言うのが初見の感想。
若干シアー感はあるけど色はバッチリ付きますね。

ツヤっと仕上がるけど、普通のリップモンスターよりは色落ちしやすい。多少の飲食はオッケーという感じでしょうか？（バーム系？にしては色が残るみたいな感じ）

個人的にはG01の方が自分に合っていたかな。
G02は少し黄みが強かったので他のリップに重ねたりしながら使っていくのが良さそう。
気になる新色が出れば購入しそうだけど、現時点の定番品としてはリピ無しです。

#KATE　#ケイト　#リップモンスター　#リップモンスターツヤバース
#明後日の水たまり　#ピンクムーンの雫　#リップ
#プチプラコスメ　#コスメ　#コスメ購入品　#コスメ紹介


詳細をみる",https://www.cosme.net/categories/effect/1018/,ツヤ,https://www.cosme.net/categories/effect/1018/,ツヤ,https://www.cosme.net/categories/effect/1018/,ツヤ,https://www.cosme.net/categories/item/1067/,バーム,https://www.cosme.net/categories/effect/1018/,ツヤ,https://www.cosme.net/categories/item/1067/,バーム,https://www.cosme.net/categories/effect/1018/,ツヤ,https://www.cosme.net/tags/tag/5077/,プチプラコスメ,,,,,,,https://www.cosme.net/reviews/514776441/,https://www.cosme.net/reviews/514776441/photo-1/,https://cache-cdn.cosme.net/media/collection/501/1646/11034634_l.jpg,https://www.cosme.net/reviews/514776441/photo-2/,https://cache-cdn.cosme.net/media/collection/501/1646/11034635_l.jpg,https://www.cosme.net/reviews/514776441/photo-3/,https://cache-cdn.cosme.net/media/collection/501/1646/11034636_l.jpg,現品,https://www.cosme.net/variations/1185728/,G01 明後日の水たまり,https://fitter.cosme.net/media/product/10260/skuimg_1001938.jpg,https://www.cosme.net/variations/1185729/,G02 ピンクムーンの雫,https://fitter.cosme.net/media/product/10260/skuimg_1001941.jpg,,,,,,,,,,-,-,-,https://www.cosme.net/contact/report-review/review_id/514776441,9,,認証済,,,,,,,,,,,,,,,,,,,,,,,,,,,,,,,,
https://my.cosme.net/open_top/show/user_id/4685320,https://cache-cdn.cosme.net/media/collection/1143/3592/11568888_xs.jpeg,https://my.cosme.net/open_top/show/user_id/4685320,焼北あかり,,39歳,乾燥肌,https://my.cosme.net/open_entry_reviewlist/list/user_id/4685320,クチコミ投稿212件,212,評価しない購入品,,2025/1/24 19:39:36,"ツヤバースが気になっていたので、購入しました()
色はG02のピンクムーンの雫です（*｀・ω・*）ゞ
これ……イエベさん向けだったのですね……。
腕に試し塗りしてオレンジ系に発色したので……あ……イエベ
さん向けカラーだコレ( * ω)σってなりました……。
間違えたので、評価無しに致しました
友達にあげる事にしました……(´-`)oＯ多分イエベさんだと
思うので……。試し塗りしかしていないので、良さは
解りませんが……( ω ).｡o発色は良いと思います。

詳細をみる",https://www.cosme.net/categories/effect/1018/,ツヤ,,,,,,,,,,,,,,,,,,,,,https://www.cosme.net/reviews/514688101/,https://www.cosme.net/reviews/514688101/photo-1/,https://cache-cdn.cosme.net/media/collection/1143/3592/10984381_l.jpg,https://www.cosme.net/reviews/514688101/photo-2/,https://cache-cdn.cosme.net/media/collection/1143/3592/10984382_l.jpg,https://www.cosme.net/reviews/514688101/photo-3/,https://cache-cdn.cosme.net/media/collection/1143/3592/10984383_l.jpg,現品,https://www.cosme.net/variations/1185729/,G02 ピンクムーンの雫,https://fitter.cosme.net/media/product/10260/skuimg_1001941.jpg,,,,,,,,,,,,,-,,,https://www.cosme.net/contact/report-review/review_id/514688101,9,,認証済,https://www.cosme.net/categories/pchannel/6/,https://www.cosme.net/categories/effect/1021/,,,通販化粧品・コスメ,,発色がよい,,,100人以上のメンバーにお気に入り登録されています,,,,,,,,,,,,,,,,,,,,,,
https://my.cosme.net/open_top/show/user_id/2158198,https://cache-cdn.cosme.net/media/collection/526/3702/10551397_xs.jpeg,https://my.cosme.net/open_top/show/user_id/2158198,hum-fumo,,35歳,混合肌,https://my.cosme.net/open_entry_reviewlist/list/user_id/2158198,クチコミ投稿280件,280,6購入品,,2025/1/20 17:07:42,"友達が付けていてとっても綺麗だったので購入しました！
いつものリップモンスターよりツヤツヤ
とろける塗り心地で冬にも良さそうです！
ツヤタイプの中では色持ちがいいほうだと思います♪

2025.5追記
もれなく新色も買ってしまいました、、、
G05のローズピンクがブルベにツボすぎて♪
詳細をみる",https://www.cosme.net/categories/effect/1018/,ツヤ,https://www.cosme.net/categories/effect/1018/,ツヤ,https://www.cosme.net/categories/effect/1018/,ツヤ,,,,,,,,,,,,,,,,,https://www.cosme.net/reviews/514669932/,https://www.cosme.net/reviews/514669932/photo-1/,https://cache-cdn.cosme.net/media/collection/526/3702/10975301_l.jpg,https://www.cosme.net/reviews/514669932/photo-2/,https://cache-cdn.cosme.net/media/collection/526/3702/11296813_l.jpg,https://www.cosme.net/reviews/514669932/photo-3/,https://cache-cdn.cosme.net/media/collection/526/3702/11296814_l.jpg,現品,https://www.cosme.net/variations/1201785/,G04　スパイダー リリー調香師,https://fitter.cosme.net/media/product/10260/skuimg_1024220.jpg,https://www.cosme.net/variations/1201786/,G05　ピンク ロビンの泉,https://fitter.cosme.net/media/product/10260/skuimg_1024222.jpg,https://www.cosme.net/variations/1185728/,G01 明後日の水たまり,https://fitter.cosme.net/media/product/10260/skuimg_1001938.jpg,https://www.cosme.net/variations/1185729/,G02 ピンクムーンの雫,https://fitter.cosme.net/media/product/10260/skuimg_1001941.jpg,https://www.cosme.net/variations/1185730/,G03 99.9℃,https://fitter.cosme.net/media/product/10260/skuimg_1001944.jpg,-,,,https://www.cosme.net/contact/report-review/review_id/514669932,9,500人以上のメンバーにお気に入り登録されています,認証済,https://www.cosme.net/categories/pchannel/2/,https://www.cosme.net/categories/effect/1018/,https://www.cosme.net/categories/effect/1064/,https://www.cosme.net/categories/effect/1020/,スーパー・ドラッグ,https://www.cosme.net/categories/effect/1021/,ツヤ,,立体感,,,持ちがよい・落ちにくい,,発色がよい,,,,,,,,,,,,,,,,,,
https://my.cosme.net/open_top/show/user_id/5479328,https://pc.assets-cosme.net/images/user/characters/no_image/noimage_xs.gif,https://my.cosme.net/open_top/show/user_id/5479328,*あらいぐまちゃん*,,38歳,混合肌,https://my.cosme.net/open_entry_reviewlist/list/user_id/5479328,クチコミ投稿331件,331,4購入品,,2024/12/28 21:40:03,"イエベ春、G03購入！
これまでリップモンスターは何本も購入してるくらい大好き。こちらはツヤがあるタイプとのことで楽しみ過ぎました。

本当にツヤが出て、綺麗な色味です?！！
派手すぎず地味すぎず、可愛い色！
気に入りました！

ただ、塗ろうと思ってクルクル出しすぎちゃうと戻らないのが注意点！少しずつ使っています。

ドラストにあったテスターが、暖房でなのか？ふにゃふにゃになってしまっていて。力を入れて塗ると折れそうな感じでした。そのため、注意してつかっています。
詳細をみる",https://www.cosme.net/categories/effect/1018/,ツヤ,https://www.cosme.net/categories/effect/1018/,ツヤ,,,,,,,,,,,,,,,,,,,https://www.cosme.net/reviews/514569046/,https://www.cosme.net/reviews/514569046/photo-1/,https://cache-cdn.cosme.net/media/collection/1337/2976/10927466_l.jpg,,,,,現品,https://www.cosme.net/variations/1185730/,G03 99.9℃,https://fitter.cosme.net/media/product/10260/skuimg_1001944.jpg,,,,,,,,,,,,,-,-,-,https://www.cosme.net/contact/report-review/review_id/514569046,9,,,,,,,,,,,,,,,,,,,,,,,25人以上のメンバーにお気に入り登録されています,,,,,,,,,,,
https://my.cosme.net/open_top/show/user_id/7185406,https://cache-cdn.cosme.net/media/collection/1754/1022/9387739_xs.jpeg,https://my.cosme.net/open_top/show/user_id/7185406,Happyuco,,59歳,乾燥肌,https://my.cosme.net/open_entry_reviewlist/list/user_id/7185406,クチコミ投稿51件,51,7購入品,,2024/10/28 20:22:16,"遅ればせながら、初リプモンデビューです(^^;;
テスターがなかったので、勝負！って思いきってみました。
なめらかに唇に乗ってくれるので、ノンストレス(^^)下地にリップクリーム不要です。
ツヤ感もギトギト過ぎなくて、とても使いやすいです♪
詳細をみる",https://www.cosme.net/categories/item/1031/,リップクリーム,https://www.cosme.net/categories/effect/1018/,ツヤ,,,,,,,,,,,,,,,,,,,https://www.cosme.net/reviews/514281031/,,,,,,,現品,https://www.cosme.net/variations/1185728/,G01 明後日の水たまり,https://fitter.cosme.net/media/product/10260/skuimg_1001938.jpg,,,,,,,,,,,,,-,-,,https://www.cosme.net/contact/report-review/review_id/514281031,9,,認証済,https://www.cosme.net/categories/pchannel/4/,,,,化粧品専門店,,,,,100人以上のメンバーにお気に入り登録されています,,,,,,,,,,,,,,,,,,,,,,
https://my.cosme.net/open_top/show/user_id/7914743,https://cache-cdn.cosme.net/media/collection/1932/1271/8454847_xs.jpeg,https://my.cosme.net/open_top/show/user_id/7914743,kxkxan,,32歳,混合肌,https://my.cosme.net/open_entry_reviewlist/list/user_id/7914743,クチコミ投稿136件,136,6購入品,,2024/10/24 8:26:07,"既存のリップモンスターは乾燥して唇の皮が剥けてしまいますがこちらは大丈夫でした！
するするとろけるように塗れてクリアーな高発色。

色持ちは既存のほうがいいと思いますがこのツヤ感のある仕上がりで少しは色持ちもしてくれるのでよかったです！

とにかく色がかわいい

繰り出し式で戻らないので少しずつ出すのがおすすめです！
詳細をみる",https://www.cosme.net/categories/effect/1018/,ツヤ,,,,,,,,,,,,,,,,,,,,,https://www.cosme.net/reviews/514264231/,https://www.cosme.net/reviews/514264231/photo-1/,https://cache-cdn.cosme.net/media/collection/1932/1271/10783768_l.jpg,https://www.cosme.net/reviews/514264231/photo-2/,https://cache-cdn.cosme.net/media/collection/1932/1271/10783769_l.jpg,,,現品,https://www.cosme.net/variations/1185729/,G02 ピンクムーンの雫,https://fitter.cosme.net/media/product/10260/skuimg_1001941.jpg,,,,,,,,,,,,,-,-,-,https://www.cosme.net/contact/report-review/review_id/514264231,9,,,,,,,,,,,,,,,,,,,,,,,,,,,,,,,,,,5人以上のメンバーにお気に入り登録されています
https://my.cosme.net/open_top/show/user_id/662539,https://pc.assets-cosme.net/images/user/characters/no_image/noimage_xs.gif,https://my.cosme.net/open_top/show/user_id/662539,☆あいぴ☆,,43歳,混合肌,https://my.cosme.net/open_entry_reviewlist/list/user_id/662539,クチコミ投稿33件,33,1購入品,,2024/10/17 4:55:32,"カラーはピンクムーンの雫を購入
出したら戻せないのも少し驚きましたが
不器用だからか塗ると、むらができました
私の唇の色だと少しオレンジ系？になりました
なんとか綺麗に濡れて、うるうるで喜んでいたのですが
数分後ティッシュオフすると全てティッシュに(T_T)
いつもの落ちにくいリップモンスターの良さは
全く感じられませんでした
残念です(T_T)


詳細をみる",https://www.cosme.net/categories/item/1154/,ティッシュ,https://www.cosme.net/categories/item/1154/,ティッシュ,https://www.cosme.net/categories/effect/1020/,落ちにくい,,,,,,,,,,,,,,,,,https://www.cosme.net/reviews/514237190/,,,,,,,現品,https://www.cosme.net/variations/1185729/,G02 ピンクムーンの雫,https://fitter.cosme.net/media/product/10260/skuimg_1001941.jpg,,,,,,,,,,,,,-,-,-,https://www.cosme.net/contact/report-review/review_id/514237190,9,,,,,,,,,,,,,,,,,,,,,,,,,,,,,,,,,,
https://my.cosme.net/open_top/show/user_id/6804930,https://cache-cdn.cosme.net/media/collection/1661/1474/10289219_xs.jpeg,https://my.cosme.net/open_top/show/user_id/6804930,さくらももまみ,,50歳,混合肌,https://my.cosme.net/open_entry_reviewlist/list/user_id/6804930,クチコミ投稿68件,68,4購入品,,2025/8/5 18:17:46,"ブルベ冬が大好物な色味でしたが
クレンジングしたあと唇がヒリヒリしました
リップモンスターシリーズは好みの色が多く大好きで多数所持しています
もしかしたら今回は大丈夫かな？と期待しましたが合わない成分が入っているようです…残念
下の部分をクルクル回すと繰り出してくるタイプ
一度出すと戻らないので注意です^ ^
詳細をみる",https://www.cosme.net/categories/item/901/,クレンジング,,,,,,,,,,,,,,,,,,,,,https://www.cosme.net/reviews/515547482/,https://www.cosme.net/reviews/515547482/photo-1/,https://cache-cdn.cosme.net/media/collection/1661/1474/11458446_l.jpg,,,,,現品,https://www.cosme.net/variations/1201786/,G05　ピンク ロビンの泉,https://fitter.cosme.net/media/product/10260/skuimg_1024222.jpg,,,,,,,,,,,,,-,,,https://www.cosme.net/contact/report-review/review_id/515547482,8,,認証済,https://www.cosme.net/categories/pchannel/4/,https://www.cosme.net/categories/effect/1013/,https://www.cosme.net/categories/effect/1030/,https://www.cosme.net/categories/effect/1021/,化粧品専門店,,ナチュラルメイク,,肌の透明感・薄づき,100人以上のメンバーにお気に入り登録されています,,発色がよい,,,,,,,,,,,,,,,,,,,,
https://my.cosme.net/open_top/show/user_id/10917240,https://pc.assets-cosme.net/images/user/characters/no_image/noimage_xs.gif,https://my.cosme.net/open_top/show/user_id/10917240,りんごのりー,10人以上のメンバーにお気に入り登録されています,42歳,乾燥肌,https://my.cosme.net/open_entry_reviewlist/list/user_id/10917240,クチコミ投稿35件,35,6購入品,,2025/6/30 22:47:14,"ずっと欲しかったリップモンスターのツヤバース！
毎回04は欠品していてやっと購入！
あまり派手な色は似合わないので04を購入！使いやすくアイシャドウやチークの色を選ばれずに使えるのが嬉しいです！
ツヤがあり顔映りもよくなります！
通常のリプモンよりも細く使いやすいです！
詳細をみる",https://www.cosme.net/categories/effect/1018/,ツヤ,https://www.cosme.net/categories/item/912/,アイシャドウ,https://www.cosme.net/categories/item/914/,チーク,https://www.cosme.net/categories/effect/1018/,ツヤ,,,,,,,,,,,,,,,https://www.cosme.net/reviews/515405759/,,,,,,,現品,https://www.cosme.net/variations/1201785/,G04　スパイダー リリー調香師,https://fitter.cosme.net/media/product/10260/skuimg_1024220.jpg,,,,,,,,,,,,,-,-,,https://www.cosme.net/contact/report-review/review_id/515405759,8,,,https://www.cosme.net/categories/effect/1018/,https://www.cosme.net/categories/effect/1020/,,,ツヤ,,持ちがよい・落ちにくい,,,,,,,,,,,,,,,,,,,,,,,,,
https://my.cosme.net/open_top/show/user_id/605224,https://cache-cdn.cosme.net/media/collection/147/3112/10019286_xs.jpeg,https://my.cosme.net/open_top/show/user_id/605224,BeautyCracker,,37歳,脂性肌,https://my.cosme.net/open_entry_reviewlist/list/user_id/605224,クチコミ投稿581件,581,6購入品,,,"色、仕上がり、パッケージ総合的に私的にかなりのHIT！
リップモンスター11番がすごく気に入ってたんですが似たようなブラウンに、艶感がアップされて、細くなって塗りやすい。こちらの方が赤みがあるブラウンです。

ティント的な色持ちはリプモンには少し劣りますけど普段使いには十分です。リップは直すものだと思っています。
発色はシアーなリップモンスターよりしっかりあります

気になるのは量が1.6gと普通のリップと比べて半分ほどしか入ってない！少なすぎん？
3g前後が口紅では普通（リプモン3g）で2g以下ってミニサイズ以外で見たことない…毎日使う人はすぐなくなるかも。そういう意味で対g単位だと結構なハイエンド価格。

仕事にもデートにも◎でオシャレです。
リップライナーの色によって濃くもナチュラルにもできて万能。色展開が寂しいですが、またリピートすると思います♪
詳細をみる",https://www.cosme.net/categories/pickup/1026/,ティント,https://www.cosme.net/categories/item/913/,口紅,https://www.cosme.net/categories/item/913/,リップライナー,,,,,,,,,,,,,,,,,https://www.cosme.net/reviews/515343769/,https://www.cosme.net/reviews/515343769/photo-1/,https://cache-cdn.cosme.net/media/collection/147/3112/11348552_l.jpg,,,,,現品,https://www.cosme.net/variations/1185730/,G03 99.9℃,https://fitter.cosme.net/media/product/10260/skuimg_1001944.jpg,,,,,,,,,,,,,-,,,https://www.cosme.net/contact/report-review/review_id/515343769,8,,認証済,https://www.cosme.net/categories/pchannel/6/,https://www.cosme.net/categories/effect/1030/,https://www.cosme.net/categories/effect/1064/,https://www.cosme.net/categories/effect/1028/,通販化粧品・コスメ,,肌の透明感・薄づき,,立体感,100人以上のメンバーにお気に入り登録されています,,フィット感,,,,,,,,,,2025/6/18 10:26:10,,,,,,,,,,
https://my.cosme.net/open_top/show/user_id/7346,https://cache-cdn.cosme.net/media/collection/1/3250/604365_xs.jpg,https://my.cosme.net/open_top/show/user_id/7346,くみぞー,,50歳,乾燥肌,https://my.cosme.net/open_entry_reviewlist/list/user_id/7346,クチコミ投稿44件,44,5購入品,,2025/5/10 1:39:17,"G01（明後日のひだまり）を使ってみて良かったので
アットコスメストアで05が売っていたため購入。
売り切れているお店が多い中、買えて嬉しいです。

このピンクロビンの泉の色は、ブルベさん向きのピンク。
色白から標準の人に似合うと思います。
リップモンスターは、全体的にイエベさん用の色がたくさんあります。
個人的な意見ですが、ブルベ向きの色が、これからもっと発売されるといいなあと期待しています。
詳細をみる",,,,,,,,,,,,,,,,,,,,,,,https://www.cosme.net/reviews/515161224/,https://www.cosme.net/reviews/515161224/photo-1/,https://cache-cdn.cosme.net/media/collection/1/3250/11260982_l.jpg,,,,,現品,https://www.cosme.net/variations/1201786/,G05　ピンク ロビンの泉,https://fitter.cosme.net/media/product/10260/skuimg_1024222.jpg,,,,,,,,,,,,,-,-,-,https://www.cosme.net/contact/report-review/review_id/515161224,8,,認証済,,,,,,,,,,,,,,,,,,,,,,,,,,,,,,,,5人以上のメンバーにお気に入り登録されています
https://my.cosme.net/open_top/show/user_id/5765480,https://pc.assets-cosme.net/images/user/characters/no_image/noimage_xs.gif,https://my.cosme.net/open_top/show/user_id/5765480,choococo,,38歳,混合肌,https://my.cosme.net/open_entry_reviewlist/list/user_id/5765480,クチコミ投稿63件,63,6購入品,,2024/11/16 18:04:40,"艶ももちもよくてとても、気に入っています。普通のリプモンとはやっぱり違いがあってこちらの方がむっちりとした唇になります。
イエベですが、02の色味がとても気に入っています。ピンクバナナの青みが気になる方はこちらがはまる気がします。
詳細をみる",,,,,,,,,,,,,,,,,,,,,,,https://www.cosme.net/reviews/514353554/,,,,,,,現品,https://www.cosme.net/variations/1185728/,G01 明後日の水たまり,https://fitter.cosme.net/media/product/10260/skuimg_1001938.jpg,https://www.cosme.net/variations/1185729/,G02 ピンクムーンの雫,https://fitter.cosme.net/media/product/10260/skuimg_1001941.jpg,https://www.cosme.net/variations/1185730/,G03 99.9℃,https://fitter.cosme.net/media/product/10260/skuimg_1001944.jpg,,,,,,,-,-,-,https://www.cosme.net/contact/report-review/review_id/514353554,8,,,,,,,,,,,,,,,,,,,,,,,,,,,,,,,,,,
,https://pc.assets-cosme.net/images/user/characters/no_image/noimage_xs.gif,https://www.cosme.net/sms/,**あらかさ**,,32歳,普通肌,,,57,5購入品,,2024/11/3 15:19:51,"現行シリーズで1番イエベ春タイプ向きだと思う

G02を購入しました。
濁りのない中明度のコーラル系ピンクです。

色味は既存色のピンクバナナに近いけれど黄味があってより使いやすいです。

陽炎よりも赤みがあって物足りなくもなりません。

色がすごく気に入って即ストック購入しましたが色持ちはあまり良くなくて多分結構消耗も早いのでコスパはよくないと思われます。
リップモンスターの艶バージョンと思ったら（色もちの悪さには）ガッカリするかな？リップモンスターの色もちを10とすれば5-6くらいのイメージです。

通常のリップモンスターからこの色が出たらいいなと思います。

詳細をみる",,,,,,,,,,,,,,,,,,,,,,,https://www.cosme.net/reviews/514303379/,https://www.cosme.net/reviews/514303379/photo-1/,https://cache-cdn.cosme.net/media/collection/1641/1770/10808530_l.jpg,,,,,現品,https://www.cosme.net/variations/1185729/,G02 ピンクムーンの雫,https://fitter.cosme.net/media/product/10260/skuimg_1001941.jpg,,,,,,,,,,,,,-,-,,https://www.cosme.net/contact/report-review/review_id/514303379,8,,認証済,https://www.cosme.net/categories/effect/1013/,https://www.cosme.net/categories/effect/1018/,https://www.cosme.net/categories/effect/1030/,https://www.cosme.net/categories/effect/1021/,ナチュラルメイク,,ツヤ,,肌の透明感・薄づき,,,発色がよい,,,,,,,,,,,,,,,,,,,,
https://my.cosme.net/open_top/show/user_id/2479268,https://cache-cdn.cosme.net/images/user/characters/30/mychara29_xs.gif,https://my.cosme.net/open_top/show/user_id/2479268,☆sh☆,10人以上のメンバーにお気に入り登録されています,33歳,混合肌,https://my.cosme.net/open_entry_reviewlist/list/user_id/2479268,クチコミ投稿150件,150,7購入品,,2024/11/2 10:49:54,"使い続け評価上げました！
この価格でこのクオリティはすごい。
一軍になりました！

スタンダードなリプモンより好きです。
理由は、スタンダードなリプモンは時間が経つと乾燥して縦じわになりますが、
これは縦じわが消えてプルプルになるからです！

色持ちも思ったより良いですよ！
色持ちはスタンダードリプモンのが上ですが、唇の治安などトータルで見たら私はこちらの方が好みでした！

あまり期待していなかっただけに、良い買い物でした！
スタンダードリプモンくらいカラバリ増えることを期待^^
詳細をみる",,,,,,,,,,,,,,,,,,,,,,,https://www.cosme.net/reviews/514281903/,,,,,,,現品,,,,,,,,,,,,,,,,-,-,,https://www.cosme.net/contact/report-review/review_id/514281903,8,,認証済,https://www.cosme.net/categories/pchannel/2/,,,,スーパー・ドラッグ,,,,,,,,,,,,,,,,,,,,,,,,,,,
https://my.cosme.net/open_top/show/user_id/5929485,https://cache-cdn.cosme.net/media/collection/1447/2573/7605468_xs.jpeg,https://my.cosme.net/open_top/show/user_id/5929485,あっこたにたに,,46歳,混合肌,https://my.cosme.net/open_entry_reviewlist/list/user_id/5929485,クチコミ投稿111件,111,4購入品,,2024/10/27 11:48:41,"名前の通りツヤツヤです

質感がとても柔らかく体温で溶けてバームのような塗り心地です

色は落ち着いたブラウン系で肌馴染みがよく使いやすいと思います

繰り出し式なので一度出したら戻せないので、使用する際は気をつけてください
詳細をみる",https://www.cosme.net/categories/effect/1018/,ツヤ,https://www.cosme.net/categories/effect/1018/,ツヤ,https://www.cosme.net/categories/item/1067/,バーム,,,,,,,,,,,,,,,,,https://www.cosme.net/reviews/514275167/,https://www.cosme.net/reviews/514275167/photo-1/,https://cache-cdn.cosme.net/media/collection/1447/2573/10790718_l.jpg,https://www.cosme.net/reviews/514275167/photo-2/,https://cache-cdn.cosme.net/media/collection/1447/2573/10790719_l.jpg,,,現品,https://www.cosme.net/variations/1185730/,G03 99.9℃,https://fitter.cosme.net/media/product/10260/skuimg_1001944.jpg,,,,,,,,,,,,,-,,,https://www.cosme.net/contact/report-review/review_id/514275167,8,,,https://www.cosme.net/categories/pchannel/6/,https://www.cosme.net/categories/effect/1002/,https://www.cosme.net/categories/effect/1018/,https://www.cosme.net/categories/effect/1064/,通販化粧品・コスメ,https://www.cosme.net/categories/effect/1020/,うるおい,https://www.cosme.net/categories/effect/1021/,ツヤ,,https://www.cosme.net/categories/effect/1086/,立体感,,持ちがよい・落ちにくい,,発色がよい,,,,,,,50人以上のメンバーにお気に入り登録されています,,,コストパフォーマンス,,,,,,
https://my.cosme.net/open_top/show/user_id/6063152,https://pc.assets-cosme.net/images/user/characters/no_image/noimage_xs.gif,https://my.cosme.net/open_top/show/user_id/6063152,リンケロ,,56歳,普通肌,https://my.cosme.net/open_entry_reviewlist/list/user_id/6063152,クチコミ投稿25件,25,3購入品,,2024/10/20 22:37:53,"ピンク色だと思ってつけたら意外にオレンジよりのピンクで驚きました。時間がたつとだんだんピンクになってきたのであーなるほどと思いましたが思っていた色とはちょっと違いました。あとわりと落ちます。普通のリップモンスターの方がいいです。
良いところは潤うとこほかな。
詳細をみる",,,,,,,,,,,,,,,,,,,,,,,https://www.cosme.net/reviews/514251355/,,,,,,,現品,,,,,,,,,,,,,,,,-,,,https://www.cosme.net/contact/report-review/review_id/514251355,8,,,https://www.cosme.net/categories/pchannel/6/,https://www.cosme.net/categories/effect/1002/,https://www.cosme.net/categories/effect/1018/,,通販化粧品・コスメ,,うるおい,,ツヤ,,,,,,,,,,,,,,,,,,,,,,,
https://my.cosme.net/open_top/show/user_id/11787059,https://cache-cdn.cosme.net/media/collection/2877/2867/11824063_xs.jpeg,https://my.cosme.net/open_top/show/user_id/11787059,蒙恬推し。,,30歳,乾燥肌,https://my.cosme.net/open_entry_reviewlist/list/user_id/11787059,クチコミ投稿36件,36,3購入品,,2026/1/18 22:45:46,"画像の通り艶々！細いスティックなので塗りやすい。少しシアーなつけ心地。凄く柔らかいのでマダラになるというか、綺麗に塗るのが難しかった。色持ちは普通。一回繰り出すと戻せないのがびっくり。減りはかなり早そう。。。
詳細をみる",,,,,,,,,,,,,,,,,,,,,,,https://www.cosme.net/reviews/516359163/,https://www.cosme.net/reviews/516359163/photo-1/,https://cache-cdn.cosme.net/media/collection/2877/2867/11838326_l.jpg,,,,,現品,https://www.cosme.net/variations/1185730/,G03 99.9℃,https://fitter.cosme.net/media/product/10260/skuimg_1001944.jpg,,,,,,,,,,,,,-,-,,https://www.cosme.net/contact/report-review/review_id/516359163,7,,認証済,https://www.cosme.net/categories/pchannel/2/,,,,スーパー・ドラッグ,,,,,,,,,,,,,,,,25人以上のメンバーにお気に入り登録されています,,,,,,,,,,,
https://my.cosme.net/open_top/show/user_id/4392672,https://cache-cdn.cosme.net/media/collection/1072/1760/5618511_xs.jpeg,https://my.cosme.net/open_top/show/user_id/4392672,ぶんこ姫,,45歳,乾燥肌,https://my.cosme.net/open_entry_reviewlist/list/user_id/4392672,クチコミ投稿713件,713,6購入品,,2025/12/29 14:22:28,"イエベ秋でスパイダーリリー調香師を購入しました。普通のリプモンも使用したことがありますが、やはり大きな違いはツヤ感。またこちらのほうが芯が細く塗りやすいです。かなり柔らかいテクスチャーで塗り心地が良く、グロスがいらないぐらい綺麗なツヤが出て縦皺が目立たなくなります。また色持ちも普通のリプモンと同じぐらい良いです。唇の乾燥に関してはリプモンよりこちらのほうが潤いがあるなという印象。購入したスパイダーリリー調香師はベージュレッド系のカラーで、ほどよい赤みがあるのでイエベブルベ関係なく誰にでも似合いそうなカラーだと思いました。ただ繰り出した後戻せないので少しずつ出したほうがいいですね。
詳細をみる",https://www.cosme.net/categories/effect/1018/,ツヤ,https://www.cosme.net/categories/item/913/,グロス,https://www.cosme.net/categories/effect/1018/,ツヤ,https://www.cosme.net/categories/effect/1012/,唇の乾燥,,,,,,,,,,,,,,,https://www.cosme.net/reviews/516244054/,https://www.cosme.net/reviews/516244054/photo-1/,https://cache-cdn.cosme.net/media/collection/1072/1760/11804652_l.jpg,,,,,現品,https://www.cosme.net/variations/1201785/,G04　スパイダー リリー調香師,https://fitter.cosme.net/media/product/10260/skuimg_1024220.jpg,,,,,,,,,,,,,,,,https://www.cosme.net/contact/report-review/review_id/516244054,7,,認証済,https://www.cosme.net/categories/pchannel/2/,https://www.cosme.net/categories/effect/1002/,https://www.cosme.net/categories/effect/1013/,https://www.cosme.net/categories/effect/1018/,スーパー・ドラッグ,https://www.cosme.net/categories/effect/1028/,うるおい,https://www.cosme.net/categories/effect/1020/,ナチュラルメイク,100人以上のメンバーにお気に入り登録されています,https://www.cosme.net/categories/effect/1021/,ツヤ,https://www.cosme.net/categories/effect/1086/,フィット感,https://www.cosme.net/tags/tag/619229/,持ちがよい・落ちにくい,,,,,,,,https://www.cosme.net/tags/tag/5078/,https://www.cosme.net/tags/tag/5032/,発色がよい,https://www.cosme.net/tags/tag/89071/,コストパフォーマンス,https://www.cosme.net/tags/tag/6285/,ツヤバース,スリム,
https://my.cosme.net/open_top/show/user_id/2738296,https://pc.assets-cosme.net/images/user/characters/no_image/noimage_xs.gif,https://my.cosme.net/open_top/show/user_id/2738296,妖怪リップ集め,,35歳,混合肌,https://my.cosme.net/open_entry_reviewlist/list/user_id/2738296,クチコミ投稿67件,67,4購入品リピート,リピート,2025/10/1 1:48:16,"哀愁の亡霊 Ex-1 を購入しました！

肌を明るく見せてくれるし秋に最適な色です 青みが強めなかなりダークなブラウンです！

個人的にツヤバースは普通のリプモンよりもムラになりやすいような使用感があまり好きではありませんが、ツヤってなるのは良いしやはり色持ち良いです。
詳細をみる",https://www.cosme.net/categories/effect/1018/,ツヤ,https://www.cosme.net/categories/effect/1018/,ツヤ,,,,,,,,,,,,,,,,,,,https://www.cosme.net/reviews/515834357/,https://www.cosme.net/reviews/515834357/photo-1/,https://cache-cdn.cosme.net/media/collection/668/2168/11614885_l.jpg,https://www.cosme.net/reviews/515834357/photo-2/,https://cache-cdn.cosme.net/media/collection/668/2168/11669624_l.jpg,,,現品,https://www.cosme.net/variations/1218653/,EX-1 哀愁の亡霊,https://fitter.cosme.net/media/product/10260/skuimg_1056320.jpg,,,,,,,,,,,,,-,,,https://www.cosme.net/contact/report-review/review_id/515834357,7,,,https://www.cosme.net/categories/pchannel/2/,https://www.cosme.net/categories/effect/1020/,https://www.cosme.net/categories/effect/1021/,https://www.cosme.net/categories/effect/1018/,スーパー・ドラッグ,https://www.cosme.net/categories/effect/1064/,持ちがよい・落ちにくい,,発色がよい,,,ツヤ,,立体感,,,,,,,,,,,,,,,,,,5人以上のメンバーにお気に入り登録されています
https://my.cosme.net/open_top/show/user_id/10993926,https://cache-cdn.cosme.net/media/collection/2684/262/11197330_xs.jpeg,https://my.cosme.net/open_top/show/user_id/10993926,コウノトリちゃん,,43歳,乾燥肌,https://my.cosme.net/open_entry_reviewlist/list/user_id/10993926,クチコミ投稿152件,152,6購入品,,2025/8/30 16:27:27,"気になっていたツヤバース！リップは絶対にツヤが欲しいのでこちらはすごくピッタリでした！
塗り心地は全くコツ要らずで使うことができたし、色味がすぐに落ちてしまうこともなくて使いやすいです。普段使いにもってこいなので色味次第でリピするかも。
詳細をみる",https://www.cosme.net/categories/effect/1018/,ツヤ,https://www.cosme.net/categories/effect/1018/,ツヤ,,,,,,,,,,,,,,,,,,,https://www.cosme.net/reviews/515667817/,,,,,,,現品,,,,,,,,,,,,,,,,-,-,-,https://www.cosme.net/contact/report-review/review_id/515667817,7,,認証済,,,,,,,,,,100人以上のメンバーにお気に入り登録されています,,,,,,,,,,,,,,,,,,,,,,
https://my.cosme.net/open_top/show/user_id/7137732,https://cache-cdn.cosme.net/media/collection/1742/2500/10308459_xs.jpeg,https://my.cosme.net/open_top/show/user_id/7137732,せせまる,10人以上のメンバーにお気に入り登録されています,36歳,敏感肌,https://my.cosme.net/open_entry_reviewlist/list/user_id/7137732,クチコミ投稿195件,195,4購入品,,2025/8/24 15:55:23,"KATE×USJコラボ。
期間限定アトラクション
「18番地の魔女?
感情と戯れる魔女の館～」に
登場する4人の魔女をイメージした
限定色が発売。

EX-1哀愁の亡霊（ツヤバース）は
深みのあるローズレッド。
私の唇だと熟れたプラムのような
印象で彩度低めで落ち着いた印象。
秋冬メイクに使いたい！！

ツヤバースなのでちゅるんと
ツヤのある仕上がりで
ベタつきは気にならなかった◎
色持ちはまぁまぁかな？
繰り出し式なので
１度出すと戻せないので
注意が必要

数量限定発売なので
気になる方はお早めに
詳細をみる",https://www.cosme.net/categories/effect/1018/,ツヤ,https://www.cosme.net/categories/effect/1018/,ツヤ,https://www.cosme.net/categories/effect/1018/,ツヤ,,,,,,,,,,,,,,,,,https://www.cosme.net/reviews/515646712/,https://www.cosme.net/reviews/515646712/photo-1/,https://cache-cdn.cosme.net/media/collection/1742/2500/11504902_l.jpg,https://www.cosme.net/reviews/515646712/photo-2/,https://cache-cdn.cosme.net/media/collection/1742/2500/11504903_l.jpg,https://www.cosme.net/reviews/515646712/photo-3/,https://cache-cdn.cosme.net/media/collection/1742/2500/11504904_l.jpg,現品,https://www.cosme.net/variations/1218653/,EX-1 哀愁の亡霊,https://fitter.cosme.net/media/product/10260/skuimg_1056320.jpg,,,,,,,,,,,,,-,,,https://www.cosme.net/contact/report-review/review_id/515646712,7,,認証済,https://www.cosme.net/categories/pchannel/2/,https://www.cosme.net/categories/effect/1002/,https://www.cosme.net/categories/effect/1018/,https://www.cosme.net/categories/effect/1021/,スーパー・ドラッグ,,うるおい,,ツヤ,,,発色がよい,,,,,,,,,,,,,,,,,,,,
https://my.cosme.net/open_top/show/user_id/4909871,https://cache-cdn.cosme.net/media/collection/1198/2863/8713275_xs.jpeg,https://my.cosme.net/open_top/show/user_id/4909871,michaaan31,10人以上のメンバーにお気に入り登録されています,28歳,敏感肌,https://my.cosme.net/open_entry_reviewlist/list/user_id/4909871,クチコミ投稿101件,101,6購入品リピート,リピート,2025/8/23 4:30:30,"KATEさんから8月23日発売されるリップモンスターとツヤバースを先行販売でGET

ケイト リップモンスター
EX-9戦慄の喜笑　
EX-10狂気の怒号

ケイト リップモンスター ツヤバース
EX-1哀愁の亡霊　
EX-2悪魔の快楽

先行販売でマツキヨに並んでたので全色GETしてきました。

今回はなんとあのUSJとのコラボ
4人の魔女をイメージして作られたみたい！
USJハロウィンコラボなので、深みのある秋先取りのカラーで私好みのカラー


今回はリップモンスターツヤバースの紹介
【EX-1　哀愁の亡霊】
EX-1哀愁の亡霊は1度塗りで結構ダークにしっかり発色してくれるディープローズ系のカラー

限定4色の中で1番悪い魔女っぽい気がする！！ベタ塗りだと使いづらいかもだけどぽんぽん塗りで使い分けできるし、ツヤバースは特に色持ちが良いから仕込みとして使うのもありかも◎

ぽんぽん塗りがめんどくさかったら一度ティッシュオフしてあげるだけでも◎

【EX-2 悪魔の快楽】
EX-2悪魔の快楽は鮮やかな赤多めに少しピンクが混ざったようなブライトレッド系！！ 限定4色の中で1番鮮やかで顔が明るくなる◎
カラーで私はこのカラーが1番好き！

ぽんぽん塗りでも結構しっかり発色するので
鮮やかすぎて使いにくいって人はティッシュオフして仕込みとして使うか、上から他のダークなカラーを重ねて使ってあげるのも可愛いと思います。

私は赤み強めの方が好きなのでリップモンスターツヤバースだとEX-2悪魔の快楽推しなのですが、リップモンスターEX-9戦慄の喜笑をぽんぽん塗りして上からツヤバースのEX-2悪魔の快楽を重ねて塗るのが1番好きな組み合わせでした

どれも限定色だし、塗り方によって雰囲気変えれるので気になった方はお早め！
詳細をみる",https://www.cosme.net/categories/effect/1018/,ツヤ,https://www.cosme.net/categories/effect/1018/,ツヤ,https://www.cosme.net/categories/effect/1018/,ツヤ,https://www.cosme.net/categories/effect/1018/,ツヤ,https://www.cosme.net/categories/item/1154/,ティッシュ,https://www.cosme.net/categories/item/1154/,ティッシュ,https://www.cosme.net/categories/effect/1018/,ツヤ,https://www.cosme.net/categories/effect/1018/,ツヤ,,,,,,,https://www.cosme.net/reviews/515640298/,https://www.cosme.net/reviews/515640298/photo-1/,https://cache-cdn.cosme.net/media/collection/1198/2863/11500828_l.jpg,https://www.cosme.net/reviews/515640298/photo-2/,https://cache-cdn.cosme.net/media/collection/1198/2863/11500829_l.jpg,https://www.cosme.net/reviews/515640298/photo-3/,https://cache-cdn.cosme.net/media/collection/1198/2863/11500830_l.jpg,現品,https://www.cosme.net/variations/1218653/,EX-1 哀愁の亡霊,https://fitter.cosme.net/media/product/10260/skuimg_1056320.jpg,https://www.cosme.net/variations/1218654/,EX-2 悪魔の快楽,https://fitter.cosme.net/media/product/10260/skuimg_1056321.jpg,,,,,,,,,,-,-,,https://www.cosme.net/contact/report-review/review_id/515640298,7,,,https://www.cosme.net/categories/pchannel/2/,,,,スーパー・ドラッグ,,,,,,,,,,,,,,,,,,,,,,,,,,,
https://my.cosme.net/open_top/show/user_id/10803368,https://pc.assets-cosme.net/images/user/characters/no_image/noimage_xs.gif,https://my.cosme.net/open_top/show/user_id/10803368,いかどんぶり,,39歳,混合肌,https://my.cosme.net/open_entry_reviewlist/list/user_id/10803368,クチコミ投稿26件,26,5購入品,,2025/8/19 23:19:57,"【追記】
EX-1 哀愁の亡霊
公式で見た感じはブラウンに見えたんですが、実物はダークなグレープでした。かなり好き。
今までのシアーな印象と打って変わってがっつり色が乗ります。ひと塗りでしっかりダークです。ブルベ冬歓喜の舞。


G01 明後日の水たまり、G05 ピンクロビンの泉 使用

クチコミを見てブルベ向けの2色を購入してみました。
G01…かなりしっかりしたレッド。｢お化粧しました！｣感強めです。顔面の攻撃力を上げたいならこちら。
G05…紫寄りのローズ。元の唇の色の彩度を上げたイメージになりました。普段使いならこちら。

写真は腕に塗っていますが、どうも自分は元の唇の色が濃いめのようでどちらも一度塗りでちょうど良い色味でした。
1stも2ndもブルベの方ならG05はドンピシャだと思います。G01は鮮やかさが得意な方に良さそう。
ツヤは流石に飲食で落ちますが、色持ちはかなり良いです。

難点を上げるとすれば、外見で区別がつけにくい所です。お名前シール必須。
詳細をみる",https://www.cosme.net/categories/effect/1018/,ツヤ,,,,,,,,,,,,,,,,,,,,,https://www.cosme.net/reviews/515226417/,https://www.cosme.net/reviews/515226417/photo-1/,https://cache-cdn.cosme.net/media/collection/2637/2216/11298318_l.jpg,https://www.cosme.net/reviews/515226417/photo-2/,https://cache-cdn.cosme.net/media/collection/2637/2216/11491398_l.jpg,,,現品,https://www.cosme.net/variations/1218653/,EX-1 哀愁の亡霊,https://fitter.cosme.net/media/product/10260/skuimg_1056320.jpg,https://www.cosme.net/variations/1201786/,G05　ピンク ロビンの泉,https://fitter.cosme.net/media/product/10260/skuimg_1024222.jpg,https://www.cosme.net/variations/1185728/,G01 明後日の水たまり,https://fitter.cosme.net/media/product/10260/skuimg_1001938.jpg,,,,,,,-,-,,https://www.cosme.net/contact/report-review/review_id/515226417,7,,,https://www.cosme.net/categories/pchannel/2/,,,,スーパー・ドラッグ,,,,,,,,,,,,,,,,,,,,,,,,,,,
https://my.cosme.net/open_top/show/user_id/732543,https://cache-cdn.cosme.net/media/collection/178/3455/6780517_xs.jpeg,https://my.cosme.net/open_top/show/user_id/732543,*Lindy*,10人以上のメンバーにお気に入り登録されています,47歳,混合肌,https://my.cosme.net/open_entry_reviewlist/list/user_id/732543,クチコミ投稿619件,619,6購入品,,2024/11/19 0:48:00,"本日の#コスメ購入品

#KATE
#リップモンスター
#リップモンスターツヤバース 03 99.9℃

基本、リップモンスターは新商品出たらチェック体制
なんですが、
今回は艶バーストタイプ。
コレであの色残りが出るのか気になり購入。
まだ3色しかないから欲しいカラーが微妙。

オリジナルの方が色の残りかたが好きですが、
コチラも好き。
まず、この細いリップが口角とか塗りやすいから
好きなんです♪
繰り出したら戻せないパケだから、
もちろん残量がチェックできないので、
ある日突然残量無くなってビビるタイプのパケw

乾燥唇にもスルッと塗れます♪
コレからの季節使いまくって使い切りそうな予感。

#コスメ #コスメマニア #コスメオタク #コスメ購入 #コスメ購入品 #コスメ購入記録 #コスメ垢 #コスメ好きと繋がりたい #オススメコスメ #プチプラコスメと
詳細をみる",https://www.cosme.net/categories/effect/1018/,ツヤ,https://www.cosme.net/tags/tag/5077/,プチプラコスメ,,,,,,,,,,,,,,,,,,,https://www.cosme.net/reviews/514363296/,https://www.cosme.net/reviews/514363296/photo-1/,https://cache-cdn.cosme.net/media/collection/178/3455/10847419_l.jpg,https://www.cosme.net/reviews/514363296/photo-2/,https://cache-cdn.cosme.net/media/collection/178/3455/10847420_l.jpg,https://www.cosme.net/reviews/514363296/photo-3/,https://cache-cdn.cosme.net/media/collection/178/3455/10847421_l.jpg,現品,https://www.cosme.net/variations/1185730/,G03 99.9℃,https://fitter.cosme.net/media/product/10260/skuimg_1001944.jpg,,,,,,,,,,,,,-,-,,https://www.cosme.net/contact/report-review/review_id/514363296,7,,,https://www.cosme.net/categories/effect/1002/,https://www.cosme.net/categories/effect/1018/,https://www.cosme.net/categories/effect/1020/,https://www.cosme.net/categories/effect/1021/,うるおい,https://www.cosme.net/categories/effect/1086/,ツヤ,,持ちがよい・落ちにくい,,,発色がよい,,コストパフォーマンス,,,,,,,,,,,,,,,,,,
https://my.cosme.net/open_top/show/user_id/6961902,https://cache-cdn.cosme.net/media/collection/1699/2798/7599588_xs.jpeg,https://my.cosme.net/open_top/show/user_id/6961902,kyu1486,,27歳,混合肌,https://my.cosme.net/open_entry_reviewlist/list/user_id/6961902,クチコミ投稿42件,42,6購入品,,2024/11/11 1:26:42,"リプモン04を数年愛用してますが、唇の皮むけがひどいので冬は毎年使用控えてましたが、今回ツヤバースが出て迷わず買いました！！！
ツヤ感、保湿感あってとってもいいのですがテクスチャ柔らかいからかケースに漏れるのが難点です、、。
ただミニマムで持ち運び邪魔にならず唇も荒れないのでおすすめです！
写真はリプモン04パンプキンワインに、ツヤバース03を重ね塗りしてます！
詳細をみる",https://www.cosme.net/categories/effect/1018/,ツヤ,https://www.cosme.net/categories/effect/1018/,ツヤ,https://www.cosme.net/categories/effect/1018/,ツヤ,,,,,,,,,,,,,,,,,https://www.cosme.net/reviews/514331909/,https://www.cosme.net/reviews/514331909/photo-1/,https://cache-cdn.cosme.net/media/collection/1699/2798/10825148_l.jpg,,,,,現品,https://www.cosme.net/variations/1185730/,G03 99.9℃,https://fitter.cosme.net/media/product/10260/skuimg_1001944.jpg,,,,,,,,,,,,,-,,,https://www.cosme.net/contact/report-review/review_id/514331909,7,,,https://www.cosme.net/categories/pchannel/4/,https://www.cosme.net/categories/effect/1002/,https://www.cosme.net/categories/effect/1018/,https://www.cosme.net/categories/effect/1030/,化粧品専門店,https://www.cosme.net/categories/effect/1021/,うるおい,https://www.cosme.net/categories/effect/1086/,ツヤ,,,肌の透明感・薄づき,,発色がよい,,コストパフォーマンス,,,,,,,,,,,,,,,,
https://my.cosme.net/open_top/show/user_id/10493713,https://pc.assets-cosme.net/images/user/characters/no_image/noimage_xs.gif,https://my.cosme.net/open_top/show/user_id/10493713,temiii,,35歳,混合肌,https://my.cosme.net/open_entry_reviewlist/list/user_id/10493713,クチコミ投稿1件,1,4購入品,,2024/11/5 22:16:29,"ツヤツヤが可愛いです！が、色持ちがよくない…。
色持ちがリプモンのいいところだと思っていますし、期待が大きかったこともあり、そこはちょっと残念。
でも本体が細いのでかさばらないところ、シアーで軽めなところ、ツヤツヤで可愛いところはいいなと思いました。
明後日の水たまりはラスボスに近く、ラスボスより青み系ということでしたが、実際塗ってみたら私は少しオレンジぽく発色しました。
ちなみにブルベ冬セカンド秋です。
秋冬用に欲しかったのですが、軽いし春夏でもいけるかなって感じでした。
シアーなので唇の色に左右されるのかもしれませんね。

手に塗ってみた感じは青み赤って感じなんですが…
参考にならないかもですが写真載せておきます。
詳細をみる",https://www.cosme.net/categories/effect/1018/,ツヤ,https://www.cosme.net/categories/effect/1018/,ツヤ,https://www.cosme.net/categories/effect/1018/,ツヤ,https://www.cosme.net/categories/effect/1018/,ツヤ,,,,,,,,,,,,,,,https://www.cosme.net/reviews/514312461/,https://www.cosme.net/reviews/514312461/photo-1/,https://cache-cdn.cosme.net/media/collection/2561/3857/10813605_l.jpg,,,,,現品,https://www.cosme.net/variations/1185728/,G01 明後日の水たまり,https://fitter.cosme.net/media/product/10260/skuimg_1001938.jpg,,,,,,,,,,,,,-,-,,https://www.cosme.net/contact/report-review/review_id/514312461,7,,,https://www.cosme.net/categories/effect/1002/,https://www.cosme.net/categories/effect/1018/,,,うるおい,,ツヤ,,,,,,,,,,,,,,,,,,,,,,,,,
https://my.cosme.net/open_top/show/user_id/422842,https://cache-cdn.cosme.net/images/user/characters/30/mychara19_xs.gif,https://my.cosme.net/open_top/show/user_id/422842,ホワイトヘーブン,,49歳,混合肌,https://my.cosme.net/open_entry_reviewlist/list/user_id/422842,クチコミ投稿5262件,5262,4購入品,,2024/11/4 6:56:15,"G03のテスター試しました。とにかく柔らかくニュルニュルです。あまり力はいらないです。エスプリークに似たもの（リッチフォンデュルージュ）がありますが、あれより柔らかいような。私には見た目より薄く感じました。赤にローズが混じった感じで、チェリーレッドかなと言う印象です。しっかり密着しますね。個人的にはもう少し黒みがある方が良いですが、購入するかと思います。
詳細をみる",,,,,,,,,,,,,,,,,,,,,,,https://www.cosme.net/reviews/514305806/,,,,,,,サンプル・テスター,,,,,,,,,,,,,,,,-,,,https://www.cosme.net/contact/report-review/review_id/514305806,7,,認証済,https://www.cosme.net/categories/pchannel/2/,https://www.cosme.net/categories/effect/1002/,https://www.cosme.net/categories/effect/1028/,https://www.cosme.net/categories/effect/1021/,スーパー・ドラッグ,,うるおい,,フィット感,100人以上のメンバーにお気に入り登録されています,,発色がよい,,,,,,,,,,,,,,,,,,,,
https://my.cosme.net/open_top/show/user_id/5682124,https://cache-cdn.cosme.net/images/user/characters/30/mychara06_xs.gif,https://my.cosme.net/open_top/show/user_id/5682124,ぐーちゃん！,,56歳,混合肌,https://my.cosme.net/open_entry_reviewlist/list/user_id/5682124,クチコミ投稿111件,111,7購入品,,2024/10/24 11:18:24,"仕事ではマスクですが休日はマスクを外す機会もありで、ツヤタイプ探していました。ちょうどツヤバースが発売との事で予約し楽しみにしていました！！
唇の荒れもなくつけ心地は良いです。
色も私のお気に入りの色でよかったです。

一度繰り出した紅は戻らないので1ミリぐらい出して使うといいと表記あります。
柔らかいのですぐなくなってしまいそうですが、、、
詳細をみる",https://www.cosme.net/categories/effect/1018/,ツヤ,https://www.cosme.net/categories/effect/1018/,ツヤ,https://www.cosme.net/categories/effect/1012/,唇の荒れ,,,,,,,,,,,,,,,,,https://www.cosme.net/reviews/514264729/,https://www.cosme.net/reviews/514264729/photo-1/,https://cache-cdn.cosme.net/media/collection/1387/972/10784058_l.jpg,,,,,現品,https://www.cosme.net/variations/1185730/,G03 99.9℃,https://fitter.cosme.net/media/product/10260/skuimg_1001944.jpg,,,,,,,,,,,,,-,-,,https://www.cosme.net/contact/report-review/review_id/514264729,7,,,https://www.cosme.net/categories/effect/1018/,https://www.cosme.net/categories/effect/1020/,https://www.cosme.net/categories/effect/1021/,,ツヤ,,持ちがよい・落ちにくい,,発色がよい,,,,,,,,,,,,,,50人以上のメンバーにお気に入り登録されています,,,,,,,,,
https://my.cosme.net/open_top/show/user_id/5534033,https://cache-cdn.cosme.net/media/collection/1351/337/8410760_xs.jpeg,https://my.cosme.net/open_top/show/user_id/5534033,イフタムヤーシムシム,,42歳,乾燥肌,https://my.cosme.net/open_entry_reviewlist/list/user_id/5534033,クチコミ投稿288件,288,4購入品,,2024/10/23 22:36:10,"ブルベだから01か02かなって思ってたのですが若い人向けのカラーな気がして秋冬に使うなら03だなと思い購入しました
ブルベでも使いやすいカラーです
色持ちはやはりリプモンより劣りますが、カラーグロスみたいなツヤツヤ感なのに持ちはいいほうだと思います
ただ、唇に残るグロス特有のペタペタ感はほんのちょっと気になるかな
詳細をみる",https://www.cosme.net/categories/item/913/,グロス,https://www.cosme.net/categories/effect/1018/,ツヤ,https://www.cosme.net/categories/effect/1018/,ツヤ,https://www.cosme.net/categories/item/913/,グロス,,,,,,,,,,,,,,,https://www.cosme.net/reviews/514263271/,,,,,,,現品,https://www.cosme.net/variations/1185730/,G03 99.9℃,https://fitter.cosme.net/media/product/10260/skuimg_1001944.jpg,,,,,,,,,,,,,-,-,-,https://www.cosme.net/contact/report-review/review_id/514263271,7,,,,,,,,,,,,100人以上のメンバーにお気に入り登録されています,,,,,,,,,,,,,,,,,,,,,,
https://my.cosme.net/open_top/show/user_id/10130274,https://cache-cdn.cosme.net/images/user/characters/30/mychara09_xs.gif,https://my.cosme.net/open_top/show/user_id/10130274,ももももんぶらん,,34歳,混合肌,https://my.cosme.net/open_entry_reviewlist/list/user_id/10130274,クチコミ投稿42件,42,5購入品,,2024/10/23 11:36:26,"待ってましたー!
大好きなリップモンスターの新作!
3色発売の中1番赤みの強い　01明後日の水たまり　を購入しました。


今までのリップモンスターと比較してみると、、、
つやつや!
色味はちょっと薄め
色持ちは従来のものより気持ち弱いかも。でも飲み物飲んだ程度ではそこまで落ちませんでした。

リプモンとツヤバースその日の予定によって使い分けて使おうかなっと思います!

1度出したら戻せない繰り出しタイプなのでこれだけは注意です




詳細をみる",https://www.cosme.net/categories/effect/1018/,ツヤ,,,,,,,,,,,,,,,,,,,,,https://www.cosme.net/reviews/514260271/,https://www.cosme.net/reviews/514260271/photo-1/,https://cache-cdn.cosme.net/media/collection/2473/866/10781411_l.jpg,https://www.cosme.net/reviews/514260271/photo-2/,https://cache-cdn.cosme.net/media/collection/2473/866/10781412_l.jpg,,,現品,https://www.cosme.net/variations/1185728/,G01 明後日の水たまり,https://fitter.cosme.net/media/product/10260/skuimg_1001938.jpg,,,,,,,,,,,,,-,-,,https://www.cosme.net/contact/report-review/review_id/514260271,7,,,https://www.cosme.net/categories/effect/1002/,https://www.cosme.net/categories/effect/1018/,,,うるおい,,ツヤ,,,,,,,,,,,,,,,,,,,,,,,,,
https://my.cosme.net/open_top/show/user_id/766967,https://cache-cdn.cosme.net/images/user/characters/30/mychara28_xs.gif,https://my.cosme.net/open_top/show/user_id/766967,芽一,,41歳,普通肌,https://my.cosme.net/open_entry_reviewlist/list/user_id/766967,クチコミ投稿366件,366,5購入品,,2024/10/17 14:57:23,"SNSで新発売されるのを知り、
@cosme shoppingを見た時には既に予約販売が欠品になっていました！

G02 ピンクムーンの雫
お気に入り登録数が9月の段階で1000人を超えて1番人気カラー☆
ドラストで捕獲しました！

リプモン＝マスクをしても落ちにくい
というイメージ！
私も仕事でマスク着用必須なので複数本捕獲しています♪

ツヤバース発売
リッププランパーの大バズり
などなど、
マスクを着用せずにうるツヤリップを楽しめる時代になったことに感謝したいです♪

「ピンクムーンの雫 」という名前がまず可愛い(笑)
とろーりうるうるの新感覚！
ヒアルロン酸配合で縦じわまでカバーしてくれるのが嬉しい♪

通常のリプモンに比べたら落ちやすいです！
「落ちにくい」ことを重視する方は通常タイプの使用がオススメです☆
“ツヤ系の口紅がほしいけど、落ちにくいと嬉しいな”
と思って買うと丁度いいのかなと思います♪

40代ブルベも使いやすいカラー☆
私はマスク必須なので仕事の時は通常のリプモン使用ですが、
お仕事の日もお休みの日も使える万能カラーだと思います♪

「桜色のひと時」「秘めた炎」を思い出すような
イエベでもブルベでも合いそうなお色味でした♪
詳細をみる",https://www.cosme.net/categories/effect/1020/,落ちにくい,https://www.cosme.net/categories/effect/1018/,ツヤ,https://www.cosme.net/categories/pickup/1043/,リッププランパー,https://www.cosme.net/categories/effect/1018/,ツヤ,https://www.cosme.net/categories/ingredient/1002/,ヒアルロン酸,https://www.cosme.net/categories/effect/1020/,落ちにくい,https://www.cosme.net/categories/effect/1018/,ツヤ,https://www.cosme.net/categories/item/913/,口紅,https://www.cosme.net/categories/effect/1020/,落ちにくい,,,,,https://www.cosme.net/reviews/514238714/,https://www.cosme.net/reviews/514238714/photo-1/,https://cache-cdn.cosme.net/media/collection/187/1015/10768017_l.jpg,,,,,現品,https://www.cosme.net/variations/1185729/,G02 ピンクムーンの雫,https://fitter.cosme.net/media/product/10260/skuimg_1001941.jpg,,,,,,,,,,,,,,,,https://www.cosme.net/contact/report-review/review_id/514238714,7,,認証済,https://www.cosme.net/categories/pchannel/2/,https://www.cosme.net/categories/effect/1002/,https://www.cosme.net/categories/effect/1018/,https://www.cosme.net/tags/tag/5032/,スーパー・ドラッグ,https://www.cosme.net/tags/tag/89071/,うるおい,,ツヤ,,,保湿,,縦ジワカバー,,,,,,,25人以上のメンバーにお気に入り登録されています,,,,,,,,,,,
https://my.cosme.net/open_top/show/user_id/9292719,https://cache-cdn.cosme.net/images/user/characters/30/mychara26_xs.gif,https://my.cosme.net/open_top/show/user_id/9292719,しみ1997,10人以上のメンバーにお気に入り登録されています,27歳,混合肌,https://my.cosme.net/open_entry_reviewlist/list/user_id/9292719,クチコミ投稿80件,80,5購入品,,2025/9/12 15:44:03,"リップモンスターが大好きで、細い形のも塗りやすそうで買ってみました。
艶がすごい！！プルップルになるので、アイシャドウも濃い色とかにしてるとかなり濃いメイクになっちゃうので、使い方考えないとって感じです！
2番と4番買ってみました！2も付けた時は結構明るい色だなーと思いましたが、少し時間置くと馴染んで浮かないカラーだったのでよかったです！
詳細をみる",https://www.cosme.net/categories/item/912/,アイシャドウ,,,,,,,,,,,,,,,,,,,,,https://www.cosme.net/reviews/515741648/,https://www.cosme.net/reviews/515741648/photo-1/,https://cache-cdn.cosme.net/media/collection/2268/2991/11559629_l.jpg,,,,,現品,https://www.cosme.net/variations/1201785/,G04　スパイダー リリー調香師,https://fitter.cosme.net/media/product/10260/skuimg_1024220.jpg,https://www.cosme.net/variations/1185729/,G02 ピンクムーンの雫,https://fitter.cosme.net/media/product/10260/skuimg_1001941.jpg,,,,,,,,,,-,-,-,https://www.cosme.net/contact/report-review/review_id/515741648,6,,認証済,,,,,,,,,,,,,,,,,,,,,,,,,,,,,,,,
https://my.cosme.net/open_top/show/user_id/9280754,https://cache-cdn.cosme.net/media/collection/2265/3314/11575274_xs.jpeg,https://my.cosme.net/open_top/show/user_id/9280754,はなはなまろーん,,50歳,乾燥肌,https://my.cosme.net/open_entry_reviewlist/list/user_id/9280754,クチコミ投稿29件,29,7購入品,,,"当方50のためお目汚ししたくなく、残念ながら写真を載せられませんが、とても発色がいいです。
すごくとろとろしてバターみたいなテクスチャーです。
結構はっきりした色なのでがっつり塗らなくても普段使いにはちょんちょんのせるだけでOK
朝塗ってお茶飲んだりしてもお昼にはまだいい感じの色が残っています。
とろみがあるのでガサガサせず潤いもあり、さすがリプモンです。
毎日使うぐらいお気に入りなのですぐなくなっちゃいそう！
詳細をみる",,,,,,,,,,,,,,,,,,,,,,,https://www.cosme.net/reviews/515715681/,,,,,,,現品,https://www.cosme.net/variations/1218654/,EX-2 悪魔の快楽,https://fitter.cosme.net/media/product/10260/skuimg_1056321.jpg,,,,,,,,,,,,,,,,https://www.cosme.net/contact/report-review/review_id/515715681,6,,認証済,https://www.cosme.net/categories/pchannel/6/,https://www.cosme.net/categories/effect/1002/,https://www.cosme.net/categories/effect/1018/,https://www.cosme.net/categories/effect/1020/,通販化粧品・コスメ,https://www.cosme.net/categories/effect/1021/,うるおい,https://www.cosme.net/tags/tag/619229/,ツヤ,,,持ちがよい・落ちにくい,,発色がよい,,ツヤバース,,,,,,2025/9/7 15:41:17,,,,,,,,,,
https://my.cosme.net/open_top/show/user_id/10006676,https://cache-cdn.cosme.net/media/collection/2443/148/10343820_xs.jpeg,https://my.cosme.net/open_top/show/user_id/10006676,棚からボジョレーヌーボ,,40歳,乾燥肌,https://my.cosme.net/open_entry_reviewlist/list/user_id/10006676,クチコミ投稿70件,70,6購入品,,2025/5/7 11:45:11,"リップモンスターのリップは好きだったのですが、私は艶感が好きなので、こちらの方がもっと気に入りました。あと前のリップ、モンスターよりもなんとなく唇が荒れない気がするのでオススメです。色持ちもよかったです。
詳細をみる",,,,,,,,,,,,,,,,,,,,,,,https://www.cosme.net/reviews/515149591/,,,,,,,現品,,,,,,,,,,,,,,,,-,-,-,https://www.cosme.net/contact/report-review/review_id/515149591,6,,,,,,,,,,,,100人以上のメンバーにお気に入り登録されています,,,,,,,,,,,,,,,,,,,,,,
https://my.cosme.net/open_top/show/user_id/10834874,https://cache-cdn.cosme.net/media/collection/2645/954/11053528_xs.jpeg,https://my.cosme.net/open_top/show/user_id/10834874,772さん,,26歳,普通肌,https://my.cosme.net/open_entry_reviewlist/list/user_id/10834874,クチコミ投稿131件,131,4購入品,,2025/5/2 14:25:12,"リップモンスターから新しく出たので気になり購入しました。
色持ちが良かった！！発色も思ってた色味に仕上がるしスルスル塗り心地が良かったです。戻すことができないところは不便に感じたので普通のリップモンスターでも良かったかなって思います。
詳細をみる",,,,,,,,,,,,,,,,,,,,,,,https://www.cosme.net/reviews/515129618/,,,,,,,現品,,,,,,,,,,,,,,,,-,-,-,https://www.cosme.net/contact/report-review/review_id/515129618,,,認証済,,,,,,,,,,100人以上のメンバーにお気に入り登録されています,,,,,,,,,,,,,,,,,,,,,,
https://my.cosme.net/open_top/show/user_id/8877658,https://cache-cdn.cosme.net/media/collection/2167/1626/10719192_xs.jpeg,https://my.cosme.net/open_top/show/user_id/8877658,xまりあx,10人以上のメンバーにお気に入り登録されています,41歳,乾燥肌,https://my.cosme.net/open_entry_reviewlist/list/user_id/8877658,クチコミ投稿212件,212,4購入品,,2025/4/21 8:52:10,"通常のリップモンスターよりは色持ち良くないですが、乾燥する時期にはとても良いです。リップモンスターをベースに、ツヤバースを重ねると色持ちもそんなに気にならなくてオススメです。
詳細をみる",https://www.cosme.net/categories/effect/1018/,ツヤ,,,,,,,,,,,,,,,,,,,,,https://www.cosme.net/reviews/515086143/,https://www.cosme.net/reviews/515086143/photo-1/,https://cache-cdn.cosme.net/media/collection/2167/1626/11231049_l.jpg,,,,,現品,https://www.cosme.net/variations/1201786/,G05　ピンク ロビンの泉,https://fitter.cosme.net/media/product/10260/skuimg_1024222.jpg,https://www.cosme.net/variations/1185728/,G01 明後日の水たまり,https://fitter.cosme.net/media/product/10260/skuimg_1001938.jpg,,,,,,,,,,-,,,https://www.cosme.net/contact/report-review/review_id/515086143,6,,認証済,https://www.cosme.net/categories/pchannel/6/,https://www.cosme.net/categories/effect/1002/,https://www.cosme.net/categories/effect/1018/,https://www.cosme.net/categories/effect/1021/,通販化粧品・コスメ,https://www.cosme.net/categories/effect/1086/,うるおい,,ツヤ,,,発色がよい,,コストパフォーマンス,,,,,,,,,,,,,,,,,,
https://my.cosme.net/open_top/show/user_id/10758632,https://cache-cdn.cosme.net/media/collection/2626/2536/10972816_xs.jpeg,https://my.cosme.net/open_top/show/user_id/10758632,かるぼにゃーら,,30歳,乾燥肌,https://my.cosme.net/open_entry_reviewlist/list/user_id/10758632,クチコミ投稿149件,149,5購入品,,2025/4/10 16:35:10,"塗りやすくて少しむっちり感のある塗り心地でした！
艶感は塗った直後はありましたが時間差で少し落ちてきてしまったのが残念でした。ティントではないけどリップモンスターだから色持ちはいいと思っていたので少し残念でした。
詳細をみる",https://www.cosme.net/categories/pickup/1026/,ティント,,,,,,,,,,,,,,,,,,,,,https://www.cosme.net/reviews/515033593/,,,,,,,現品,,,,,,,,,,,,,,,,-,-,-,https://www.cosme.net/contact/report-review/review_id/515033593,6,,認証済,,,,,,,,,,100人以上のメンバーにお気に入り登録されています,,,,,,,,,,,,,,,,,,,,,,
https://my.cosme.net/open_top/show/user_id/10754127,https://cache-cdn.cosme.net/media/collection/2625/2127/10969528_xs.jpeg,https://my.cosme.net/open_top/show/user_id/10754127,琴屋,,35歳,乾燥肌,https://my.cosme.net/open_entry_reviewlist/list/user_id/10754127,クチコミ投稿145件,145,4購入品,,2025/1/20 21:49:57,"リップモンスターはよく使用しているのでツヤバースも使用してみたんだけど、派手になりすぎない仕上がりでツヤ感が綺麗です。
ただ出し過ぎると戻すことができないのが欠点でした。ドラッグストアで購入もしやすいのでリピートすると思います。
詳細をみる",https://www.cosme.net/categories/effect/1018/,ツヤ,https://www.cosme.net/categories/effect/1018/,ツヤ,https://www.cosme.net/categories/pchannel/2/,ドラッグストア,,,,,,,,,,,,,,,,,https://www.cosme.net/reviews/514665119/,,,,,,,現品,,,,,,,,,,,,,,,,-,-,-,https://www.cosme.net/contact/report-review/review_id/514665119,6,,認証済,,,,,,,,,,100人以上のメンバーにお気に入り登録されています,,,,,,,,,,,,,,,,,,,,,,
https://my.cosme.net/open_top/show/user_id/10749412,https://cache-cdn.cosme.net/media/collection/2624/1508/10960918_xs.jpeg,https://my.cosme.net/open_top/show/user_id/10749412,辛口ピーピー,,38歳,普通肌,https://my.cosme.net/open_entry_reviewlist/list/user_id/10749412,クチコミ投稿143件,143,5購入品,,2025/1/16 15:45:38,"通常のリップモンスターよりしっとりした密着感とツヤ感があります
今の時期に使っても乾くのが遅いから唇がパサパサしにくく乾燥小じわが目立ちにくいので今の時期は通常よりこっちを使うことが多いです！
色持ちもいいので顔色悪く見えません
詳細をみる",https://www.cosme.net/categories/effect/1018/,ツヤ,,,,,,,,,,,,,,,,,,,,,https://www.cosme.net/reviews/514649256/,,,,,,,現品,,,,,,,,,,,,,,,,-,,,https://www.cosme.net/contact/report-review/review_id/514649256,6,,認証済,https://www.cosme.net/categories/pchannel/2/,https://www.cosme.net/categories/effect/1018/,https://www.cosme.net/categories/effect/1028/,https://www.cosme.net/categories/effect/1021/,スーパー・ドラッグ,https://www.cosme.net/categories/effect/1086/,ツヤ,,フィット感,100人以上のメンバーにお気に入り登録されています,,発色がよい,,コストパフォーマンス,,,,,,,,,,,,,,,,,,
https://my.cosme.net/open_top/show/user_id/1116345,https://cache-cdn.cosme.net/images/user/characters/30/mychara09_xs.gif,https://my.cosme.net/open_top/show/user_id/1116345,mochakuro,,41歳,混合肌,https://my.cosme.net/open_entry_reviewlist/list/user_id/1116345,クチコミ投稿138件,138,6購入品,,2025/1/16 12:16:10,"普通のリプモンより持ちは悪いけど、潤って皮向けがなかったのが良かったです！
仕事中にささっとお化粧直ししてもムラにならず楽なので、なんだかんだでここ最近一番よく使っています。

もうちょっと色バリが増えてくれたらいいのになぁ。
詳細をみる",,,,,,,,,,,,,,,,,,,,,,,https://www.cosme.net/reviews/514648184/,,,,,,,現品,https://www.cosme.net/variations/1185728/,G01 明後日の水たまり,https://fitter.cosme.net/media/product/10260/skuimg_1001938.jpg,,,,,,,,,,,,,-,,,https://www.cosme.net/contact/report-review/review_id/514648184,6,,認証済,https://www.cosme.net/categories/pchannel/2/,https://www.cosme.net/categories/effect/1002/,https://www.cosme.net/categories/effect/1018/,https://www.cosme.net/categories/effect/1021/,スーパー・ドラッグ,https://www.cosme.net/categories/effect/1086/,うるおい,,ツヤ,,,発色がよい,,コストパフォーマンス,,,,,,,25人以上のメンバーにお気に入り登録されています,,,,,,,,,,,
https://my.cosme.net/open_top/show/user_id/10128171,https://cache-cdn.cosme.net/media/collection/2472/2859/10447669_xs.jpeg,https://my.cosme.net/open_top/show/user_id/10128171,xアイちゃんx,,24歳,普通肌,https://my.cosme.net/open_entry_reviewlist/list/user_id/10128171,クチコミ投稿133件,133,4購入品,,2024/12/15 14:54:10,"柔らかいテクスチャーで塗りやすいし
可愛いんだけど、色持ちがイマイチかも。
リップは出しても戻す事ができると思っていたのに
これは繰り出し式で出すと戻らないところも不便でした。
今のところ継続予定はなさそうです。


詳細をみる",,,,,,,,,,,,,,,,,,,,,,,https://www.cosme.net/reviews/514490849/,,,,,,,現品,,,,,,,,,,,,,,,,-,-,-,https://www.cosme.net/contact/report-review/review_id/514490849,6,,認証済,,,,,,,,,,100人以上のメンバーにお気に入り登録されています,,,,,,,,,,,,,,,,,,,,,,
https://my.cosme.net/open_top/show/user_id/8328837,https://cache-cdn.cosme.net/media/collection/2033/1669/8821215_xs.jpeg,https://my.cosme.net/open_top/show/user_id/8328837,超能力者,,45歳,混合肌,https://my.cosme.net/open_entry_reviewlist/list/user_id/8328837,クチコミ投稿140件,140,7購入品,,2024/11/11 9:42:54,"新しいの出てるなーって思って買ってみました！

このスリムなデザインが好きなんですよね。

唇の形にフィットして塗りやすいです。

艶感がとても良い感じで全然ヨレないです。

スフレタイプとか種類が豊富になってきてるけどリプモンは最高です。
詳細をみる",,,,,,,,,,,,,,,,,,,,,,,https://www.cosme.net/reviews/514332424/,,,,,,,現品,,,,,,,,,,,,,,,,-,,,https://www.cosme.net/contact/report-review/review_id/514332424,6,,認証済,https://www.cosme.net/categories/pchannel/3/,https://www.cosme.net/categories/effect/1018/,https://www.cosme.net/categories/effect/1028/,https://www.cosme.net/categories/effect/1021/,バラエティショップ,https://www.cosme.net/categories/effect/1086/,ツヤ,,フィット感,100人以上のメンバーにお気に入り登録されています,,発色がよい,,コストパフォーマンス,,,,,,,,,,,,,,,,,,
https://my.cosme.net/open_top/show/user_id/8990687,https://pc.assets-cosme.net/images/user/characters/no_image/noimage_xs.gif,https://my.cosme.net/open_top/show/user_id/8990687,ぐーたらぐーたら,,46歳,混合肌,https://my.cosme.net/open_entry_reviewlist/list/user_id/8990687,クチコミ投稿135件,135,3購入品,,2024/11/7 18:23:46,"通常のリプモンを何本も愛用しており、新商品が出るとわかり直ぐ様購入。


◎通常のとは違ってリップは更に柔らかくスルスル塗れます

◎細身なのでリップラインもはみ出しにくく塗りやすい

◎確かにツヤツヤ☆になる

◎通常盤より皮むけしないし保湿感ある



△うーん、、、
色落ちはフツーにしちゃう。通常盤が最強なのを知ってるからか余計に(^.^;

△今回３色しかなく、普段のリプモン（通常）はオレンジブラウン系の
パンプキン、憧れの日光浴、限定の茜の静寂がドンピシャ。
ただレッド系も好きなので今回は明後日に手を出しましたが色味が合わず。。
ローズピンクか、もっと赤！だったら良かったけど、
若干赤紫ぽいというか、、
仕方がないので上から通常リプモン付け足すハメにw



通常盤がやっぱ好き！

新色出たとしても色落ち重視なためリピはない。
通常盤はリピしまくるw
詳細をみる",https://www.cosme.net/categories/effect/1018/,ツヤ,https://www.cosme.net/categories/effect/1018/,ツヤ,,,,,,,,,,,,,,,,,,,https://www.cosme.net/reviews/514319698/,,,,,,,現品,https://www.cosme.net/variations/1185728/,G01 明後日の水たまり,https://fitter.cosme.net/media/product/10260/skuimg_1001938.jpg,,,,,,,,,,,,,-,,,https://www.cosme.net/contact/report-review/review_id/514319698,6,,認証済,https://www.cosme.net/categories/pchannel/2/,https://www.cosme.net/categories/effect/1002/,https://www.cosme.net/categories/effect/1018/,https://www.cosme.net/categories/effect/1028/,スーパー・ドラッグ,,うるおい,,ツヤ,100人以上のメンバーにお気に入り登録されています,,フィット感,,,,,,,,,,,,,,,,,,,,
https://my.cosme.net/open_top/show/user_id/2644002,https://pc.assets-cosme.net/images/user/characters/no_image/noimage_xs.gif,https://my.cosme.net/open_top/show/user_id/2644002,りん0971,10人以上のメンバーにお気に入り登録されています,37歳,混合肌,https://my.cosme.net/open_entry_reviewlist/list/user_id/2644002,クチコミ投稿169件,169,4購入品,,2024/11/3 23:55:22,"とろっと柔らかいテクスチャー。
スルスル塗れます。柔らかいので優しく塗った方が良さそう。
1度繰り出すと戻らないので1mm程繰り出して使います。
ドロップピンク系とのことですが、私の肌や唇だとコーラルピンク系の発色になりました。
ちゅるんとしたツヤが可愛いです。

詳細をみる",https://www.cosme.net/categories/effect/1018/,ツヤ,,,,,,,,,,,,,,,,,,,,,https://www.cosme.net/reviews/514305314/,https://www.cosme.net/reviews/514305314/photo-1/,https://cache-cdn.cosme.net/media/collection/645/2082/10809563_l.jpg,,,,,現品,,,,,,,,,,,,,,,,-,-,,https://www.cosme.net/contact/report-review/review_id/514305314,6,,認証済,https://www.cosme.net/categories/effect/1018/,,,,ツヤ,,,,,,,,,,,,,,,,,,,,,,,,,,,
https://my.cosme.net/open_top/show/user_id/2044339,https://cache-cdn.cosme.net/images/user/characters/30/mychara10_xs.gif,https://my.cosme.net/open_top/show/user_id/2044339,チョコリーヌ☆,,50歳,混合肌,https://my.cosme.net/open_entry_reviewlist/list/user_id/2044339,クチコミ投稿264件,264,7購入品,,2024/11/1 19:55:32,"G03 99,9℃ 購入

ちなみに私はブルベでお気に入りリプモンはダークフィグ、5:00AM、103(限定)、112(限定)です。

イエベ秋の色と言われても『こんなん絶対好きな色やん！』と賭けてみたところ見事ビンゴ！

確かに手元に塗り伸ばすとテラコッタ味は感じるものの、唇に塗るとアラ☆不思議

馴染み良いピンクベージュに発色。可愛いー！好きー！

保湿感もあり色残りも良い。色がそのまま残る、というのではなく血色感がいつまでも続く、といった感じ

うん、君、早速一軍ね！

いやはや、リプモンは裏切りませんなぁ。大満足です




詳細をみる",,,,,,,,,,,,,,,,,,,,,,,https://www.cosme.net/reviews/514297081/,,,,,,,現品,https://www.cosme.net/variations/1185730/,G03 99.9℃,https://fitter.cosme.net/media/product/10260/skuimg_1001944.jpg,,,,,,,,,,,,,-,,,https://www.cosme.net/contact/report-review/review_id/514297081,6,,認証済,https://www.cosme.net/categories/pchannel/6/,https://www.cosme.net/categories/effect/1002/,https://www.cosme.net/categories/effect/1013/,https://www.cosme.net/categories/effect/1018/,通販化粧品・コスメ,https://www.cosme.net/categories/effect/1028/,うるおい,https://www.cosme.net/categories/effect/1020/,ナチュラルメイク,,https://www.cosme.net/categories/effect/1021/,ツヤ,https://www.cosme.net/categories/effect/1086/,フィット感,,持ちがよい・落ちにくい,,,,,25人以上のメンバーにお気に入り登録されています,,,,,発色がよい,,コストパフォーマンス,,,,
https://my.cosme.net/open_top/show/user_id/4970165,https://cache-cdn.cosme.net/media/collection/1213/1717/11182564_xs.jpeg,https://my.cosme.net/open_top/show/user_id/4970165,mcbabu,,25歳,乾燥肌,https://my.cosme.net/open_entry_reviewlist/list/user_id/4970165,クチコミ投稿84件,84,評価しない購入品,,2024/10/31 20:19:22,"リップモンスター01の欲望の塊が大好きで人生コスメなのですが、色味がとても近く使いやすいです！
ツヤツヤでかわいい
普通のリップモンスターほど色持ちしないけど、このツヤ感なので全然許容範囲です。
詳細をみる",https://www.cosme.net/categories/effect/1018/,ツヤ,https://www.cosme.net/categories/effect/1018/,ツヤ,https://www.cosme.net/categories/effect/1018/,ツヤ,,,,,,,,,,,,,,,,,https://www.cosme.net/reviews/514293574/,,,,,,,現品,https://www.cosme.net/variations/1185728/,G01 明後日の水たまり,https://fitter.cosme.net/media/product/10260/skuimg_1001938.jpg,,,,,,,,,,,,,-,-,-,https://www.cosme.net/contact/report-review/review_id/514293574,6,,認証済,,,,,,,,,,,,,,,,,,,,,,,50人以上のメンバーにお気に入り登録されています,,,,,,,,,
https://my.cosme.net/open_top/show/user_id/108041,https://cache-cdn.cosme.net/images/user/characters/30/mychara14_xs.gif,https://my.cosme.net/open_top/show/user_id/108041,どっぷり食べても太らない体になるのを希望,,55歳,混合肌,https://my.cosme.net/open_entry_reviewlist/list/user_id/108041,クチコミ投稿129件,129,2購入品,,2024/10/27 14:39:25,"潤いやツヤが出ると期待して買ったのですが、ツヤがあったのは最初だけであっという間に私の唇では乾燥してしまいます。

今のところ荒れなくて潤いあってツヤがキープ出来るのはNARSとサンローランのだけかなー。
詳細をみる",https://www.cosme.net/categories/effect/1018/,ツヤ,https://www.cosme.net/categories/effect/1018/,ツヤ,https://www.cosme.net/categories/effect/1018/,ツヤ,,,,,,,,,,,,,,,,,https://www.cosme.net/reviews/514275715/,,,,,,,現品,https://www.cosme.net/variations/1185729/,G02 ピンクムーンの雫,https://fitter.cosme.net/media/product/10260/skuimg_1001941.jpg,,,,,,,,,,,,,-,-,,https://www.cosme.net/contact/report-review/review_id/514275715,6,,認証済,https://www.cosme.net/categories/pchannel/4/,,,,化粧品専門店,,,,,,,,,,,,,,,,,,,,,,,,,,,
https://my.cosme.net/open_top/show/user_id/7667059,https://cache-cdn.cosme.net/images/user/characters/30/mychara09_xs.gif,https://my.cosme.net/open_top/show/user_id/7667059,noranora☆,10人以上のメンバーにお気に入り登録されています,55歳,混合肌,https://my.cosme.net/open_entry_reviewlist/list/user_id/7667059,クチコミ投稿87件,87,4購入品リピート,リピート,2024/10/19 13:44:37,"とろけるようなテクスチャーで多少色ムラになるのできれいに仕上げるなら筆で馴染ませると良いかも知れません。

ピンクピンクしてなく万人に合いそうな色。
見比べるとクリアトーン02がニュートラルだと思っていたらピンクに見えるから不思議。

どうしても13よりの青みピンクを期待するので青みの物足りなさを感じます。

色持ちはいいけど減りは確実に早いと思う…
詳細をみる",,,,,,,,,,,,,,,,,,,,,,,https://www.cosme.net/reviews/514245805/,https://www.cosme.net/reviews/514245805/photo-1/,https://cache-cdn.cosme.net/media/collection/1871/3443/10772155_l.jpg,https://www.cosme.net/reviews/514245805/photo-2/,https://cache-cdn.cosme.net/media/collection/1871/3443/10772156_l.jpg,,,現品,https://www.cosme.net/variations/1185729/,G02 ピンクムーンの雫,https://fitter.cosme.net/media/product/10260/skuimg_1001941.jpg,,,,,,,,,,,,,-,-,,https://www.cosme.net/contact/report-review/review_id/514245805,6,,認証済,https://www.cosme.net/categories/effect/1002/,https://www.cosme.net/categories/effect/1018/,https://www.cosme.net/categories/effect/1020/,,うるおい,,ツヤ,,持ちがよい・落ちにくい,,,,,,,,,,,,,,,,,,,,,,,
https://my.cosme.net/open_top/show/user_id/2620653,https://cache-cdn.cosme.net/images/user/characters/30/mychara22_xs.gif,https://my.cosme.net/open_top/show/user_id/2620653,にいぼ,,46歳,混合肌,https://my.cosme.net/open_entry_reviewlist/list/user_id/2620653,クチコミ投稿1282件,1282,4購入品,,,"今さらな初リップモンスター
近所のドラストでテスターを手の甲に試し、スルスルと塗れるので購入してみました。

一度繰り出すと元に戻せないタイプのリップです。
細身で、細部まで塗れます。

ただ、実際に唇に塗ってみると、ものすごく柔らかいため、やさしく塗らないとリップ自体がボロボロに。

カラーは、「G01 明後日の水たまり」
商品そのものを見ると、濃いめのレッドですが、シアーな色づきで、色付きリップくらいの淡めな発色でした。

唇の荒れなどは起きず、保湿効果が高いのはさすがKATEのリップですね。

ただ、これで1500円か～。正直、これならオペラのオイルリップの方が好きだなぁ。
詳細をみる",https://www.cosme.net/categories/effect/1012/,唇の荒れ,,,,,,,,,,,,,,,,,,,,,https://www.cosme.net/reviews/516431004/,,,,,,,現品,https://www.cosme.net/variations/1185728/,G01 明後日の水たまり,https://fitter.cosme.net/media/product/10260/skuimg_1001938.jpg,,,,,,,,,,,,,,,,https://www.cosme.net/contact/report-review/review_id/516431004,5,,認証済,https://www.cosme.net/categories/pchannel/2/,https://www.cosme.net/categories/effect/1002/,https://www.cosme.net/categories/effect/1013/,https://www.cosme.net/categories/effect/1018/,スーパー・ドラッグ,https://www.cosme.net/categories/effect/1030/,うるおい,https://www.cosme.net/tags/tag/619229/,ナチュラルメイク,100人以上のメンバーにお気に入り登録されています,https://www.cosme.net/tags/tag/5078/,ツヤ,https://www.cosme.net/tags/tag/5032/,肌の透明感・薄づき,https://www.cosme.net/tags/tag/6285/,ツヤバース,,,,,,2026/2/3 20:03:29,,,,スリム,,保湿,,シアー,,
https://my.cosme.net/open_top/show/user_id/8611259,https://pc.assets-cosme.net/images/user/characters/no_image/noimage_xs.gif,https://my.cosme.net/open_top/show/user_id/8611259,ダイしゃん,,47歳,混合肌,https://my.cosme.net/open_entry_reviewlist/list/user_id/8611259,クチコミ投稿168件,168,6購入品,,2025/12/20 11:36:26,"通常のリプモンはベロンベロンに皮むけして一生使うことはなくなりましたが、ツヤバースは皮むけしないです。

皮むけしないのが良いだけじゃなく、グロスみたいなうるうるツヤツヤなところも好きです。

そして何といってもめっちゃ気に入った色があった！EX-2！
気に入る色はだいたい限定色ｗｗｗｗ

ツヤツヤだけどしっかり発色で、顔が決まります。
でも、やわらかくしたければぽんぽん塗りにすればいいです。
いや、やわらかくしたければG01を使えばいいのであって、EX-2はキリっとした顔を作るためにしっかり発色させたいリップです。

G01は自分の唇の色に近く、自然な仕上がりです。
G05は顔が少しくすみます。パープルのリップはくすみがおしゃれ感であることが多いので、ビビッドウィンター /クリアウィンターの私にはちょっと難しかったです。

でも、重ね付けするとブラウン/ボルドーリップのように仕上げられることが分かり、新たな発見がありました。もっと使い方を模索したいです。
ディープウィンターの方はとても似合うんじゃないかと思います。

良いところを上述しましたが、色持ちは悪いです。全然持ちません。
食事して落ちたら素の唇に戻っています。
皮むけしなくて色持ちの良いリップなら、RMKのライプグァバがベストです。ツヤツヤにはなりませんが。

EX-2を定番化してほしいです。
詳細をみる",https://www.cosme.net/categories/effect/1018/,ツヤ,https://www.cosme.net/categories/item/913/,グロス,https://www.cosme.net/categories/effect/1018/,ツヤ,https://www.cosme.net/categories/effect/1018/,ツヤ,https://www.cosme.net/categories/effect/1018/,ツヤ,https://www.cosme.net/categories/effect/1018/,ツヤ,https://www.cosme.net/tags/tag/5351/,くすみ,https://www.cosme.net/tags/tag/5351/,くすみ,https://www.cosme.net/categories/effect/1018/,ツヤ,https://www.cosme.net/categories/effect/1018/,ツヤ,,,https://www.cosme.net/reviews/516120281/,https://www.cosme.net/reviews/516120281/photo-1/,https://cache-cdn.cosme.net/media/collection/2102/1467/11760973_l.jpg,,,,,現品,https://www.cosme.net/variations/1218654/,EX-2 悪魔の快楽,https://fitter.cosme.net/media/product/10260/skuimg_1056321.jpg,https://www.cosme.net/variations/1201786/,G05　ピンク ロビンの泉,https://fitter.cosme.net/media/product/10260/skuimg_1024222.jpg,https://www.cosme.net/variations/1185728/,G01 明後日の水たまり,https://fitter.cosme.net/media/product/10260/skuimg_1001938.jpg,,,,,,,-,-,-,https://www.cosme.net/contact/report-review/review_id/516120281,5,,,,,,,,,,,,,,,,,,,,,,,25人以上のメンバーにお気に入り登録されています,,,,,,,,,,,
https://my.cosme.net/open_top/show/user_id/11615399,https://cache-cdn.cosme.net/media/collection/2835/3239/11724900_xs.jpeg,https://my.cosme.net/open_top/show/user_id/11615399,かえかえぬしだ,,49歳,混合肌,https://my.cosme.net/open_entry_reviewlist/list/user_id/11615399,クチコミ投稿50件,50,4購入品,,2025/11/21 2:38:35,"ケイトのリップモンスターは使った事はありますがツヤバームは使った事がなかったのでこちらを買いましたが良かったです。
ツヤバームを塗るとぷるんとした唇になるし値段も安いので良いですが色持ちはそこまで良くなかったです。
詳細をみる",https://www.cosme.net/categories/effect/1018/,ツヤ,https://www.cosme.net/categories/item/1067/,バーム,https://www.cosme.net/categories/effect/1018/,ツヤ,https://www.cosme.net/categories/item/1067/,バーム,,,,,,,,,,,,,,,https://www.cosme.net/reviews/516044222/,,,,,,,現品,,,,,,,,,,,,,,,,-,-,,https://www.cosme.net/contact/report-review/review_id/516044222,5,,認証済,https://www.cosme.net/categories/pchannel/2/,,,,スーパー・ドラッグ,,,,,,,,,,,,,,,,,,50人以上のメンバーにお気に入り登録されています,,,,,,,,,
https://my.cosme.net/open_top/show/user_id/10111803,https://cache-cdn.cosme.net/media/collection/2468/2875/10462758_xs.jpeg,https://my.cosme.net/open_top/show/user_id/10111803,りずちゃ,,29歳,混合肌,https://my.cosme.net/open_entry_reviewlist/list/user_id/10111803,クチコミ投稿37件,37,6購入品,,2025/9/23 3:27:54,"KATEとユニバーサルスタジオジャパンのコラボアイテムとの事で初めてリップモンスターシリーズを買ってみました。
ダークチョコレートの様な色が一塗りで出てプチプラでこんなに綺麗に発色するんだと驚き購入して良かったと思えました。
グロス要らずでツヤツヤなのも嬉しい。
詳細をみる",https://www.cosme.net/tags/tag/5077/,プチプラ,https://www.cosme.net/categories/item/913/,グロス,https://www.cosme.net/categories/effect/1018/,ツヤ,https://www.cosme.net/categories/effect/1018/,ツヤ,,,,,,,,,,,,,,,https://www.cosme.net/reviews/515756720/,https://www.cosme.net/reviews/515756720/photo-1/,https://cache-cdn.cosme.net/media/collection/2468/2875/11590597_l.jpg,https://www.cosme.net/reviews/515756720/photo-2/,https://cache-cdn.cosme.net/media/collection/2468/2875/11590598_l.jpg,,,現品,https://www.cosme.net/variations/1218653/,EX-1 哀愁の亡霊,https://fitter.cosme.net/media/product/10260/skuimg_1056320.jpg,,,,,,,,,,,,,-,,,https://www.cosme.net/contact/report-review/review_id/515756720,5,,認証済,https://www.cosme.net/categories/pchannel/4/,https://www.cosme.net/categories/effect/1018/,https://www.cosme.net/categories/effect/1020/,https://www.cosme.net/categories/effect/1021/,化粧品専門店,https://www.cosme.net/categories/effect/1086/,ツヤ,,持ちがよい・落ちにくい,,,発色がよい,,コストパフォーマンス,,,,,,,25人以上のメンバーにお気に入り登録されています,,,,,,,,,,,
https://my.cosme.net/open_top/show/user_id/3928415,https://cache-cdn.cosme.net/media/collection/959/351/11707975_xs.jpeg,https://my.cosme.net/open_top/show/user_id/3928415,オカメ@cosme,,36歳,敏感肌,https://my.cosme.net/open_entry_reviewlist/list/user_id/3928415,クチコミ投稿129件,129,6購入品,,2025/9/4 12:19:38,"KATEリップモンスター×ユニバ　コラボリップが数量限定で発売中です！！

リップモンスターで2種、ツヤバースで2種の計4種なんだけど私は深みのあるこの２色だけ購入しました

ユニバーサルスタジオジャパンでKATEのコラボアトラクション「18番地の魔女」が９月５日から11月３日までオープン！

KATEの商品2000円（税込）以上購入でユニバのペアチケットが当たるキャンペーンなんかもやっているみたい。（詳しくは公式でご確認を）

────────────

リップモンスターツヤバースEX-1【哀愁の亡霊】数量限定　1,650円（税込）

ディープローズ系リップ。ツヤバース私初購入でした！スティックタイプで柔らかく溶け出す感じでうるうる唇になって可愛いッ(｀ω´)
繰り出したら元に戻せないから数ミリ出して使う感じです。色残りはリップモンスターのが断然残るけどツヤバースのうるツヤも気に入りましたでもこのカラーはガッツリ塗るとかなり魔女！！って感じで浮くからデイリー使いはしにくいかもしれない。EX-10狂気の怒号もディープローズな色味なんだけどこれはさらにブラウン味もかなりあります。私は気に入ったけど合わないと感じる人もいそうなカラーだなとは思いました。他のリップの上から薄く重ねて使ってみようかなと思ってます

────────────

数量限定色なので早めのGETおすすめします！
詳細をみる",https://www.cosme.net/categories/effect/1018/,ツヤ,https://www.cosme.net/categories/effect/1018/,ツヤ,https://www.cosme.net/categories/effect/1018/,ツヤ,https://www.cosme.net/categories/effect/1018/,ツヤ,https://www.cosme.net/categories/effect/1018/,ツヤ,,,,,,,,,,,,,https://www.cosme.net/reviews/515698930/,https://www.cosme.net/reviews/515698930/photo-1/,https://cache-cdn.cosme.net/media/collection/959/351/11536949_l.jpg,https://www.cosme.net/reviews/515698930/photo-2/,https://cache-cdn.cosme.net/media/collection/959/351/11536951_l.jpg,https://www.cosme.net/reviews/515698930/photo-3/,https://cache-cdn.cosme.net/media/collection/959/351/11536950_l.jpg,現品,https://www.cosme.net/variations/1218653/,EX-1 哀愁の亡霊,https://fitter.cosme.net/media/product/10260/skuimg_1056320.jpg,,,,,,,,,,,,,-,,,https://www.cosme.net/contact/report-review/review_id/515698930,5,,認証済,https://www.cosme.net/categories/pchannel/4/,https://www.cosme.net/categories/effect/1002/,https://www.cosme.net/categories/effect/1018/,https://www.cosme.net/categories/effect/1028/,化粧品専門店,https://www.cosme.net/categories/effect/1021/,うるおい,,ツヤ,,,フィット感,,発色がよい,,,,,,,25人以上のメンバーにお気に入り登録されています,,,,,,,,,,,
https://my.cosme.net/open_top/show/user_id/5946954,https://cache-cdn.cosme.net/media/collection/1451/3658/11416432_xs.jpeg,https://my.cosme.net/open_top/show/user_id/5946954,Rin519,,46歳,普通肌,https://my.cosme.net/open_entry_reviewlist/list/user_id/5946954,クチコミ投稿23件,23,6購入品,,2025/7/4 18:25:49,"G02 ピンクムーンの雫を購入しました
とろけるようなテクスチャーで、唇にのせるとスルスル伸びて、うるうるのツヤ感がたまりません
派手すぎず、自然な血色感のあるピンクで、イエベ春の私にぴったりでした。
乾燥しがちな私の唇でも、時間が経っても縦ジワが気にならず、色もちも◎！
リップモンスターシリーズの中でもかなりお気に入りです
詳細をみる",https://www.cosme.net/categories/effect/1018/,ツヤ,,,,,,,,,,,,,,,,,,,,,https://www.cosme.net/reviews/515426716/,https://www.cosme.net/reviews/515426716/photo-1/,https://cache-cdn.cosme.net/media/collection/1451/3658/11386163_l.jpg,https://www.cosme.net/reviews/515426716/photo-2/,https://cache-cdn.cosme.net/media/collection/1451/3658/11386164_l.jpg,https://www.cosme.net/reviews/515426716/photo-3/,https://cache-cdn.cosme.net/media/collection/1451/3658/11386165_l.jpg,現品,https://www.cosme.net/variations/1185729/,G02 ピンクムーンの雫,https://fitter.cosme.net/media/product/10260/skuimg_1001941.jpg,,,,,,,,,,,,,-,,,https://www.cosme.net/contact/report-review/review_id/515426716,5,,認証済,https://www.cosme.net/categories/pchannel/2/,https://www.cosme.net/categories/effect/1002/,https://www.cosme.net/categories/effect/1018/,https://www.cosme.net/categories/effect/1020/,スーパー・ドラッグ,https://www.cosme.net/categories/effect/1086/,うるおい,,ツヤ,,,持ちがよい・落ちにくい,,コストパフォーマンス,,,,,,,,,,,,,,,,,,
https://my.cosme.net/open_top/show/user_id/562574,https://pc.assets-cosme.net/images/user/characters/no_image/noimage_xs.gif,https://my.cosme.net/open_top/show/user_id/562574,うりはむ,,47歳,混合肌,https://my.cosme.net/open_entry_reviewlist/list/user_id/562574,クチコミ投稿10件,10,6購入品,,2025/7/3 12:32:05,"アットコスメで購入しました。色はG04です。

リプモンを含め他のリップは皮むけするものが多いのですが、こちらはしなかったです。

リップクリームかなと思うくらいつるんと塗れます。
塗りたてはツヤツヤですが、そのままだとマスクやカップにべったり付くので、一度ティッシュオフしています。
ティッシュオフするとツヤツヤじゃなくなりますが、カップには付かなくなります。
食べたり飲んだりすると、さすがに落ちているようで、気がつくとなくなっています。

でも皮がむけなくて、多少なりとも色が残ってくれてたら、それだけで嬉しいです。

他の色も試してみたいなと思います。
詳細をみる",https://www.cosme.net/categories/item/1031/,リップクリーム,https://www.cosme.net/categories/effect/1018/,ツヤ,https://www.cosme.net/categories/effect/1018/,ツヤ,https://www.cosme.net/categories/item/1154/,ティッシュ,https://www.cosme.net/categories/item/1154/,ティッシュ,https://www.cosme.net/categories/effect/1018/,ツヤ,https://www.cosme.net/categories/effect/1018/,ツヤ,,,,,,,,,https://www.cosme.net/reviews/515419690/,,,,,,,現品,https://www.cosme.net/variations/1201785/,G04　スパイダー リリー調香師,https://fitter.cosme.net/media/product/10260/skuimg_1024220.jpg,,,,,,,,,,,,,-,-,,https://www.cosme.net/contact/report-review/review_id/515419690,5,,,https://www.cosme.net/categories/effect/1018/,https://www.cosme.net/categories/effect/1020/,,,ツヤ,,持ちがよい・落ちにくい,,,,,,,,,,,,,,,,,,,,,,,,,
https://my.cosme.net/open_top/show/user_id/3411105,https://pc.assets-cosme.net/images/user/characters/no_image/noimage_xs.gif,https://my.cosme.net/open_top/show/user_id/3411105,よしおーちゃん,,37歳,混合肌,https://my.cosme.net/open_entry_reviewlist/list/user_id/3411105,クチコミ投稿24件,24,6購入品,,2025/6/28 0:30:26,"普通のリプモンで少し皮剥けします。ですが、これは剥けないしツヤツヤだし、塗りやすいし可愛いしで、リピ決定です。ご飯食べても、血色！って感じ色残りしてて飲み会で沢山使いたいです(笑)
G01を仕事用で買ってみたのですが、少し赤が濃いので、薄めに塗って唇を重ね合わせて調整してます。G04も試してみたいです。

25.06.27追記
G04買いました！塗りたては可愛いんですが、ノーマル唇が紫よりの血色の私には、暗めの色に発色してしまい、会社の鏡でみたら顔の黒い女になってました（笑）お出かけには色が暗すぎるし、使い道が無くなりそうです。似合うのは色白の人ですか…？
その後G01を塗ったらやっぱり赤可愛い。
G05が気になるので、買ってみようと思います！
詳細をみる",https://www.cosme.net/categories/effect/1018/,ツヤ,https://www.cosme.net/categories/effect/1018/,ツヤ,,,,,,,,,,,,,,,,,,,https://www.cosme.net/reviews/515217853/,,,,,,,現品,https://www.cosme.net/variations/1201785/,G04　スパイダー リリー調香師,https://fitter.cosme.net/media/product/10260/skuimg_1024220.jpg,https://www.cosme.net/variations/1185728/,G01 明後日の水たまり,https://fitter.cosme.net/media/product/10260/skuimg_1001938.jpg,,,,,,,,,,-,-,-,https://www.cosme.net/contact/report-review/review_id/515217853,5,,,,,,,,,,,,,,,,,,,,,,,,,,,,,,,,,,
https://my.cosme.net/open_top/show/user_id/915816,https://pc.assets-cosme.net/images/user/characters/no_image/noimage_xs.gif,https://my.cosme.net/open_top/show/user_id/915816,emerin,,71歳,乾燥肌,https://my.cosme.net/open_entry_reviewlist/list/user_id/915816,クチコミ投稿57件,57,6購入品,,2025/6/15 6:50:49,"01,02,03, 持ってます
リップは唇が色素沈着して紫色になってしまう物が多いので専ら
グロスタイプしか使わないので
こちら新色出る度に購入したいのですが何せテスターが無いので
口コミ画像等を参考に購入しました。
この色は何のアイシャドウ付けても
合いますし派手にならないので一本持っていると重宝しますね。
赤みベージュというのでしょうか。
色持ちはグロスタイプなので良くないですがチップで無いのが衛生的で好きです。
KATEさんテスター何とか工夫して陳列してください
パウダーファンデも買いたいけれど
標準色しかテスター無く買う気がしません

詳細をみる",https://www.cosme.net/categories/item/913/,グロス,https://www.cosme.net/categories/item/912/,アイシャドウ,https://www.cosme.net/categories/item/913/,グロス,https://www.cosme.net/categories/item/1009/,パウダーファンデ,,,,,,,,,,,,,,,https://www.cosme.net/reviews/515325937/,,,,,,,現品,https://www.cosme.net/variations/1201785/,G04　スパイダー リリー調香師,https://fitter.cosme.net/media/product/10260/skuimg_1024220.jpg,,,,,,,,,,,,,-,,,https://www.cosme.net/contact/report-review/review_id/515325937,5,,認証済,https://www.cosme.net/categories/pchannel/6/,https://www.cosme.net/categories/effect/1018/,https://www.cosme.net/categories/effect/1086/,,通販化粧品・コスメ,,ツヤ,,コストパフォーマンス,,,,,,,,,,,,,,,,,,,,,,,
https://my.cosme.net/open_top/show/user_id/2615314,https://pc.assets-cosme.net/images/user/characters/no_image/noimage_xs.gif,https://my.cosme.net/open_top/show/user_id/2615314,ｈｒｍｍｍ,,30歳,混合肌,https://my.cosme.net/open_entry_reviewlist/list/user_id/2615314,クチコミ投稿168件,168,7購入品,,2025/6/12 17:33:35,"めちゃくちゃオススメ。
厚膜なテクスチャで発色めちゃ良い。ぷるぷるになって唇のシワも目立たない。
無香料だし唇乾燥しないし、色も可愛い。

個人的に04だけ自分の素の唇の色と似てたせいでリップ塗ってる感があまりなかった。
01はめちゃくちゃ可愛い。透き通る可愛い赤。
03はTPO問わず使えて便利、しっくりきたブラウン。
詳細をみる",https://www.cosme.net/categories/ingredient/1009/,無香料,,,,,,,,,,,,,,,,,,,,,https://www.cosme.net/reviews/515311816/,,,,,,,現品,https://www.cosme.net/variations/1201785/,G04　スパイダー リリー調香師,https://fitter.cosme.net/media/product/10260/skuimg_1024220.jpg,https://www.cosme.net/variations/1185728/,G01 明後日の水たまり,https://fitter.cosme.net/media/product/10260/skuimg_1001938.jpg,https://www.cosme.net/variations/1185730/,G03 99.9℃,https://fitter.cosme.net/media/product/10260/skuimg_1001944.jpg,,,,,,,-,-,-,https://www.cosme.net/contact/report-review/review_id/515311816,5,,,,,,,,,,,,,,,,,,,,,,,,,,,,,,,,,,5人以上のメンバーにお気に入り登録されています
https://my.cosme.net/open_top/show/user_id/11033139,https://cache-cdn.cosme.net/media/collection/2693/2611/11234483_xs.jpeg,https://my.cosme.net/open_top/show/user_id/11033139,ぱずるん,,43歳,乾燥肌,https://my.cosme.net/open_entry_reviewlist/list/user_id/11033139,クチコミ投稿133件,133,5購入品,,2025/4/29 23:23:13,"普通のリップモンスターと比べると色の持ちは少し劣ってしまいましたが、艶感はしっかり出てくれたしこの形状が塗りやすくてお気に入りです！
持ち手が長いからはみ出すことなく塗りやすいのでお直しにも助かってます！
詳細をみる",,,,,,,,,,,,,,,,,,,,,,,https://www.cosme.net/reviews/515109216/,,,,,,,現品,,,,,,,,,,,,,,,,-,-,-,https://www.cosme.net/contact/report-review/review_id/515109216,5,,認証済,,,,,,,,,,100人以上のメンバーにお気に入り登録されています,,,,,,,,,,,,,,,,,,,,,,
https://my.cosme.net/open_top/show/user_id/10765072,https://cache-cdn.cosme.net/media/collection/2628/784/10979628_xs.jpeg,https://my.cosme.net/open_top/show/user_id/10765072,ゆでたまご肌,,35歳,混合肌,https://my.cosme.net/open_entry_reviewlist/list/user_id/10765072,クチコミ投稿136件,136,3購入品,,2025/1/27 15:08:06,"通常のリップモンスターも好きですがツヤ感がなくなってしまうので今回はこちらを購入してみて良かったらリピートしようかなって思ってたんですが色味のバリエーションが少なくて顔色に合わなかったのでリピートするなら通常のリップモンスターにします。

発色と色持ちは良かったけどやっぱりこちらも乾燥してしてくるのが早かった。
詳細をみる",https://www.cosme.net/categories/effect/1018/,ツヤ,,,,,,,,,,,,,,,,,,,,,https://www.cosme.net/reviews/514700267/,,,,,,,現品,,,,,,,,,,,,,,,,-,,,https://www.cosme.net/contact/report-review/review_id/514700267,5,,認証済,https://www.cosme.net/categories/pchannel/3/,https://www.cosme.net/categories/effect/1028/,https://www.cosme.net/categories/effect/1021/,https://www.cosme.net/categories/effect/1086/,バラエティショップ,,フィット感,,発色がよい,100人以上のメンバーにお気に入り登録されています,,コストパフォーマンス,,,,,,,,,,,,,,,,,,,,
https://my.cosme.net/open_top/show/user_id/9131163,https://cache-cdn.cosme.net/media/collection/2229/1179/10746142_xs.jpeg,https://my.cosme.net/open_top/show/user_id/9131163,みい7255,,34歳,混合肌,https://my.cosme.net/open_entry_reviewlist/list/user_id/9131163,クチコミ投稿84件,84,4購入品,,2024/11/18 11:38:33,"やっと見つけました！！
３番のお色がイエベ秋の私にきっと似合うと信じて即購入しました！

塗ると、私の唇の元の色もありますが、イメージより暗めでした、、
なので唇の内側だけ、こちらのリップをつけて外側に少し明るめのコーラルを塗っています。

色味が想像と違うというのは、仕方ないのですが、いつもより評価が控えめです。

写真はいつもしている組み合わせで塗っていますのでツヤバース単体ではありません。


詳細をみる",https://www.cosme.net/categories/effect/1018/,ツヤ,,,,,,,,,,,,,,,,,,,,,https://www.cosme.net/reviews/514360312/,https://www.cosme.net/reviews/514360312/photo-1/,https://cache-cdn.cosme.net/media/collection/2229/1179/10845374_l.jpg,https://www.cosme.net/reviews/514360312/photo-2/,https://cache-cdn.cosme.net/media/collection/2229/1179/10845375_l.jpg,,,現品,https://www.cosme.net/variations/1185730/,G03 99.9℃,https://fitter.cosme.net/media/product/10260/skuimg_1001944.jpg,,,,,,,,,,,,,-,,,https://www.cosme.net/contact/report-review/review_id/514360312,5,,,https://www.cosme.net/categories/pchannel/2/,https://www.cosme.net/categories/effect/1002/,https://www.cosme.net/categories/effect/1018/,,スーパー・ドラッグ,,うるおい,,ツヤ,,,,,,,,,,,,,,50人以上のメンバーにお気に入り登録されています,,,,,,,,,
https://my.cosme.net/open_top/show/user_id/3697883,https://cache-cdn.cosme.net/media/collection/902/3291/10816067_xs.jpeg,https://my.cosme.net/open_top/show/user_id/3697883,omuymal,,21歳,混合肌,https://my.cosme.net/open_entry_reviewlist/list/user_id/3697883,クチコミ投稿8件,8,5購入品,,2024/11/7 0:20:13,"テスターで試し艶感に惚れて買いました。
従来のリップモンスターと比較すると色落ちは少し気になります。ですが他社製品と比べれば色は残る方かと思われます。
私はとにかく、ぷるぷるな艶と絶妙な秋っぽい色加減がお気に入りです。03は秋冬にぴったりなカラーです。
詳細をみる",,,,,,,,,,,,,,,,,,,,,,,https://www.cosme.net/reviews/514317068/,,,,,,,現品,https://www.cosme.net/variations/1185730/,G03 99.9℃,https://fitter.cosme.net/media/product/10260/skuimg_1001944.jpg,,,,,,,,,,,,,-,-,-,https://www.cosme.net/contact/report-review/review_id/514317068,5,,,,,,,,,,,,,,,,,,,,,,,,,,,,,,,,,,
https://my.cosme.net/open_top/show/user_id/3089582,https://pc.assets-cosme.net/images/user/characters/no_image/noimage_xs.gif,https://my.cosme.net/open_top/show/user_id/3089582,ひまわりタイム,,47歳,普通肌,https://my.cosme.net/open_entry_reviewlist/list/user_id/3089582,クチコミ投稿57件,57,5購入品,,2024/11/4 21:23:22,"ツヤバースと謳うだけ、いつものモンスターよりツヤツヤです。でも持ちはいつものモンスターの方がいいように感じました。
繰り出すと戻らないようなので、繰り出し過ぎ注意。
モンスターは水晶のマダムが今お気に入り。
ツヤバースは明後日の水たまりがお気に入り。

詳細をみる",https://www.cosme.net/categories/effect/1018/,ツヤ,https://www.cosme.net/categories/effect/1018/,ツヤ,https://www.cosme.net/categories/effect/1018/,ツヤ,https://www.cosme.net/categories/effect/1018/,ツヤ,,,,,,,,,,,,,,,https://www.cosme.net/reviews/514308498/,https://www.cosme.net/reviews/514308498/photo-1/,https://cache-cdn.cosme.net/media/collection/754/1198/10811250_l.jpg,https://www.cosme.net/reviews/514308498/photo-2/,https://cache-cdn.cosme.net/media/collection/754/1198/10811251_l.jpg,,,現品,https://www.cosme.net/variations/1185728/,G01 明後日の水たまり,https://fitter.cosme.net/media/product/10260/skuimg_1001938.jpg,https://www.cosme.net/variations/1185729/,G02 ピンクムーンの雫,https://fitter.cosme.net/media/product/10260/skuimg_1001941.jpg,https://www.cosme.net/variations/1185730/,G03 99.9℃,https://fitter.cosme.net/media/product/10260/skuimg_1001944.jpg,,,,,,,-,-,-,https://www.cosme.net/contact/report-review/review_id/514308498,5,,,,,,,,,,,,,,,,,,,,,,,,,,,,,,,,,,
https://my.cosme.net/open_top/show/user_id/8552033,https://cache-cdn.cosme.net/media/collection/2087/3681/10957015_xs.jpeg,https://my.cosme.net/open_top/show/user_id/8552033,ぶこむむこ,,35歳,混合肌,https://my.cosme.net/open_entry_reviewlist/list/user_id/8552033,クチコミ投稿47件,47,1購入品,,2024/11/3 13:59:23,"リプモンのいいところ無しです…。

発色悪い、色持ちも悪くてすぐに落ちる。

塗りたてはうるうるしてリップクリームが付いているような水々しい感じなのですが、すぐに水分が無くなってペタペタした感じになります。

一番最悪なのは唇の皮がボロボロになるところ。
今までこんなにボロボロになったリップなかったです。

カップやストローにボロボロになった皮のカスみたいなのが付きまくって恥ずかしくて使えないです；；

期待して予約までして購入したのにがっかり。
絶対にリピートはしません。
詳細をみる",https://www.cosme.net/categories/item/1031/,リップクリーム,,,,,,,,,,,,,,,,,,,,,https://www.cosme.net/reviews/514303149/,,,,,,,現品,,,,,,,,,,,,,,,,-,-,-,https://www.cosme.net/contact/report-review/review_id/514303149,5,,認証済,,,,,,,,,,,,,,,,,,,,,,,,,,,,,,,,
https://my.cosme.net/open_top/show/user_id/4220757,https://cache-cdn.cosme.net/media/collection/1030/1877/9636237_xs.jpeg,https://my.cosme.net/open_top/show/user_id/4220757,ぱる☆･☆ﾟ:*:ﾟ,,39歳,乾燥肌,https://my.cosme.net/open_entry_reviewlist/list/user_id/4220757,クチコミ投稿392件,392,6購入品リピート,リピート,2024/10/23 0:03:32,"リップモンスター愛用者なので全色買いしました。
塗った時にツヤがあるので色持ちはどうか心配でしたが、数時間後ツヤは消えても色持ちはリップモンスターと変わらずでした。
02はピンクに見えたのですが唇に乗せるとコーラルに発色しました。

本当に数mm出さないと折れてしまうので、その点だけ注意です。
詳細をみる",https://www.cosme.net/categories/effect/1018/,ツヤ,https://www.cosme.net/categories/effect/1018/,ツヤ,,,,,,,,,,,,,,,,,,,https://www.cosme.net/reviews/514259048/,,,,,,,現品,https://www.cosme.net/variations/1185728/,G01 明後日の水たまり,https://fitter.cosme.net/media/product/10260/skuimg_1001938.jpg,https://www.cosme.net/variations/1185729/,G02 ピンクムーンの雫,https://fitter.cosme.net/media/product/10260/skuimg_1001941.jpg,https://www.cosme.net/variations/1185730/,G03 99.9℃,https://fitter.cosme.net/media/product/10260/skuimg_1001944.jpg,,,,,,,-,-,,https://www.cosme.net/contact/report-review/review_id/514259048,5,,,https://www.cosme.net/categories/effect/1002/,https://www.cosme.net/categories/effect/1013/,https://www.cosme.net/categories/effect/1018/,https://www.cosme.net/categories/effect/1030/,うるおい,https://www.cosme.net/categories/effect/1064/,ナチュラルメイク,https://www.cosme.net/categories/effect/1028/,ツヤ,,https://www.cosme.net/categories/effect/1020/,肌の透明感・薄づき,https://www.cosme.net/categories/effect/1021/,立体感,,フィット感,,,,,25人以上のメンバーにお気に入り登録されています,,,,,持ちがよい・落ちにくい,,発色がよい,,,,
https://my.cosme.net/open_top/show/user_id/576559,https://cache-cdn.cosme.net/media/collection/140/3119/3165691_xs.jpg,https://my.cosme.net/open_top/show/user_id/576559,山南総長,,46歳,混合肌,https://my.cosme.net/open_entry_reviewlist/list/user_id/576559,クチコミ投稿3666件,3666,6購入品,,2024/10/21 16:03:11,"山南です。

G02を購入しました。
ピンクムーン…なんていうから結構なピンクかと
勝手に思ってたら割とオレンジ味のある
ものすごくクセのない使いやすいお色！
柔くて、潤いのある塗り心地なのに
しっかり色が残る…いや、優秀だろ、この価格で。
この手のダイヤル、カチッカチッタイプが好きなので
色違い買おうか検討中。

カチッとしたら戻せないの嫌いな方には
地味にストレスかも。。

詳細をみる",,,,,,,,,,,,,,,,,,,,,,,https://www.cosme.net/reviews/514253697/,,,,,,,現品,https://www.cosme.net/variations/1185729/,G02 ピンクムーンの雫,https://fitter.cosme.net/media/product/10260/skuimg_1001941.jpg,,,,,,,,,,,,,-,,,https://www.cosme.net/contact/report-review/review_id/514253697,5,500人以上のメンバーにお気に入り登録されています,認証済,https://www.cosme.net/categories/pchannel/6/,https://www.cosme.net/categories/effect/1002/,https://www.cosme.net/categories/effect/1018/,https://www.cosme.net/categories/effect/1028/,通販化粧品・コスメ,https://www.cosme.net/categories/effect/1020/,うるおい,https://www.cosme.net/categories/effect/1021/,ツヤ,,,フィット感,,持ちがよい・落ちにくい,,発色がよい,,,,,,,,,,,,,,,,
https://my.cosme.net/open_top/show/user_id/3193759,https://cache-cdn.cosme.net/media/collection/779/2975/7377054_xs.jpeg,https://my.cosme.net/open_top/show/user_id/3193759,おーたこっぺ,,40歳,混合肌,https://my.cosme.net/open_entry_reviewlist/list/user_id/3193759,クチコミ投稿119件,119,6購入品,,2024/10/17 21:37:43,"通常のリプモンと比べると、とろっとしたツヤが出る分、使用感と発色は軽めです。
G2番はピンク系となってますが、青みより赤みが強めです(私の唇にのせると、赤み控えめの朱色よりのチューリップみたいな発色をします)。時間が経つと粘膜色に近づいてきますが、｢ザ・ネンマク色｣のコーラルピンクではないので、ご注意ください。
詳細をみる",https://www.cosme.net/categories/effect/1018/,ツヤ,,,,,,,,,,,,,,,,,,,,,https://www.cosme.net/reviews/514240323/,,,,,,,現品,https://www.cosme.net/variations/1185729/,G02 ピンクムーンの雫,https://fitter.cosme.net/media/product/10260/skuimg_1001941.jpg,,,,,,,,,,,,,-,-,,https://www.cosme.net/contact/report-review/review_id/514240323,5,,,https://www.cosme.net/categories/effect/1018/,https://www.cosme.net/categories/effect/1086/,,,ツヤ,,コストパフォーマンス,,,,,,,,,,,,,,,,,,,,,,,,,
https://my.cosme.net/open_top/show/user_id/11682760,https://cache-cdn.cosme.net/media/collection/2852/968/11771247_xs.jpeg,https://my.cosme.net/open_top/show/user_id/11682760,ティラノDX,,30歳,乾燥肌,https://my.cosme.net/open_entry_reviewlist/list/user_id/11682760,クチコミ投稿78件,78,3購入品,,2026/1/19 23:09:19,"ねっとりとした柔らかいテクスチャー。唇は艶々になってくれます。時間が経つと艶感は消えちゃうけど、食事をしても色は残ってくれました！繰り出し式で一度に一回分出る感じ！艶感が持続しないのが難点なのでリピートはないかなぁ。カラーは秋冬ぽくて素敵でした。
詳細をみる",,,,,,,,,,,,,,,,,,,,,,,https://www.cosme.net/reviews/516363675/,https://www.cosme.net/reviews/516363675/photo-1/,https://cache-cdn.cosme.net/media/collection/2852/968/11840305_l.jpg,,,,,現品,https://www.cosme.net/variations/1185730/,G03 99.9℃,https://fitter.cosme.net/media/product/10260/skuimg_1001944.jpg,,,,,,,,,,,,,-,-,,https://www.cosme.net/contact/report-review/review_id/516363675,4,,認証済,https://www.cosme.net/categories/pchannel/2/,,,,スーパー・ドラッグ,,,,,,,,,,,,,,,,,,50人以上のメンバーにお気に入り登録されています,,,,,,,,,
https://my.cosme.net/open_top/show/user_id/11576960,https://cache-cdn.cosme.net/media/collection/2826/1664/11695289_xs.jpeg,https://my.cosme.net/open_top/show/user_id/11576960,鰻まる,,23歳,普通肌,https://my.cosme.net/open_entry_reviewlist/list/user_id/11576960,クチコミ投稿74件,74,3購入品,,2025/11/8 9:12:12,"ツヤ感の上品さ。グロスみたいにベタつかないのに、唇が自然にうるっと見える仕上がりです。
時間が経っても乾燥しにくく、マスクを外したときもツヤがちゃんと残っていて感動。
色味も透け感があって肌になじみやすいから、どんなメイクにも合いそう。
詳細をみる",https://www.cosme.net/categories/effect/1018/,ツヤ,https://www.cosme.net/categories/item/913/,グロス,https://www.cosme.net/categories/effect/1018/,ツヤ,,,,,,,,,,,,,,,,,https://www.cosme.net/reviews/515986054/,,,,,,,現品,,,,,,,,,,,,,,,,-,-,,https://www.cosme.net/contact/report-review/review_id/515986054,4,,認証済,https://www.cosme.net/categories/pchannel/2/,,,,スーパー・ドラッグ,,,,,,,,,,,,,,,,,,50人以上のメンバーにお気に入り登録されています,,,,,,,,,
https://my.cosme.net/open_top/show/user_id/4945402,https://cache-cdn.cosme.net/media/collection/1207/1530/6854937_xs.jpeg,https://my.cosme.net/open_top/show/user_id/4945402,しらふじ,10人以上のメンバーにお気に入り登録されています,25歳,乾燥肌,https://my.cosme.net/open_entry_reviewlist/list/user_id/4945402,クチコミ投稿264件,264,6購入品,,,"EX-2購入、ブルベ冬夏です。

たしかに鮮やかでかなり高発色ですが、元祖リプモンに対して
色によっては発色が物足りないと感じていた身には念願の色味・発色だと思いました。

かなり柔らかいので慎重に塗る必要がありますが、
力加減を掴んでからは大変重宝しています。

使い切ったら定番色の01に移行しようかな？と思っています。
詳細をみる",,,,,,,,,,,,,,,,,,,,,,,https://www.cosme.net/reviews/515762429/,,,,,,,現品,https://www.cosme.net/variations/1218654/,EX-2 悪魔の快楽,https://fitter.cosme.net/media/product/10260/skuimg_1056321.jpg,,,,,,,,,,,,,-,-,-,https://www.cosme.net/contact/report-review/review_id/515762429,4,,,,,,,,,,,,,,,,,,,,,,,,2025/9/16 20:49:09,,,,,,,,,,
https://my.cosme.net/open_top/show/user_id/2224457,https://cache-cdn.cosme.net/media/collection/543/329/10870508_xs.jpeg,https://my.cosme.net/open_top/show/user_id/2224457,えりんぎゃ,,39歳,乾燥肌,https://my.cosme.net/open_entry_reviewlist/list/user_id/2224457,クチコミ投稿2422件,2422,5購入品,,2025/9/11 21:25:24,"#コスメ購入品
#コスメスウォッチ

KATE/ケイト
リップモンスター ツヤバース
EX-1 哀愁の亡霊
EX-2 悪魔の快楽

大人っぽいダークカラー

哀愁の亡霊はオシャレカラーだけど透けツヤのせいかムラになる

私のテクニックがないというのもあり

悪魔の快楽は普通に使いやすいレッドで良き

とろけるような塗り心地で通常リップモンスターよりかは色持ちしないけど、日常使いしやすい色持ちさ。

荒れも気にならなかった♀
詳細をみる",https://www.cosme.net/categories/effect/1018/,ツヤ,https://www.cosme.net/categories/effect/1018/,ツヤ,,,,,,,,,,,,,,,,,,,https://www.cosme.net/reviews/515738271/,https://www.cosme.net/reviews/515738271/photo-1/,https://cache-cdn.cosme.net/media/collection/543/329/11557528_l.jpg,https://www.cosme.net/reviews/515738271/photo-2/,https://cache-cdn.cosme.net/media/collection/543/329/11557529_l.jpg,https://www.cosme.net/reviews/515738271/photo-3/,https://cache-cdn.cosme.net/media/collection/543/329/11557530_l.jpg,現品,https://www.cosme.net/variations/1218653/,EX-1 哀愁の亡霊,https://fitter.cosme.net/media/product/10260/skuimg_1056320.jpg,https://www.cosme.net/variations/1218654/,EX-2 悪魔の快楽,https://fitter.cosme.net/media/product/10260/skuimg_1056321.jpg,,,,,,,,,,,,,https://www.cosme.net/contact/report-review/review_id/515738271,4,,認証済,https://www.cosme.net/categories/pchannel/6/,https://www.cosme.net/categories/effect/1002/,https://www.cosme.net/categories/effect/1018/,https://www.cosme.net/categories/effect/1030/,通販化粧品・コスメ,https://www.cosme.net/categories/effect/1064/,うるおい,https://www.cosme.net/categories/effect/1028/,ツヤ,100人以上のメンバーにお気に入り登録されています,https://www.cosme.net/categories/effect/1020/,肌の透明感・薄づき,https://www.cosme.net/categories/effect/1021/,立体感,https://www.cosme.net/categories/effect/1086/,フィット感,,,,,,,,https://www.cosme.net/tags/tag/309419/,https://www.cosme.net/tags/tag/460888/,持ちがよい・落ちにくい,https://www.cosme.net/tags/tag/511636/,発色がよい,https://www.cosme.net/tags/tag/631016/,コストパフォーマンス,コスメ購入品,
https://my.cosme.net/open_top/show/user_id/11196096,https://cache-cdn.cosme.net/media/collection/2733/1728/11397359_xs.jpg,https://my.cosme.net/open_top/show/user_id/11196096,ててりも,,25歳,混合肌,https://my.cosme.net/open_entry_reviewlist/list/user_id/11196096,クチコミ投稿32件,32,5購入品,,2025/8/22 17:35:24,"初のリプモンです！

SNSもサイトも見たのですが、加工で色味調整がされていてわかりづらく、店頭にはテスターも無いので実際買った人の口コミを参考に買いました。

当方イエベ春、陽の入る洗面所の自然光、一度べた塗りして唇を合わせた状態で撮りました。

通常リプモンと同じく発色が良く、ぬるっとツヤ系で塗れます。飲み物を飲んだりするとツヤ感は多少落ちますが、色は落ちづらいです。
かなりチョコレートのようなブラウンが強いので、秋冬のモード系メイクの時に使おうと思います！
詳細をみる",https://www.cosme.net/categories/effect/1018/,ツヤ,https://www.cosme.net/categories/effect/1018/,ツヤ,,,,,,,,,,,,,,,,,,,https://www.cosme.net/reviews/515638423/,https://www.cosme.net/reviews/515638423/photo-1/,https://cache-cdn.cosme.net/media/collection/2733/1728/11499528_l.jpg,,,,,現品,https://www.cosme.net/variations/1218653/,EX-1 哀愁の亡霊,https://fitter.cosme.net/media/product/10260/skuimg_1056320.jpg,,,,,,,,,,,,,,,,https://www.cosme.net/contact/report-review/review_id/515638423,4,,,https://www.cosme.net/categories/pchannel/2/,https://www.cosme.net/categories/effect/1018/,https://www.cosme.net/categories/effect/1028/,https://www.cosme.net/categories/effect/1020/,スーパー・ドラッグ,https://www.cosme.net/categories/effect/1021/,ツヤ,https://www.cosme.net/categories/effect/1086/,フィット感,,https://www.cosme.net/tags/tag/535622/,持ちがよい・落ちにくい,https://www.cosme.net/tags/tag/511636/,発色がよい,https://www.cosme.net/tags/tag/31053/,コストパフォーマンス,,,,,,,,,,リプモン,,リップモンスター,,リップティント,,
https://my.cosme.net/open_top/show/user_id/8894347,https://pc.assets-cosme.net/images/user/characters/no_image/noimage_xs.gif,https://my.cosme.net/open_top/show/user_id/8894347,さえさえのすけ,,25歳,乾燥肌,https://my.cosme.net/open_entry_reviewlist/list/user_id/8894347,クチコミ投稿37件,37,6購入品,,2025/8/21 23:46:47,"まず私はくすみの苦手なブルベ冬（自己診断）です！その観点でレビューご覧ください！


購入順に↓


01
リップモンスターからツヤタイプ？！
これは買うしかで発売後すぐに購入
色味は通常版の06をもう少しクリアにしたような
そんなお色味でした。
要はパキッとそんな正統派赤リップ（やや透け感あり）
薄く塗ればオフィスでも行けそうなそんな赤リップ
（マスクつけるのでオフィスとはですが。笑）
マスクをつけて半日つけるとやや付着するかなという
色落ち具合。
食べると通常版に比べるとやはり落ちます。
でも汚く落ちるとかはなく全部落ちるので、笑
そうなるとお直しは簡単かなと笑


ex-1
ついに出ました限定色
上記のように落ちにくさからツヤタイプは
もう買わないかなとおもっていましたが、
色味が優勝すぎて、気づいたら購入してました。
先行画像では茶色強いな？と感じましたが、
塗ってびっくり！！！！！
通常版の12番に数滴茶色を混ぜたような、、、12大好きな私大歓喜でした、これはブルベ冬大優勝です、、。
茶色のピンクリップって意外となくないですか？！
ビビットピンクに茶色を混ぜたとか、
赤に茶色を混ぜたとかよくありますけど、
程よいピンクに茶色を混ぜるってなかなか難しいのか、
ピンクというより赤の強いほぼ茶色じゃん！なんて
何回経験したことか、、、
ピンクに茶色を自分で重ねていた自分よ、
もう今年からはこれで解決なんだから！！！！！
ダークトーンの茶色に確かに感じるピンク。
もう完璧です、これでなんと落ちにくい！、なぜ？！
ツヤバース変わりました？
久しぶりに購入したら落ちにくさもアップしてませんか？！もう買わない理由はないです、、、
この値段でこの色味と落ちにくさが叶うなんて夢でしょうか？
詳細をみる",https://www.cosme.net/tags/tag/5351/,くすみ,https://www.cosme.net/categories/effect/1018/,ツヤ,https://www.cosme.net/categories/effect/1018/,ツヤ,https://www.cosme.net/categories/effect/1020/,落ちにくい,https://www.cosme.net/categories/effect/1018/,ツヤ,,,,,,,,,,,,,https://www.cosme.net/reviews/515635756/,,,,,,,現品,https://www.cosme.net/variations/1218653/,EX-1 哀愁の亡霊,https://fitter.cosme.net/media/product/10260/skuimg_1056320.jpg,https://www.cosme.net/variations/1185728/,G01 明後日の水たまり,https://fitter.cosme.net/media/product/10260/skuimg_1001938.jpg,,,,,,,,,,-,-,-,https://www.cosme.net/contact/report-review/review_id/515635756,4,,,,,,,,,,,,,,,,,,,,,,,,,,,,,,,,,,
https://my.cosme.net/open_top/show/user_id/3139789,https://pc.assets-cosme.net/images/user/characters/no_image/noimage_xs.gif,https://my.cosme.net/open_top/show/user_id/3139789,yoo_na,,33歳,乾燥肌,https://my.cosme.net/open_entry_reviewlist/list/user_id/3139789,クチコミ投稿83件,83,6購入品,,2025/8/21 0:55:02,"完全に色に惹かれて購入しました。日本でプチプラで深い色ってあまりないのでとても貴重です。例の如く限定ですが。ポンポン塗りでナチュラルに、しっかり塗りでモードにもいけます。わがままに言うと、個人的にはこの手のカラーは透け感いらないので、もう少しガツンと色がのってほしかったかな。ツヤ重視な分、色もちは通常リプモンより悪いですが、他の似たようなものよりは良いかと。SNSでも深いカラーは特別人気な印象がありますし、なぜ定番色になりにくいのか不思議です。
詳細をみる",https://www.cosme.net/tags/tag/5077/,プチプラ,https://www.cosme.net/categories/effect/1018/,ツヤ,,,,,,,,,,,,,,,,,,,https://www.cosme.net/reviews/515631448/,,,,,,,現品,https://www.cosme.net/variations/1218653/,EX-1 哀愁の亡霊,https://fitter.cosme.net/media/product/10260/skuimg_1056320.jpg,,,,,,,,,,,,,-,,,https://www.cosme.net/contact/report-review/review_id/515631448,4,,認証済,https://www.cosme.net/categories/pchannel/6/,https://www.cosme.net/categories/effect/1002/,https://www.cosme.net/categories/effect/1018/,,通販化粧品・コスメ,,うるおい,,ツヤ,,,,,,,,,,,,,,,,,,,,,,,5人以上のメンバーにお気に入り登録されています
https://my.cosme.net/open_top/show/user_id/11256140,https://cache-cdn.cosme.net/media/collection/2748/332/11412699_xs.jpeg,https://my.cosme.net/open_top/show/user_id/11256140,037さん,,35歳,乾燥肌,https://my.cosme.net/open_entry_reviewlist/list/user_id/11256140,クチコミ投稿147件,147,6購入品,,2025/7/18 22:35:11,"リップモンスターは人気だったので使用しています。
とろけるようなテクスチャーなので伸びが良くて塗りやすいし、飲食をしても割と色味が残っていたので色持ちが良かったです！
気になる色味はどんどん購入して使用してみたいと思う
詳細をみる",,,,,,,,,,,,,,,,,,,,,,,https://www.cosme.net/reviews/515492252/,,,,,,,現品,,,,,,,,,,,,,,,,-,-,-,https://www.cosme.net/contact/report-review/review_id/515492252,4,,認証済,,,,,,,,,,,,,,,,,,,,,25人以上のメンバーにお気に入り登録されています,,,,,,,,,,,
https://my.cosme.net/open_top/show/user_id/9584177,https://cache-cdn.cosme.net/images/user/characters/30/mychara05_xs.gif,https://my.cosme.net/open_top/show/user_id/9584177,じゃっだん,,28歳,混合肌,https://my.cosme.net/open_entry_reviewlist/list/user_id/9584177,クチコミ投稿41件,41,6購入品リピート,リピート,2025/6/5 11:40:46,"G03 99.9℃
もっとオレンジが強いのかと思っていましたが、透け感があり、唇の色と合わさると良い塩梅の赤みのブラウンになり嬉しい誤算でした。
パキッとしすぎず、いつでも使いやすいです。

G04 スパイダー　リリー調香師
G03が思いの外よかったので追加購入しました。
詳細をみる",,,,,,,,,,,,,,,,,,,,,,,https://www.cosme.net/reviews/514248373/,https://www.cosme.net/reviews/514248373/photo-1/,https://cache-cdn.cosme.net/media/collection/2339/3633/10773626_l.jpg,https://www.cosme.net/reviews/514248373/photo-2/,https://cache-cdn.cosme.net/media/collection/2339/3633/10773627_l.jpg,,,現品,https://www.cosme.net/variations/1201785/,G04　スパイダー リリー調香師,https://fitter.cosme.net/media/product/10260/skuimg_1024220.jpg,https://www.cosme.net/variations/1185730/,G03 99.9℃,https://fitter.cosme.net/media/product/10260/skuimg_1001944.jpg,,,,,,,,,,-,,,https://www.cosme.net/contact/report-review/review_id/514248373,4,,,https://www.cosme.net/categories/pchannel/4/,https://www.cosme.net/categories/effect/1002/,https://www.cosme.net/categories/effect/1013/,https://www.cosme.net/categories/effect/1018/,化粧品専門店,,うるおい,,ナチュラルメイク,,,ツヤ,,,,,,,,,,,,,,,,,,,,
https://my.cosme.net/open_top/show/user_id/11043743,https://cache-cdn.cosme.net/media/collection/2696/927/11242933_xs.jpeg,https://my.cosme.net/open_top/show/user_id/11043743,びびびんば,,36歳,脂性肌,https://my.cosme.net/open_entry_reviewlist/list/user_id/11043743,クチコミ投稿141件,141,3購入品,,2025/5/2 9:45:00,"アットコスメでランキングを良くみていて購入しました。
ツヤツヤの仕上がりでとてもよかったし細く長く使いやすいのでおすすめ！
リピートして愛用したくなる保湿力高めリップです^ ^
詳細をみる",https://www.cosme.net/categories/effect/1018/,ツヤ,https://www.cosme.net/categories/effect/1018/,ツヤ,,,,,,,,,,,,,,,,,,,https://www.cosme.net/reviews/515128495/,,,,,,,現品,,,,,,,,,,,,,,,,-,-,,https://www.cosme.net/contact/report-review/review_id/515128495,4,,認証済,https://www.cosme.net/categories/pchannel/2/,,,,スーパー・ドラッグ,,,,,,,,,,,,,,,,25人以上のメンバーにお気に入り登録されています,,,,,,,,,,,
https://my.cosme.net/open_top/show/user_id/2090092,https://pc.assets-cosme.net/images/user/characters/no_image/noimage_xs.gif,https://my.cosme.net/open_top/show/user_id/2090092,麦よーこ,10人以上のメンバーにお気に入り登録されています,32歳,敏感肌,https://my.cosme.net/open_entry_reviewlist/list/user_id/2090092,クチコミ投稿81件,81,3購入品,,2025/4/24 15:46:22,"04も05も子供顔にはきちぃと思いました、
どちらも明度が思ったより暗く、少なくとも私はこれに耐えられる顔面をしておりませんでした笑
しいていうなら04かなーー

大人顔で女性らしいお顔立ちでブルベだと05ハマると思います


子供顔には、02一択だと思います。



ツヤバースは色展開がどれも私にドンピシャなものがなくて、リプモンやオペラのリップティントのほうが理想的なものを見つけやすいので
ツヤバースはもういいかなと思いました。



詳細をみる",https://www.cosme.net/categories/effect/1018/,ツヤ,https://www.cosme.net/categories/pickup/1026/,ティント,https://www.cosme.net/categories/effect/1018/,ツヤ,,,,,,,,,,,,,,,,,https://www.cosme.net/reviews/515099279/,,,,,,,現品,https://www.cosme.net/variations/1201785/,G04　スパイダー リリー調香師,https://fitter.cosme.net/media/product/10260/skuimg_1024220.jpg,https://www.cosme.net/variations/1201786/,G05　ピンク ロビンの泉,https://fitter.cosme.net/media/product/10260/skuimg_1024222.jpg,https://www.cosme.net/variations/1185728/,G01 明後日の水たまり,https://fitter.cosme.net/media/product/10260/skuimg_1001938.jpg,https://www.cosme.net/variations/1185729/,G02 ピンクムーンの雫,https://fitter.cosme.net/media/product/10260/skuimg_1001941.jpg,https://www.cosme.net/variations/1185730/,G03 99.9℃,https://fitter.cosme.net/media/product/10260/skuimg_1001944.jpg,-,-,-,https://www.cosme.net/contact/report-review/review_id/515099279,4,,,,,,,,,,,,,,,,,,,,,,,,,,,,,,,,,,
https://my.cosme.net/open_top/show/user_id/7946807,https://cache-cdn.cosme.net/media/collection/1940/567/10113501_xs.jpeg,https://my.cosme.net/open_top/show/user_id/7946807,Mai@イメージコンサルタント,,29歳,混合肌,https://my.cosme.net/open_entry_reviewlist/list/user_id/7946807,クチコミ投稿313件,313,5購入品,,2025/4/16 23:41:04,"＼とろツヤモンスター新色レビュー／

ひとぬりでとろけて ツヤがあふれ出す
落ちにくい口紅「リップモンスター」の新タイプ
とろツヤモンスターに早くも新色が追加
昨日から順次配荷になってるよー！

KATE
リップモンスターツヤバース
\1,650(税込)

G04 スパイダーリリー調香師
はやや青みのくすみレッドブラウンでブルベ夏に！
結構ニュートラルなので
2ndはイエベを跨ぐ人の方が良さそう◎
16タイプだとミューテッドサマーにおすすめ
(艶感強めなので顔タイプ曲線だとなお良し♀)

G05 ピンクロビンの泉
はツヤバース史上1番の青み！！！
待ってましたﾜｧ───ヽ(*ﾟ∀ﾟ*)ﾉ───ｲ！！
しっかり青みだったので1st2nd共にブルベの方に
クールウィンターの私的にはやや明るくて
馴染みが良く、血色リップな感じになったので
4シーズンではブルベ夏か明るさ得意なブルベ冬、
16タイプではクールサマー、クリアウィンターにおすすめ！

この新色は4月19日発売だけど
もう置いてあるお店も沢山あるから
欲しい人は早めに売り場をチェックしてね！

みなさんの参考になったら嬉しいです


※上記のカラータイプ分析は
ラピスの16タイプカラーメソッドに
基づくアナリストの個人の見解です。
転載はご遠慮くださいませ。
詳細をみる",https://www.cosme.net/categories/effect/1018/,ツヤ,https://www.cosme.net/categories/effect/1018/,ツヤ,https://www.cosme.net/categories/effect/1020/,落ちにくい,https://www.cosme.net/categories/item/913/,口紅,https://www.cosme.net/categories/effect/1018/,ツヤ,https://www.cosme.net/categories/effect/1018/,ツヤ,https://www.cosme.net/tags/tag/5351/,くすみ,https://www.cosme.net/categories/effect/1018/,ツヤ,,,,,,,https://www.cosme.net/reviews/515067997/,https://www.cosme.net/reviews/515067997/photo-1/,https://cache-cdn.cosme.net/media/collection/1940/567/11208150_l.jpg,https://www.cosme.net/reviews/515067997/photo-2/,https://cache-cdn.cosme.net/media/collection/1940/567/11208152_l.jpg,https://www.cosme.net/reviews/515067997/photo-3/,https://cache-cdn.cosme.net/media/collection/1940/567/11208151_l.jpg,現品,https://www.cosme.net/variations/1201785/,G04　スパイダー リリー調香師,https://fitter.cosme.net/media/product/10260/skuimg_1024220.jpg,https://www.cosme.net/variations/1201786/,G05　ピンク ロビンの泉,https://fitter.cosme.net/media/product/10260/skuimg_1024222.jpg,,,,,,,,,,,,,https://www.cosme.net/contact/report-review/review_id/515067997,4,,認証済,https://www.cosme.net/categories/pchannel/6/,https://www.cosme.net/categories/effect/1018/,https://www.cosme.net/categories/effect/1064/,https://www.cosme.net/tags/tag/26510/,通販化粧品・コスメ,https://www.cosme.net/tags/tag/7225/,ツヤ,https://www.cosme.net/tags/tag/94116/,立体感,,https://www.cosme.net/tags/tag/14807/,ブルベ夏,https://www.cosme.net/tags/tag/404301/,イエベ秋,,ブルベ冬,,,,,,,50人以上のメンバーにお気に入り登録されています,,,パーソナルカラー,,16タイプ,,,,
https://my.cosme.net/open_top/show/user_id/4420686,https://cache-cdn.cosme.net/media/collection/1079/1102/5311612_xs.png,https://my.cosme.net/open_top/show/user_id/4420686,#hinata,10人以上のメンバーにお気に入り登録されています,29歳,混合肌,https://my.cosme.net/open_entry_reviewlist/list/user_id/4420686,クチコミ投稿113件,113,5購入品,,,"新色と聞いてMy Kao Mallの最速先行でポチりました。
花王は送料無料クーポン出してくれるから好きです。
さっそくレポ書いていきます。

G04
これ、すごくいい！
見た目ははっきり茶色なんだけど、唇に乗せると茶色っぽくもオレンジっぽくもならない絶妙な色加減で。
ツヤなのに派手に感じない上品さがあって。
え、私の色じゃん！ってくらい唇に馴染んで。
ミルクティー色っていうのかな？いい感じの優しい色味なの。
いやマジでいい！
またレンガ色っぽくなっちゃうかも…と思って全然期待しないで使ったから感動がすごい。
私は02が似合わなかったのですが、同じ黄みよりでもここまで違うとは！
これと比べると01はめちゃくちゃ鮮やかで明確なレッドですね…！

G05
おぉー！これもいいー！
ジューシーグレープリップです♪
もっと濃くて鮮やかなつよつよ青みリップかと思ったけど、若干ミルキーで白みのある色なので、派手になりすぎないの。
04と対になる色って感じで、同時発売されたのが納得。
こっちもすごい似合うー！嬉しいー！
少なめに塗ってんまっとして（伝われ）馴染ませると濃くならずナチュラルに盛れるのでおすすめです！

画像は左が04、右が05。
いろいろな美容メディアがスウォッチ出してるけど、仕上がりとしてはケイト公式サイトの画像が一番近いかも。あと美容botことのさんの動画。
溶けやすさに懸念が残るのと（表面汗かいてることある）、多色買いしたらポーチの中で見分けがつかなくなって困ってるので、そこだけ改善希望です。
詳細をみる",https://www.cosme.net/categories/effect/1018/,ツヤ,,,,,,,,,,,,,,,,,,,,,https://www.cosme.net/reviews/515048764/,https://www.cosme.net/reviews/515048764/photo-1/,https://cache-cdn.cosme.net/media/collection/1079/1102/11197271_l.jpg,,,,,現品,https://www.cosme.net/variations/1201785/,G04　スパイダー リリー調香師,https://fitter.cosme.net/media/product/10260/skuimg_1024220.jpg,https://www.cosme.net/variations/1201786/,G05　ピンク ロビンの泉,https://fitter.cosme.net/media/product/10260/skuimg_1024222.jpg,,,,,,,,,,,,,https://www.cosme.net/contact/report-review/review_id/515048764,4,,認証済,https://www.cosme.net/categories/pchannel/6/,https://www.cosme.net/categories/effect/1002/,https://www.cosme.net/categories/effect/1018/,https://www.cosme.net/tags/tag/5078/,通販化粧品・コスメ,https://www.cosme.net/tags/tag/619229/,うるおい,https://www.cosme.net/tags/tag/5032/,ツヤ,,https://www.cosme.net/tags/tag/89071/,スリム,,ツヤバース,,保湿,,,,,,2025/4/12 22:58:31,,,,縦ジワカバー,,,,,,
https://my.cosme.net/open_top/show/user_id/5163022,https://pc.assets-cosme.net/images/user/characters/no_image/noimage_xs.gif,https://my.cosme.net/open_top/show/user_id/5163022,みぃはん,10人以上のメンバーにお気に入り登録されています,42歳,脂性肌,https://my.cosme.net/open_entry_reviewlist/list/user_id/5163022,クチコミ投稿314件,314,6購入品,,2025/3/28 19:15:56,"スマートさから、かさばらないため持ち運びしやすいですし、塗りやすい！細くも太くも塗れます。
真夏に持ち出したら暑さで溶けそうなくらい、柔らかいです。
私はそれが逆にスルスル塗りやすくて気に入ったポイントのひとつです。
とにかくツヤがすごい！普通のリップモンスターに比べれば落ちやすいですが、プチプチでこのクオリティならばむしろ優秀ではないでしょうか！デパコスでもこの程度の落ちやすさなら普通です。
落ち方も汚くないのも凄いです！
なにも考えず、ネーミングから買ってしまいました、イエベ用みたいですが、ブルベの私でもそこまで違和感なく使えます。
詳細をみる",https://www.cosme.net/categories/effect/1018/,ツヤ,,,,,,,,,,,,,,,,,,,,,https://www.cosme.net/reviews/514979858/,https://www.cosme.net/reviews/514979858/photo-1/,https://cache-cdn.cosme.net/media/collection/1260/2062/11161438_l.jpg,https://www.cosme.net/reviews/514979858/photo-2/,https://cache-cdn.cosme.net/media/collection/1260/2062/11161439_l.jpg,,,現品,https://www.cosme.net/variations/1185729/,G02 ピンクムーンの雫,https://fitter.cosme.net/media/product/10260/skuimg_1001941.jpg,,,,,,,,,,,,,-,-,-,https://www.cosme.net/contact/report-review/review_id/514979858,4,,認証済,,,,,,,,,,,,,,,,,,,,,,,,,,,,,,,,
https://my.cosme.net/open_top/show/user_id/9432167,https://pc.assets-cosme.net/images/user/characters/no_image/noimage_xs.gif,https://my.cosme.net/open_top/show/user_id/9432167,Reoreo08,,38歳,普通肌,https://my.cosme.net/open_entry_reviewlist/list/user_id/9432167,クチコミ投稿9件,9,6購入品,,2025/3/18 18:49:23,"リップモンスターツヤバース【明後日の水たまり】

気になっていたツヤバースを購入。リップモンスターは唇が荒れるイメージあり中々手が出せなでいたけど今回のツヤバースは艶感があり好みの口紅だったので試して見たところ荒れなかったので購入！スっとのびて艶感がとても良い、色付きも綺麗で私にはとても合っていたので大事に使っていきたいな(*^^*)
詳細をみる",https://www.cosme.net/categories/effect/1018/,ツヤ,https://www.cosme.net/categories/effect/1018/,ツヤ,https://www.cosme.net/categories/effect/1018/,ツヤ,https://www.cosme.net/categories/item/913/,口紅,,,,,,,,,,,,,,,https://www.cosme.net/reviews/514935022/,https://www.cosme.net/reviews/514935022/photo-1/,https://cache-cdn.cosme.net/media/collection/2302/3175/11133238_l.jpg,https://www.cosme.net/reviews/514935022/photo-2/,https://cache-cdn.cosme.net/media/collection/2302/3175/11133239_l.jpg,,,現品,,,,,,,,,,,,,,,,-,-,-,https://www.cosme.net/contact/report-review/review_id/514935022,4,,,,,,,,,,,,,,,,,,,,,,,,,,,,,,,,,,
https://my.cosme.net/open_top/show/user_id/10299689,https://cache-cdn.cosme.net/media/collection/2514/2345/10575389_xs.jpeg,https://my.cosme.net/open_top/show/user_id/10299689,にゃー物語,,27歳,普通肌,https://my.cosme.net/open_entry_reviewlist/list/user_id/10299689,クチコミ投稿144件,144,4購入品,,2025/1/24 14:50:38,"ツヤ仕上がりなので透明感のある
ジューシーな発色で唇に合う質感！
しっとりしていて唇がパサつかないのがいいです＾＾
通常のリップモンスターも持っているんですが
こちらは保湿重視した感じで
発色と色持ちがあまり良くなかったです。
詳細をみる",https://www.cosme.net/categories/effect/1018/,ツヤ,,,,,,,,,,,,,,,,,,,,,https://www.cosme.net/reviews/514686978/,,,,,,,現品,,,,,,,,,,,,,,,,-,,,https://www.cosme.net/contact/report-review/review_id/514686978,4,,認証済,https://www.cosme.net/categories/pchannel/2/,https://www.cosme.net/categories/effect/1018/,https://www.cosme.net/categories/effect/1086/,,スーパー・ドラッグ,,ツヤ,,コストパフォーマンス,100人以上のメンバーにお気に入り登録されています,,,,,,,,,,,,,,,,,,,,,,
https://my.cosme.net/open_top/show/user_id/1348126,https://cache-cdn.cosme.net/images/user/characters/30/mychara28_xs.gif,https://my.cosme.net/open_top/show/user_id/1348126,しずく娘,,51歳,敏感肌,https://my.cosme.net/open_entry_reviewlist/list/user_id/1348126,クチコミ投稿680件,680,5購入品,,2025/1/20 20:55:03,"薬局に行ったらラスト1本。

人気があるのは知っていたので購入しました。
色はG01です。

潤い、ツヤがあり落ちにくいリップです。

ちょうど、マスクを付けて唇が乾燥していたので、購入して良かったです。

イエベ春、イエベ秋の私はこちらを付けると
顔が明るくなります。

唇が浮く感じではないです。(個人差あり)
1回ティシュオフして使用して保ちを良くしてます。

色的に、ティシュオフした方が、誰でも似合う色(レッドピンクになります。 個人差あり)

私はツヤよりも潤い重視だったので満足です。

軽食だと色落ちも酷くなく、綺麗に薄くなる感じです。

お直しも簡単。リップがスリムなのでリップ部分を唇の輪郭をなぞれば色がでます。

年齢的？顔的に？笑…落ち着いた色だと
老けてみえるのでG01がちょうど良かったです。

当分こちらを使います。

詳細をみる",https://www.cosme.net/categories/effect/1018/,ツヤ,https://www.cosme.net/categories/effect/1020/,落ちにくい,https://www.cosme.net/categories/effect/1018/,ツヤ,,,,,,,,,,,,,,,,,https://www.cosme.net/reviews/514670380/,https://www.cosme.net/reviews/514670380/photo-1/,https://cache-cdn.cosme.net/media/collection/329/542/10975539_l.jpg,https://www.cosme.net/reviews/514670380/photo-2/,https://cache-cdn.cosme.net/media/collection/329/542/10975540_l.jpg,,,現品,https://www.cosme.net/variations/1185728/,G01 明後日の水たまり,https://fitter.cosme.net/media/product/10260/skuimg_1001938.jpg,,,,,,,,,,,,,,,,https://www.cosme.net/contact/report-review/review_id/514670380,4,,認証済,https://www.cosme.net/categories/pchannel/2/,https://www.cosme.net/categories/effect/1002/,https://www.cosme.net/categories/effect/1030/,https://www.cosme.net/categories/effect/1064/,スーパー・ドラッグ,https://www.cosme.net/categories/effect/1020/,うるおい,https://www.cosme.net/categories/effect/1021/,肌の透明感・薄づき,100人以上のメンバーにお気に入り登録されています,https://www.cosme.net/tags/tag/5078/,立体感,https://www.cosme.net/tags/tag/5032/,持ちがよい・落ちにくい,https://www.cosme.net/tags/tag/89071/,発色がよい,,,,,,,,,,スリム,,保湿,,縦ジワカバー,,
https://my.cosme.net/open_top/show/user_id/10355127,https://cache-cdn.cosme.net/media/collection/2528/439/10625295_xs.jpeg,https://my.cosme.net/open_top/show/user_id/10355127,かんじゃんせう,,33歳,乾燥肌,https://my.cosme.net/open_entry_reviewlist/list/user_id/10355127,クチコミ投稿140件,140,3購入品,,2024/12/4 17:03:59,"潤いがすごいあってよかったですつやつやの仕上がりになるし細身のタイプのリップなのでとても塗りやすかったです◎
ペンシルタイプのような長さのあるタイプだから塗りやすくお気に入り！
詳細をみる",,,,,,,,,,,,,,,,,,,,,,,https://www.cosme.net/reviews/514417425/,,,,,,,現品,,,,,,,,,,,,,,,,-,-,,https://www.cosme.net/contact/report-review/review_id/514417425,4,,認証済,https://www.cosme.net/categories/pchannel/2/,,,,スーパー・ドラッグ,,,,,100人以上のメンバーにお気に入り登録されています,,,,,,,,,,,,,,,,,,,,,,
https://my.cosme.net/open_top/show/user_id/10144422,https://cache-cdn.cosme.net/media/collection/2476/2726/10456734_xs.jpeg,https://my.cosme.net/open_top/show/user_id/10144422,ばる☆たん,,32歳,乾燥肌,https://my.cosme.net/open_entry_reviewlist/list/user_id/10144422,クチコミ投稿141件,141,3購入品,,2024/10/25 15:06:42,"ノーマルの形よりもこっちの細めの長いリップのほうが塗りやすかったです。
発色もしっかりと出るから色味も可愛くてリピートしたいと一度目の使用で思いました^ ^
お値段も安いので絶対リピートする。
詳細をみる",,,,,,,,,,,,,,,,,,,,,,,https://www.cosme.net/reviews/514269042/,,,,,,,現品,,,,,,,,,,,,,,,,-,-,,https://www.cosme.net/contact/report-review/review_id/514269042,4,,認証済,https://www.cosme.net/categories/pchannel/2/,,,,スーパー・ドラッグ,,,,,100人以上のメンバーにお気に入り登録されています,,,,,,,,,,,,,,,,,,,,,,
https://my.cosme.net/open_top/show/user_id/1062896,https://cache-cdn.cosme.net/images/user/characters/30/mychara03_xs.gif,https://my.cosme.net/open_top/show/user_id/1062896,ちーはーるっ,,35歳,乾燥肌,https://my.cosme.net/open_entry_reviewlist/list/user_id/1062896,クチコミ投稿96件,96,5購入品,,2024/10/20 20:57:02,"ツヤツヤで好みでした！
01.02を購入！
01は予想通りの色味でした。ラスボスがツヤツヤになったような色味です
02は青みがなくコーラルに近くて思っていた色と違いました。もっと青みピンクだと良かったな?という感想です。
繰り出し式で出したら戻せない点は残念です。
少しずつ出して使ってます。

新色のピンクロビンの泉を購入しました。
思ったよりも少し青み強めなピンクで、少し暗めなカラーでした！
付け心地は気に入っており、01をリピしています！

艶感は好みなので、リピートは悩みます。
詳細をみる",https://www.cosme.net/categories/effect/1018/,ツヤ,https://www.cosme.net/categories/effect/1018/,ツヤ,https://www.cosme.net/categories/effect/1018/,ツヤ,https://www.cosme.net/categories/effect/1018/,ツヤ,,,,,,,,,,,,,,,https://www.cosme.net/reviews/514250896/,https://www.cosme.net/reviews/514250896/photo-1/,https://cache-cdn.cosme.net/media/collection/259/2032/10775274_l.jpg,,,,,現品,https://www.cosme.net/variations/1201786/,G05　ピンク ロビンの泉,https://fitter.cosme.net/media/product/10260/skuimg_1024222.jpg,https://www.cosme.net/variations/1185728/,G01 明後日の水たまり,https://fitter.cosme.net/media/product/10260/skuimg_1001938.jpg,https://www.cosme.net/variations/1185729/,G02 ピンクムーンの雫,https://fitter.cosme.net/media/product/10260/skuimg_1001941.jpg,,,,,,,-,-,,https://www.cosme.net/contact/report-review/review_id/514250896,4,,認証済,https://www.cosme.net/categories/pchannel/2/,,,,スーパー・ドラッグ,,,,,,,,,,,,,,,,,,,,,,,,,,,
https://my.cosme.net/open_top/show/user_id/2149133,https://cache-cdn.cosme.net/media/collection/524/2829/11390670_xs.jpeg,https://my.cosme.net/open_top/show/user_id/2149133,あゆゆ嬢,10人以上のメンバーにお気に入り登録されています,42歳,乾燥肌,https://my.cosme.net/open_entry_reviewlist/list/user_id/2149133,クチコミ投稿112件,112,4購入品,,2024/10/18 18:28:12,"リップモンスターが大好きで
ツヤバースの発売を楽しみにしていました。

発色はしっかり目です。

リップモンスターより柔らかく滑らかな塗り心地です。
悪くないのですが、艶がある分
塗った後のベタつきが気になるのと
色持ちについても落ちやすいかなという印象です。

悪くはないですが既存のリップモンスターの方が好きです。
詳細をみる",https://www.cosme.net/categories/effect/1018/,ツヤ,,,,,,,,,,,,,,,,,,,,,https://www.cosme.net/reviews/514243282/,,,,,,,現品,,,,,,,,,,,,,,,,-,,,https://www.cosme.net/contact/report-review/review_id/514243282,4,,認証済,https://www.cosme.net/categories/pchannel/2/,https://www.cosme.net/categories/effect/1002/,https://www.cosme.net/categories/effect/1018/,https://www.cosme.net/categories/effect/1021/,スーパー・ドラッグ,,うるおい,,ツヤ,,,発色がよい,,,,,,,,,,,,,,,,,,,,
https://my.cosme.net/open_top/show/user_id/10358150,https://cache-cdn.cosme.net/media/collection/2528/3462/10628046_xs.jpeg,https://my.cosme.net/open_top/show/user_id/10358150,人任せティーン,,25歳,脂性肌,https://my.cosme.net/open_entry_reviewlist/list/user_id/10358150,クチコミ投稿150件,150,3購入品,,2024/9/14 19:06:06,"スティックタイプのリップだから塗りやすいし滑らかな仕上がりがお気に入りです。程よい艶感と発色の良いがメイクや肌馴染みが良くお気に入りです。カラバリも豊富なので気分や季節によって変えられるのがお気に入りです。
詳細をみる",,,,,,,,,,,,,,,,,,,,,,,https://www.cosme.net/reviews/514103632/,,,,,,,現品,,,,,,,,,,,,,,,,-,-,,https://www.cosme.net/contact/report-review/review_id/514103632,4,,認証済,https://www.cosme.net/categories/pchannel/3/,,,,バラエティショップ,,,,,100人以上のメンバーにお気に入り登録されています,,,,,,,,,,,,,,,,,,,,,,
https://my.cosme.net/open_top/show/user_id/11693827,https://cache-cdn.cosme.net/media/collection/2854/3843/11776906_xs.jpeg,https://my.cosme.net/open_top/show/user_id/11693827,マリーアントアネット1209,,26歳,乾燥肌,https://my.cosme.net/open_entry_reviewlist/list/user_id/11693827,クチコミ投稿69件,69,4購入品,,2026/2/5 21:21:29,"画像の通り艶々！シアーな発色でもしっかり色がのる◎
唇に乗せた途端にとろけてすっと馴染む。
落ちは早いかも！乾燥も気にならないし、
小ぶりなので持ち運びに便利！
一個難点なのが、繰り出し式で一回出すと戻せないので出し過ぎ注意！
詳細をみる",,,,,,,,,,,,,,,,,,,,,,,https://www.cosme.net/reviews/516441526/,https://www.cosme.net/reviews/516441526/photo-1/,https://cache-cdn.cosme.net/media/collection/2854/3843/11878159_l.jpg,,,,,現品,https://www.cosme.net/variations/1185730/,G03 99.9℃,https://fitter.cosme.net/media/product/10260/skuimg_1001944.jpg,,,,,,,,,,,,,-,-,,https://www.cosme.net/contact/report-review/review_id/516441526,3,,認証済,https://www.cosme.net/categories/pchannel/2/,,,,スーパー・ドラッグ,,,,,,,,,,,,,,,,,,50人以上のメンバーにお気に入り登録されています,,,,,,,,,
https://my.cosme.net/open_top/show/user_id/4579469,https://cache-cdn.cosme.net/media/collection/1118/141/7966117_xs.jpeg,https://my.cosme.net/open_top/show/user_id/4579469,＊ARISA＊,,36歳,乾燥肌,https://my.cosme.net/open_entry_reviewlist/list/user_id/4579469,クチコミ投稿2654件,2654,6購入品,,2025/12/17 14:19:38,"＼ひとぬりでとろけて、ツヤがあふれ出す！／

【 KATE 】

リップモンスター ツヤバース
G03 99.9℃
G04 スパイダーリリー調香師

---------------

リップモンスターならではの長時間の色持ちの良さにツヤ感を加えたツヤバース。

細身のスティックタイプとなっているため、ポーチに入れて持ち運びもしやすく、やわらかなとろっとしたテクスチャーでなめらかに唇に広がり、縦ジワのカバーも担います！

さらには保湿成分、ヒアルロン酸も含まれているため、落ちにくさだけでなくうるっとしたツヤツヤがたまらない！

私のお気に入りはG03 99.9℃、G04 スパイダーリリー調香師。

高発色・とろけるツヤ・落ちにくい・うるおい続くと良いところだらけでした。

---------------
詳細をみる",https://www.cosme.net/categories/effect/1018/,ツヤ,https://www.cosme.net/categories/effect/1018/,ツヤ,https://www.cosme.net/categories/effect/1018/,ツヤ,https://www.cosme.net/categories/effect/1018/,ツヤ,https://www.cosme.net/categories/ingredient/1002/,ヒアルロン酸,https://www.cosme.net/categories/effect/1018/,ツヤ,https://www.cosme.net/categories/effect/1018/,ツヤ,https://www.cosme.net/categories/effect/1018/,ツヤ,https://www.cosme.net/categories/effect/1020/,落ちにくい,https://www.cosme.net/categories/effect/1002/,うるおい,,,https://www.cosme.net/reviews/516188231/,https://www.cosme.net/reviews/516188231/photo-1/,https://cache-cdn.cosme.net/media/collection/1118/141/11781484_l.jpg,https://www.cosme.net/reviews/516188231/photo-2/,https://cache-cdn.cosme.net/media/collection/1118/141/11781485_l.jpg,https://www.cosme.net/reviews/516188231/photo-3/,https://cache-cdn.cosme.net/media/collection/1118/141/11781486_l.jpg,現品,https://www.cosme.net/variations/1201785/,G04　スパイダー リリー調香師,https://fitter.cosme.net/media/product/10260/skuimg_1024220.jpg,https://www.cosme.net/variations/1185730/,G03 99.9℃,https://fitter.cosme.net/media/product/10260/skuimg_1001944.jpg,,,,,,,,,,-,-,-,https://www.cosme.net/contact/report-review/review_id/516188231,3,,,,,,,,,,,,100人以上のメンバーにお気に入り登録されています,,,,,,,,,,,,,,,,,,,,,,
https://my.cosme.net/open_top/show/user_id/407049,https://cache-cdn.cosme.net/images/user/characters/30/mychara01_xs.gif,https://my.cosme.net/open_top/show/user_id/407049,☆isis,,51歳,混合肌,https://my.cosme.net/open_entry_reviewlist/list/user_id/407049,クチコミ投稿224件,224,7購入品,,,"EX-02悪魔の快楽を購入。テスターが出ていないので一か八かで購入したら大当たり！
なぜ限定色なんだろう？本当に残念です。
ブランド問わないから似た色ないかカネボウグループのブランドで探し中です。
何故か良い色、売れ線商品ほど限定なのがカネボウさんの不思議なところ・・・
詳細をみる",,,,,,,,,,,,,,,,,,,,,,,https://www.cosme.net/reviews/516111738/,,,,,,,現品,https://www.cosme.net/variations/1218654/,EX-2 悪魔の快楽,https://fitter.cosme.net/media/product/10260/skuimg_1056321.jpg,,,,,,,,,,,,,,,,https://www.cosme.net/contact/report-review/review_id/516111738,3,,認証済,https://www.cosme.net/categories/pchannel/2/,https://www.cosme.net/categories/effect/1002/,https://www.cosme.net/categories/effect/1018/,https://www.cosme.net/categories/effect/1030/,スーパー・ドラッグ,https://www.cosme.net/categories/effect/1021/,うるおい,https://www.cosme.net/categories/effect/1086/,ツヤ,,https://www.cosme.net/tags/tag/619229/,肌の透明感・薄づき,https://www.cosme.net/tags/tag/5032/,発色がよい,https://www.cosme.net/tags/tag/648969/,コストパフォーマンス,,,,,,2025/12/5 20:10:51,,https://www.cosme.net/tags/tag/648970/,https://www.cosme.net/tags/tag/648971/,ツヤバース,,保湿,,限定色で残念,新色として再販希望,5人以上のメンバーにお気に入り登録されています
https://my.cosme.net/open_top/show/user_id/11569259,https://cache-cdn.cosme.net/media/collection/2824/2155/11689494_xs.jpeg,https://my.cosme.net/open_top/show/user_id/11569259,ディズニーパトロール隊,,33歳,乾燥肌,https://my.cosme.net/open_entry_reviewlist/list/user_id/11569259,クチコミ投稿58件,58,4購入品,,2025/11/3 22:53:37,"リップモンスターが人気でこちらも購入してみたけどムラになりやすい気がしてあまり使用感が好みじゃなかったですし、減りが少し早いような気もします。
でも色味が可愛くて乾燥を感じず使用できました。
詳細をみる",,,,,,,,,,,,,,,,,,,,,,,https://www.cosme.net/reviews/515972626/,,,,,,,現品,,,,,,,,,,,,,,,,-,-,,https://www.cosme.net/contact/report-review/review_id/515972626,3,,認証済,https://www.cosme.net/categories/pchannel/3/,,,,バラエティショップ,,,,,,,,,,,,,,,,25人以上のメンバーにお気に入り登録されています,,,,,,,,,,,
https://my.cosme.net/open_top/show/user_id/3515786,https://cache-cdn.cosme.net/media/collection/858/1418/9795973_xs.jpeg,https://my.cosme.net/open_top/show/user_id/3515786,サウナチャンス,,35歳,混合肌,https://my.cosme.net/open_entry_reviewlist/list/user_id/3515786,クチコミ投稿76件,76,6購入品,,2025/9/22 15:07:10,"EX-1購入。イエベ秋、明るい色よりも暗くて濃い色が好きで顔にも似合います。
既存色で買うなら99.9かな？と思っていましたが、この限定色が出るのを知って、発売まで待っていました。
通常のリップモンスターは3-4色買いましたが、唇に合わず色持ちどころか唇が荒れてダメでした。
一本で保湿もできるくらいのリップが好きなのですが、リップモンスターはきちんとリップクリームなどで下準備しないとダメで(しかも荒れる)、なんでこんなに流行ってる？と疑問に思っていました。。
そしたら、リップモンスターはダメだけどツヤバースはめちゃくちゃ良かった！というレビューを目にして、行けるかも！と思い今回買いました。
結果、サイコー！ツヤは飲食で落ちる、でも色はかなり残っている。なんならメイク落とししてもうっすら残ってる。試しにリップクリームなどベースを塗らずに塗ってみたけれど、荒れずに1日過ごせました。
サイコーすぎる。他の色も買います。
詳細をみる",https://www.cosme.net/categories/item/1031/,リップクリーム,https://www.cosme.net/categories/effect/1018/,ツヤ,https://www.cosme.net/categories/effect/1018/,ツヤ,https://www.cosme.net/categories/item/1031/,リップクリーム,,,,,,,,,,,,,,,https://www.cosme.net/reviews/515792532/,,,,,,,現品,https://www.cosme.net/variations/1218653/,EX-1 哀愁の亡霊,https://fitter.cosme.net/media/product/10260/skuimg_1056320.jpg,,,,,,,,,,,,,-,-,,https://www.cosme.net/contact/report-review/review_id/515792532,3,,,https://www.cosme.net/categories/effect/1018/,https://www.cosme.net/categories/effect/1020/,,,ツヤ,,持ちがよい・落ちにくい,,,,,,,,,,,,,,,,,,,,,,,,,
https://my.cosme.net/open_top/show/user_id/6656475,https://cache-cdn.cosme.net/media/collection/1625/475/7926251_xs.jpeg,https://my.cosme.net/open_top/show/user_id/6656475,**MIUMIU**,10人以上のメンバーにお気に入り登録されています,30歳,混合肌,https://my.cosme.net/open_entry_reviewlist/list/user_id/6656475,クチコミ投稿202件,202,7購入品,,2025/9/3 15:00:11,"ブルベ夏
久々に新しいリップが欲しくてこちらを購入しました

とても柔らかいので本当にソフトタッチで塗るのがいいと思います!!グロスは苦手なのですがこちらのツヤバースはべたつかずにプルプルで艶のある唇にしてくれます(*^^)
他のカラーも集めたいと思いました!
詳細をみる",https://www.cosme.net/categories/item/1123/,ソフト,https://www.cosme.net/categories/item/913/,グロス,https://www.cosme.net/categories/effect/1018/,ツヤ,,,,,,,,,,,,,,,,,https://www.cosme.net/reviews/515694199/,https://www.cosme.net/reviews/515694199/photo-1/,https://cache-cdn.cosme.net/media/collection/1625/475/11534277_l.jpg,https://www.cosme.net/reviews/515694199/photo-2/,https://cache-cdn.cosme.net/media/collection/1625/475/11534278_l.jpg,https://www.cosme.net/reviews/515694199/photo-3/,https://cache-cdn.cosme.net/media/collection/1625/475/11534279_l.jpg,現品,https://www.cosme.net/variations/1201785/,G04　スパイダー リリー調香師,https://fitter.cosme.net/media/product/10260/skuimg_1024220.jpg,,,,,,,,,,,,,-,-,,https://www.cosme.net/contact/report-review/review_id/515694199,3,,,https://www.cosme.net/categories/effect/1002/,https://www.cosme.net/categories/effect/1013/,https://www.cosme.net/categories/effect/1020/,https://www.cosme.net/categories/effect/1021/,うるおい,https://www.cosme.net/categories/effect/1086/,ナチュラルメイク,,持ちがよい・落ちにくい,,,発色がよい,,コストパフォーマンス,,,,,,,,,,,,,,,,,,
https://my.cosme.net/open_top/show/user_id/6151451,https://pc.assets-cosme.net/images/user/characters/no_image/noimage_xs.gif,https://my.cosme.net/open_top/show/user_id/6151451,ミコト2323,,30歳,脂性肌,https://my.cosme.net/open_entry_reviewlist/list/user_id/6151451,クチコミ投稿49件,49,4購入品,,2025/8/23 19:35:16,"リップモンスターはいろいろ使ってきましたが、初めてツヤバースを購入しました。
かなり深めの色で、これからの秋冬で大活躍しそうです。
しっかり塗るとちょっと暗すぎてデイリー使いには難しそうなので、ぽんぽん塗りで普段用、ハロウィン等イベントやドレスアップした際は普通に塗って使おうと思います。
詳細をみる",https://www.cosme.net/categories/effect/1018/,ツヤ,,,,,,,,,,,,,,,,,,,,,https://www.cosme.net/reviews/515643134/,,,,,,,現品,https://www.cosme.net/variations/1218653/,EX-1 哀愁の亡霊,https://fitter.cosme.net/media/product/10260/skuimg_1056320.jpg,,,,,,,,,,,,,-,-,-,https://www.cosme.net/contact/report-review/review_id/515643134,3,,,,,,,,,,,,,,,,,,,,,,,,,,,,,,,,,,
https://my.cosme.net/open_top/show/user_id/4031772,https://cache-cdn.cosme.net/images/user/characters/30/mychara14_xs.gif,https://my.cosme.net/open_top/show/user_id/4031772,豆柴ちび子,,32歳,普通肌,https://my.cosme.net/open_entry_reviewlist/list/user_id/4031772,クチコミ投稿216件,216,4購入品リピート,リピート,2025/8/22 16:47:13,"新色2色購入しました。
私の肌色→イエベ秋とブルベ冬の中間くらい、ファンデの色は標準色よりひとつ明るい色です。

新色2色ともドイエベの方には似合わないかも！
どちらもブルベ寄りの色で、私でも微妙に似合わなかったです。重ね塗り用として使います。
詳細をみる",,,,,,,,,,,,,,,,,,,,,,,https://www.cosme.net/reviews/515638249/,,,,,,,現品,https://www.cosme.net/variations/1218653/,EX-1 哀愁の亡霊,https://fitter.cosme.net/media/product/10260/skuimg_1056320.jpg,https://www.cosme.net/variations/1218654/,EX-2 悪魔の快楽,https://fitter.cosme.net/media/product/10260/skuimg_1056321.jpg,,,,,,,,,,-,-,-,https://www.cosme.net/contact/report-review/review_id/515638249,3,,,,,,,,,,,,,,,,,,,,,,,,,,,,,,,,,,5人以上のメンバーにお気に入り登録されています
https://my.cosme.net/open_top/show/user_id/10530725,https://pc.assets-cosme.net/images/user/characters/no_image/noimage_xs.gif,https://my.cosme.net/open_top/show/user_id/10530725,Rmin,,31歳,脂性肌,https://my.cosme.net/open_entry_reviewlist/list/user_id/10530725,クチコミ投稿71件,71,7購入品,,2025/4/25 21:48:50,"従来のリップモンスターよりも乾燥しにくいです！
色持ちも不思議とあります。
塗り直しに使っています。
うるうるなので塗り直しがしやすいです。
新色04は塗りすぎると青み系になってしまって苦手でしたが、うっすら塗る程度だとイエベの私にドンピシャの色だったので、イエベブルベあまり関係なく使えるカラーだなと思いましたー！！
詳細をみる",,,,,,,,,,,,,,,,,,,,,,,https://www.cosme.net/reviews/515103973/,,,,,,,現品,https://www.cosme.net/variations/1201785/,G04　スパイダー リリー調香師,https://fitter.cosme.net/media/product/10260/skuimg_1024220.jpg,https://www.cosme.net/variations/1185729/,G02 ピンクムーンの雫,https://fitter.cosme.net/media/product/10260/skuimg_1001941.jpg,https://www.cosme.net/variations/1185730/,G03 99.9℃,https://fitter.cosme.net/media/product/10260/skuimg_1001944.jpg,,,,,,,-,-,,https://www.cosme.net/contact/report-review/review_id/515103973,3,,,https://www.cosme.net/categories/effect/1002/,https://www.cosme.net/categories/effect/1018/,https://www.cosme.net/categories/effect/1020/,https://www.cosme.net/categories/effect/1021/,うるおい,https://www.cosme.net/categories/effect/1086/,ツヤ,,持ちがよい・落ちにくい,,,発色がよい,,コストパフォーマンス,,,,,,,,,,,,,,,,,,
https://my.cosme.net/open_top/show/user_id/10837698,https://cache-cdn.cosme.net/media/collection/2645/3778/11055801_xs.jpeg,https://my.cosme.net/open_top/show/user_id/10837698,ひなたのたまご,,32歳,乾燥肌,https://my.cosme.net/open_entry_reviewlist/list/user_id/10837698,クチコミ投稿143件,143,4購入品,,2025/4/25 14:57:00,"普通のリップモンスターを使用して良かったのでツヤバースも使用してみたんですがナチュラルな発色だったのでオフィスにも使いやすい印象です。
当たり前かもしれないですがティッシュオフすれば色持ちも良くなり今後も普段使いしたいと思います！
詳細をみる",https://www.cosme.net/categories/effect/1018/,ツヤ,https://www.cosme.net/categories/item/1154/,ティッシュ,,,,,,,,,,,,,,,,,,,https://www.cosme.net/reviews/515102688/,,,,,,,現品,,,,,,,,,,,,,,,,-,-,-,https://www.cosme.net/contact/report-review/review_id/515102688,3,,認証済,,,,,,,,,,100人以上のメンバーにお気に入り登録されています,,,,,,,,,,,,,,,,,,,,,,
https://my.cosme.net/open_top/show/user_id/3518010,https://pc.assets-cosme.net/images/user/characters/no_image/noimage_xs.gif,https://my.cosme.net/open_top/show/user_id/3518010,まつこちゃん！,,58歳,敏感肌,https://my.cosme.net/open_entry_reviewlist/list/user_id/3518010,クチコミ投稿35件,35,7購入品,,2025/4/20 12:43:51,"肌がキレイに見える色味です。美白した？と聞かれましたが、リップをこちらに変えただけだったので、とても嬉しくなり使いまくっています。
詳細をみる",https://www.cosme.net/categories/effect/1005/,美白,,,,,,,,,,,,,,,,,,,,,https://www.cosme.net/reviews/515082471/,,,,,,,現品,https://www.cosme.net/variations/1201786/,G05　ピンク ロビンの泉,https://fitter.cosme.net/media/product/10260/skuimg_1024222.jpg,,,,,,,,,,,,,-,-,,https://www.cosme.net/contact/report-review/review_id/515082471,3,,,https://www.cosme.net/categories/pchannel/6/,,,,通販化粧品・コスメ,,,,,,,,,,,,,,,,,,,,,,,,,,,
https://my.cosme.net/open_top/show/user_id/9315144,https://cache-cdn.cosme.net/media/collection/2274/840/10181545_xs.jpeg,https://my.cosme.net/open_top/show/user_id/9315144,ichitake,,54歳,混合肌,https://my.cosme.net/open_entry_reviewlist/list/user_id/9315144,クチコミ投稿6件,6,6購入品,,2025/4/20 8:58:19,"落ち着いた色なので、仕事でも普段使いでも使えそう。
50代の私にも無難な色です。強いて言うなら、これからの季節に使うなら、もう少し明るいイメージに仕上がって欲しかった…。細いので、リップブラシ無しで使いやすい。
詳細をみる",https://www.cosme.net/tags/tag/7500/,リップブラシ,,,,,,,,,,,,,,,,,,,,,https://www.cosme.net/reviews/515081585/,https://www.cosme.net/reviews/515081585/photo-1/,https://cache-cdn.cosme.net/media/collection/2274/840/11216221_l.jpg,,,,,現品,https://www.cosme.net/variations/1201785/,G04　スパイダー リリー調香師,https://fitter.cosme.net/media/product/10260/skuimg_1024220.jpg,,,,,,,,,,,,,,,,https://www.cosme.net/contact/report-review/review_id/515081585,3,,認証済,https://www.cosme.net/categories/pchannel/2/,https://www.cosme.net/categories/effect/1013/,https://www.cosme.net/tags/tag/632524/,,スーパー・ドラッグ,,ナチュラルメイク,,リップモンスターツヤバースG04,,,,,,,,,,,,,,,,,,,,,,,
https://my.cosme.net/open_top/show/user_id/10355128,https://cache-cdn.cosme.net/media/collection/2528/440/10625293_xs.jpeg,https://my.cosme.net/open_top/show/user_id/10355128,チュくみ,,32歳,混合肌,https://my.cosme.net/open_entry_reviewlist/list/user_id/10355128,クチコミ投稿142件,142,3購入品,,2024/11/29 10:44:58,"発色がめちゃくちゃ濃くてツヤがすごい。
リップモンスターってだけで
間違いない！って思ってしまうほど安心感はあるしおすすめです。
保湿力もあって色も可愛いからお気に入りのリップ！
詳細をみる",https://www.cosme.net/categories/effect/1018/,ツヤ,,,,,,,,,,,,,,,,,,,,,https://www.cosme.net/reviews/514401553/,,,,,,,現品,,,,,,,,,,,,,,,,-,-,,https://www.cosme.net/contact/report-review/review_id/514401553,3,,認証済,https://www.cosme.net/categories/pchannel/2/,,,,スーパー・ドラッグ,,,,,100人以上のメンバーにお気に入り登録されています,,,,,,,,,,,,,,,,,,,,,,
https://my.cosme.net/open_top/show/user_id/10360417,https://cache-cdn.cosme.net/media/collection/2529/1633/10630157_xs.jpeg,https://my.cosme.net/open_top/show/user_id/10360417,胃もたれ油マン,,30歳,脂性肌,https://my.cosme.net/open_entry_reviewlist/list/user_id/10360417,クチコミ投稿147件,147,4購入品,,2024/11/19 14:11:28,"ツヤがすごいあってよかった！
潤いがあるからテカプルになるし色持ちもよくてお気に入りです。
細めの長いスティックタイプだから塗りやすいのでおすすめ！さすがリプモンシリーズです！
詳細をみる",https://www.cosme.net/categories/effect/1018/,ツヤ,,,,,,,,,,,,,,,,,,,,,https://www.cosme.net/reviews/514365098/,,,,,,,現品,,,,,,,,,,,,,,,,-,-,,https://www.cosme.net/contact/report-review/review_id/514365098,3,,認証済,https://www.cosme.net/categories/pchannel/2/,,,,スーパー・ドラッグ,,,,,100人以上のメンバーにお気に入り登録されています,,,,,,,,,,,,,,,,,,,,,,
https://my.cosme.net/open_top/show/user_id/7130524,https://cache-cdn.cosme.net/media/collection/1740/3484/7728472_xs.jpg,https://my.cosme.net/open_top/show/user_id/7130524,ころころぷりん,,36歳,混合肌,https://my.cosme.net/open_entry_reviewlist/list/user_id/7130524,クチコミ投稿251件,251,6購入品,,2024/11/3 20:50:11,"イエベ秋です。
リプモンにはこれまでになかったツヤツヤとろとろのリップで新感覚です。
色持ちはそこそこですが、崩れ方がきれいなのはさすがリプモンです。
G03の色味は5:00AMに近く、イエベ秋にぴったりなブラウンカラーでとてもかわいいです。
細くて一度出すと戻らないタイプなのでどのくらい持つのかがきになるところです。
詳細をみる",https://www.cosme.net/categories/effect/1018/,ツヤ,https://www.cosme.net/categories/effect/1018/,ツヤ,,,,,,,,,,,,,,,,,,,https://www.cosme.net/reviews/514304476/,,,,,,,現品,https://www.cosme.net/variations/1185730/,G03 99.9℃,https://fitter.cosme.net/media/product/10260/skuimg_1001944.jpg,,,,,,,,,,,,,-,,,https://www.cosme.net/contact/report-review/review_id/514304476,3,,認証済,https://www.cosme.net/categories/pchannel/6/,https://www.cosme.net/categories/effect/1002/,https://www.cosme.net/categories/effect/1018/,https://www.cosme.net/categories/effect/1028/,通販化粧品・コスメ,https://www.cosme.net/categories/effect/1020/,うるおい,https://www.cosme.net/categories/effect/1021/,ツヤ,,,フィット感,,持ちがよい・落ちにくい,,発色がよい,,,,,,,50人以上のメンバーにお気に入り登録されています,,,,,,,,,
https://my.cosme.net/open_top/show/user_id/1332191,https://pc.assets-cosme.net/images/user/characters/no_image/noimage_xs.gif,https://my.cosme.net/open_top/show/user_id/1332191,ぷりんせすまりまる,,57歳,乾燥肌,https://my.cosme.net/open_entry_reviewlist/list/user_id/1332191,クチコミ投稿40件,40,5購入品,,2024/10/28 12:32:27,"予約で購入しました
もともとリップモンスターは好きで5本ぐらいはリピしてます
購入した商品はG01です
イエベでくすみがちな年齢ですが
華やかさがありつつシアーな感じなので
塗りすぎても派手にならなくて良いです
日中、結構お水飲んだりしますが
ガッツリ色がきえなくて、まあまあ残ってます
このツヤでリップモンスターのいいとこ取りですね
細身なリップなのでコスパはわかりませんが
また今度は違う色を試してみたいです
詳細をみる",https://www.cosme.net/tags/tag/5351/,くすみ,https://www.cosme.net/categories/effect/1018/,ツヤ,,,,,,,,,,,,,,,,,,,https://www.cosme.net/reviews/514278919/,,,,,,,現品,https://www.cosme.net/variations/1185728/,G01 明後日の水たまり,https://fitter.cosme.net/media/product/10260/skuimg_1001938.jpg,,,,,,,,,,,,,,,,https://www.cosme.net/contact/report-review/review_id/514278919,3,,認証済,https://www.cosme.net/categories/pchannel/6/,https://www.cosme.net/categories/effect/1002/,https://www.cosme.net/categories/effect/1018/,https://www.cosme.net/categories/effect/1030/,通販化粧品・コスメ,https://www.cosme.net/categories/effect/1020/,うるおい,https://www.cosme.net/tags/tag/6285/,ツヤ,,https://www.cosme.net/tags/tag/619229/,肌の透明感・薄づき,,持ちがよい・落ちにくい,,シアー,,,,,25人以上のメンバーにお気に入り登録されています,,,,,ツヤバース,,,,,,
https://my.cosme.net/open_top/show/user_id/2395864,https://cache-cdn.cosme.net/media/collection/584/3800/11815026_xs.jpeg,https://my.cosme.net/open_top/show/user_id/2395864,ありゆか,,33歳,乾燥肌,https://my.cosme.net/open_entry_reviewlist/list/user_id/2395864,クチコミ投稿109件,109,5購入品,,2024/10/22 14:29:13,"まさにツヤバース！期待以上のツヤ感でした！
G02を使用しましたが、サーモンピンクのカラーで優しくピュアな印象。
リップモンスターには珍しい、可愛い！という感じです。
テクスチャーはみずみずしく、ジェルのようなバームのようなリップです。
ちゅるん系が好きな方にはたまらないと思います。
ただ食事や飲むと取れてしまいやすいので、しっかり塗りたい人は本家リプモンの方が良いかも。
ツヤ感と保湿感があるので、乾燥はしにくいです。
リプモンには新しい、繰り出すタイプのリップなので最初使う時は慎重に。

詳細をみる",https://www.cosme.net/categories/effect/1018/,ツヤ,https://www.cosme.net/categories/effect/1018/,ツヤ,https://www.cosme.net/categories/item/1067/,バーム,https://www.cosme.net/categories/effect/1018/,ツヤ,,,,,,,,,,,,,,,https://www.cosme.net/reviews/514256792/,https://www.cosme.net/reviews/514256792/photo-1/,https://cache-cdn.cosme.net/media/collection/584/3800/10779163_l.jpg,https://www.cosme.net/reviews/514256792/photo-2/,https://cache-cdn.cosme.net/media/collection/584/3800/10779164_l.jpg,https://www.cosme.net/reviews/514256792/photo-3/,https://cache-cdn.cosme.net/media/collection/584/3800/10779165_l.jpg,現品,,,,,,,,,,,,,,,,-,-,-,https://www.cosme.net/contact/report-review/review_id/514256792,3,,認証済,,,,,,,,,,,,,,,,,,,,,,,,,,,,,,,,5人以上のメンバーにお気に入り登録されています
https://my.cosme.net/open_top/show/user_id/4192459,https://pc.assets-cosme.net/images/user/characters/no_image/noimage_xs.gif,https://my.cosme.net/open_top/show/user_id/4192459,●パリス●,,63歳,混合肌,https://my.cosme.net/open_entry_reviewlist/list/user_id/4192459,クチコミ投稿68件,68,4購入品,,2024/10/21 10:17:18,"商品名どおりのツヤツヤリップ。特に　なめらかで塗りやしい反面、くり出し式なので戻す事が出来ないので　要注意です。
少しずつだして塗って行くことがポイントです。
食後は、艶は無くなってしまいましたが　色は　ほんの少しのこっていました。
コスパ的にも、問題無しです。
詳細をみる",https://www.cosme.net/categories/effect/1018/,ツヤ,https://www.cosme.net/categories/effect/1018/,ツヤ,,,,,,,,,,,,,,,,,,,https://www.cosme.net/reviews/514252414/,https://www.cosme.net/reviews/514252414/photo-1/,https://cache-cdn.cosme.net/media/collection/1023/2251/10776300_l.jpg,https://www.cosme.net/reviews/514252414/photo-2/,https://cache-cdn.cosme.net/media/collection/1023/2251/10776301_l.jpg,,,現品,https://www.cosme.net/variations/1185728/,G01 明後日の水たまり,https://fitter.cosme.net/media/product/10260/skuimg_1001938.jpg,,,,,,,,,,,,,-,-,-,https://www.cosme.net/contact/report-review/review_id/514252414,3,,認証済,,,,,,,,,,,,,,,,,,,,,,,,,,,,,,,,5人以上のメンバーにお気に入り登録されています
https://my.cosme.net/open_top/show/user_id/6845067,https://cache-cdn.cosme.net/images/user/characters/30/mychara09_xs.gif,https://my.cosme.net/open_top/show/user_id/6845067,☆:::☆Precious☆:::☆,10人以上のメンバーにお気に入り登録されています,45歳,普通肌,https://my.cosme.net/open_entry_reviewlist/list/user_id/6845067,クチコミ投稿533件,533,6購入品,,2024/10/21 9:48:33,"近くのドラッグストアでゲットできました。
イエベ春なので、G02ピンクムーンの雫にしました。ナチュラルピンクで顔がパッと華やかになります。ツヤが出るので、グロスを重ね塗りしなくていいので持ち物も減るし、細長サイズなので小さいポーチに立てて入れれて最高。いつもリップがカバンの中で迷子になるのでこれは良いです！
こんなに良いなら3も購入したらよかったー
詳細をみる",https://www.cosme.net/categories/pchannel/2/,ドラッグストア,https://www.cosme.net/categories/effect/1018/,ツヤ,https://www.cosme.net/categories/item/913/,グロス,,,,,,,,,,,,,,,,,https://www.cosme.net/reviews/514252338/,https://www.cosme.net/reviews/514252338/photo-1/,https://cache-cdn.cosme.net/media/collection/1671/651/10776254_l.jpg,,,,,現品,https://www.cosme.net/variations/1185729/,G02 ピンクムーンの雫,https://fitter.cosme.net/media/product/10260/skuimg_1001941.jpg,,,,,,,,,,,,,-,,,https://www.cosme.net/contact/report-review/review_id/514252338,3,,認証済,https://www.cosme.net/categories/pchannel/2/,https://www.cosme.net/categories/effect/1002/,https://www.cosme.net/categories/effect/1013/,https://www.cosme.net/categories/effect/1018/,スーパー・ドラッグ,https://www.cosme.net/categories/effect/1020/,うるおい,,ナチュラルメイク,,,ツヤ,,持ちがよい・落ちにくい,,,,,,,,,,,,,,,,,,
https://my.cosme.net/open_top/show/user_id/9199083,https://pc.assets-cosme.net/images/user/characters/no_image/noimage_xs.gif,https://my.cosme.net/open_top/show/user_id/9199083,1215まあさん,,50歳,乾燥肌,https://my.cosme.net/open_entry_reviewlist/list/user_id/9199083,クチコミ投稿30件,30,5購入品,,2024/10/20 15:38:31,"リップモンスターにツヤバースが出ると前から楽しみにしていました。1番は顔色を明るくするピンク寄りの赤という感じてす。期待通りです。2番はイエローベース向けのコーラルピンクです。ツヤが出ますが唇にとって良いのか?と考えるとちょっとですが落ちにくいのでカップに着くのがイヤだったらこれは買いです!暫く日常使いしてみようと思います。
詳細をみる",https://www.cosme.net/categories/effect/1018/,ツヤ,https://www.cosme.net/categories/effect/1018/,ツヤ,https://www.cosme.net/categories/effect/1020/,落ちにくい,,,,,,,,,,,,,,,,,https://www.cosme.net/reviews/514249881/,,,,,,,現品,https://www.cosme.net/variations/1185728/,G01 明後日の水たまり,https://fitter.cosme.net/media/product/10260/skuimg_1001938.jpg,https://www.cosme.net/variations/1185729/,G02 ピンクムーンの雫,https://fitter.cosme.net/media/product/10260/skuimg_1001941.jpg,,,,,,,,,,-,,,https://www.cosme.net/contact/report-review/review_id/514249881,3,,認証済,https://www.cosme.net/categories/pchannel/6/,https://www.cosme.net/categories/effect/1002/,https://www.cosme.net/categories/effect/1018/,https://www.cosme.net/categories/effect/1020/,通販化粧品・コスメ,,うるおい,,ツヤ,,,持ちがよい・落ちにくい,,,,,,,,,,,,,,,,,,,,
https://my.cosme.net/open_top/show/user_id/6842522,https://cache-cdn.cosme.net/images/user/characters/30/mychara29_xs.gif,https://my.cosme.net/open_top/show/user_id/6842522,MARO★**,,50歳,脂性肌,https://my.cosme.net/open_entry_reviewlist/list/user_id/6842522,クチコミ投稿665件,665,2購入品,,2024/10/19 14:42:51,"３色とも予約してあったのが届きました。
色味はどれも凄く可愛いです。
トロトロとした塗り心地ですが、ベッタリ感がかなりあって質感が好きではありませんでした。
とても柔らかいので扱いも注意が必要。
キャップに戻す前にティッシュで拭いたら、全部持っていかれる感じ。


詳細をみる",https://www.cosme.net/categories/item/1154/,ティッシュ,,,,,,,,,,,,,,,,,,,,,https://www.cosme.net/reviews/514245996/,,,,,,,現品,https://www.cosme.net/variations/1185728/,G01 明後日の水たまり,https://fitter.cosme.net/media/product/10260/skuimg_1001938.jpg,https://www.cosme.net/variations/1185729/,G02 ピンクムーンの雫,https://fitter.cosme.net/media/product/10260/skuimg_1001941.jpg,https://www.cosme.net/variations/1185730/,G03 99.9℃,https://fitter.cosme.net/media/product/10260/skuimg_1001944.jpg,,,,,,,,,,https://www.cosme.net/contact/report-review/review_id/514245996,3,,認証済,https://www.cosme.net/categories/pchannel/6/,https://www.cosme.net/categories/effect/1018/,https://www.cosme.net/tags/tag/5032/,,通販化粧品・コスメ,,ツヤ,,保湿,,,,,,,,,,,,25人以上のメンバーにお気に入り登録されています,,,,,,,,,,,
https://my.cosme.net/open_top/show/user_id/5613355,https://pc.assets-cosme.net/images/user/characters/no_image/noimage_xs.gif,https://my.cosme.net/open_top/show/user_id/5613355,★kokok★,,35歳,敏感肌,https://my.cosme.net/open_entry_reviewlist/list/user_id/5613355,クチコミ投稿127件,127,5購入品,,2024/10/19 11:07:39,"G01 明後日の水たまり

鮮やかではあるものの透け感のある明るめレッドです。
イエベの私でも浮くことなく使用できました！
保湿力が高くて乾燥しにくく、重ね塗りしても、ティッシュオフしても色転びしにくいです。

詳細をみる",https://www.cosme.net/categories/item/1154/,ティッシュ,,,,,,,,,,,,,,,,,,,,,https://www.cosme.net/reviews/514245306/,,,,,,,現品,,,,,,,,,,,,,,,,-,-,-,https://www.cosme.net/contact/report-review/review_id/514245306,3,,,,,,,,,,,,,,,,,,,,,,,,,,,,,,,,,,5人以上のメンバーにお気に入り登録されています
https://my.cosme.net/open_top/show/user_id/10186429,https://pc.assets-cosme.net/images/user/characters/no_image/noimage_xs.gif,https://my.cosme.net/open_top/show/user_id/10186429,フラワー52,,56歳,乾燥肌,https://my.cosme.net/open_entry_reviewlist/list/user_id/10186429,クチコミ投稿35件,35,3購入品,,2024/10/18 13:28:19,"青みがかったピンクだと思っていました。実際はコーラルに近いピンク
だったのが残念です。
詳細をみる",,,,,,,,,,,,,,,,,,,,,,,https://www.cosme.net/reviews/514242252/,,,,,,,現品,https://www.cosme.net/variations/1185729/,G02 ピンクムーンの雫,https://fitter.cosme.net/media/product/10260/skuimg_1001941.jpg,,,,,,,,,,,,,-,-,-,https://www.cosme.net/contact/report-review/review_id/514242252,3,,認証済,,,,,,,,,,,,,,,,,,,,,,,,,,,,,,,,
https://my.cosme.net/open_top/show/user_id/30351,https://cache-cdn.cosme.net/images/user/characters/30/mychara04_xs.gif,https://my.cosme.net/open_top/show/user_id/30351,きゅるぽん,,54歳,乾燥肌,https://my.cosme.net/open_entry_reviewlist/list/user_id/30351,クチコミ投稿263件,263,7購入品,,2025/12/31 14:45:11,"G04番を買いました。とっても良い色！でした。
ベージュレッド系、と説明にありましたが、私が塗るとモーヴ味を含んだベージュ、という感じの色味になりました。手の甲に塗ってみた感じはもっと赤みを感じてベージュレッドという説明も納得です。ブルベ夏の私の唇だと、モーヴベージュ色でしっくりくる色味で、好みドンピシャで良かったです。
つややかさもあって、絶妙な色味で、買ってよかった一品。
詳細をみる",,,,,,,,,,,,,,,,,,,,,,,https://www.cosme.net/reviews/516180518/,,,,,,,現品,https://www.cosme.net/variations/1201785/,G04　スパイダー リリー調香師,https://fitter.cosme.net/media/product/10260/skuimg_1024220.jpg,,,,,,,,,,,,,,,,https://www.cosme.net/contact/report-review/review_id/516180518,2,,認証済,https://www.cosme.net/categories/pchannel/4/,https://www.cosme.net/categories/effect/1002/,https://www.cosme.net/categories/effect/1018/,https://www.cosme.net/categories/effect/1030/,化粧品専門店,https://www.cosme.net/categories/effect/1028/,うるおい,https://www.cosme.net/categories/effect/1021/,ツヤ,,https://www.cosme.net/tags/tag/619229/,肌の透明感・薄づき,https://www.cosme.net/tags/tag/5078/,フィット感,https://www.cosme.net/tags/tag/5032/,発色がよい,,,,,25人以上のメンバーにお気に入り登録されています,,,https://www.cosme.net/tags/tag/89071/,https://www.cosme.net/tags/tag/6285/,ツヤバース,,スリム,,保湿,縦ジワカバー,
https://my.cosme.net/open_top/show/user_id/11209452,https://cache-cdn.cosme.net/media/collection/2736/2796/11375505_xs.jpeg,https://my.cosme.net/open_top/show/user_id/11209452,ぶdo,,33歳,敏感肌,https://my.cosme.net/open_entry_reviewlist/list/user_id/11209452,クチコミ投稿140件,140,4購入品,,2025/10/8 11:19:51,"名前の通りツヤ感が美しく、しっかり発色してくれる優秀リップです。塗りたてのツヤが長時間続き、色もちも抜群。ベタつかず、軽やかなつけ心地なのに乾燥もしにくく、唇がふっくら見えるのも嬉しい。マスクをしていても色移りが少ない！
詳細をみる",https://www.cosme.net/categories/effect/1018/,ツヤ,https://www.cosme.net/categories/effect/1018/,ツヤ,,,,,,,,,,,,,,,,,,,https://www.cosme.net/reviews/515865921/,,,,,,,現品,,,,,,,,,,,,,,,,-,-,,https://www.cosme.net/contact/report-review/review_id/515865921,2,,認証済,https://www.cosme.net/categories/pchannel/2/,,,,スーパー・ドラッグ,,,,,,,,,,,,,,,,,,50人以上のメンバーにお気に入り登録されています,,,,,,,,,
https://my.cosme.net/open_top/show/user_id/11479685,https://cache-cdn.cosme.net/media/collection/2802/2693/11618648_xs.jpeg,https://my.cosme.net/open_top/show/user_id/11479685,きっとかっと太郎,,27歳,乾燥肌,https://my.cosme.net/open_entry_reviewlist/list/user_id/11479685,クチコミ投稿104件,104,4購入品,,2025/10/4 11:50:03,"長時間続くのが魅力です。
べたつかず軽やかなつけ心地なのに色持ちが良く、マスクにも付きにくい点が嬉しい！
乾燥しがちな唇もしっとり保湿されるのでおすすめ
リピートしたいリップでした。
詳細をみる",,,,,,,,,,,,,,,,,,,,,,,https://www.cosme.net/reviews/515842748/,,,,,,,現品,,,,,,,,,,,,,,,,-,-,,https://www.cosme.net/contact/report-review/review_id/515842748,2,,認証済,https://www.cosme.net/categories/pchannel/3/,,,,バラエティショップ,,,,,,,,,,,,,,,,,,50人以上のメンバーにお気に入り登録されています,,,,,,,,,
https://my.cosme.net/open_top/show/user_id/5337900,https://cache-cdn.cosme.net/media/collection/1303/812/8950164_xs.jpeg,https://my.cosme.net/open_top/show/user_id/5337900,マキさんとジョン,,41歳,乾燥肌,https://my.cosme.net/open_entry_reviewlist/list/user_id/5337900,クチコミ投稿16件,16,4購入品,,2025/9/26 11:45:51,"確かにツヤバース。
アクリルっぽいツヤ感がいまどきで良い。
ブルベ夏には強いですが、色の薄いリップ似合わないのでよく使っています。
色落ちがよれるので直ちょく鏡で確認したほうが良い。
減りが早いのが悲しい。
詳細をみる",https://www.cosme.net/categories/effect/1018/,ツヤ,https://www.cosme.net/categories/effect/1018/,ツヤ,,,,,,,,,,,,,,,,,,,https://www.cosme.net/reviews/515811914/,,,,,,,現品,https://www.cosme.net/variations/1201786/,G05　ピンク ロビンの泉,https://fitter.cosme.net/media/product/10260/skuimg_1024222.jpg,,,,,,,,,,,,,-,-,-,https://www.cosme.net/contact/report-review/review_id/515811914,2,,,,,,,,,,,,,,,,,,,,,,,,,,,,,,,,,,
https://my.cosme.net/open_top/show/user_id/11301031,https://cache-cdn.cosme.net/media/collection/2759/167/11452074_xs.jpeg,https://my.cosme.net/open_top/show/user_id/11301031,ちぇりーぱい隊長,,44歳,混合肌,https://my.cosme.net/open_entry_reviewlist/list/user_id/11301031,クチコミ投稿137件,137,4購入品,,2025/9/25 8:54:19,"艶感がしっかりと感じられる立派アイテムで唇に自然な輝きを与えてくれるのが特徴でした。
テクスチャーが柔らかくて乗り心地もなめらか乾燥しやすい唇でもしっかりと保湿してくれるので1日中うるおいが続きます。
詳細をみる",https://www.cosme.net/categories/effect/1002/,うるおい,,,,,,,,,,,,,,,,,,,,,https://www.cosme.net/reviews/515804081/,,,,,,,現品,,,,,,,,,,,,,,,,-,-,,https://www.cosme.net/contact/report-review/review_id/515804081,2,,認証済,https://www.cosme.net/categories/pchannel/2/,,,,スーパー・ドラッグ,,,,,,,,,,,,,,,,,,50人以上のメンバーにお気に入り登録されています,,,,,,,,,
https://my.cosme.net/open_top/show/user_id/11298639,https://cache-cdn.cosme.net/media/collection/2758/1871/11450636_xs.jpeg,https://my.cosme.net/open_top/show/user_id/11298639,あまざけママ,,32歳,乾燥肌,https://my.cosme.net/open_entry_reviewlist/list/user_id/11298639,クチコミ投稿137件,137,4購入品,,2025/9/21 16:43:35,"名前の通り艶感がとても魅力的なリップです。ひと塗りでしっかり発色し、ツヤが長時間キープされるので、化粧直しの回数も減ってとても便利。軽いつけ心地なのにしっとり感もあり、乾燥しがちな唇でも快適に使えます。色味も絶妙で、ナチュラルから華やか系まで揃っており、気分やシーンに合わせて選べるのも嬉しいポイント。パケも可愛く、持ち歩きたくなる一本です。
詳細をみる",https://www.cosme.net/categories/effect/1018/,ツヤ,,,,,,,,,,,,,,,,,,,,,https://www.cosme.net/reviews/515787961/,,,,,,,現品,,,,,,,,,,,,,,,,-,-,,https://www.cosme.net/contact/report-review/review_id/515787961,2,,認証済,https://www.cosme.net/categories/pchannel/2/,,,,スーパー・ドラッグ,,,,,,,,,,,,,,,,,,50人以上のメンバーにお気に入り登録されています,,,,,,,,,
https://my.cosme.net/open_top/show/user_id/4646306,https://cache-cdn.cosme.net/media/collection/1134/1442/9177993_xs.jpeg,https://my.cosme.net/open_top/show/user_id/4646306,<poyon>,,39歳,乾燥肌,https://my.cosme.net/open_entry_reviewlist/list/user_id/4646306,クチコミ投稿347件,347,7購入品,,2025/9/3 23:23:01,"KATE
リップモンスター
ツヤバース
EX-1 哀愁の亡霊

良い色
ツヤ感も良くて気に入ってる。

色もちの良さはそんなに感じないけど、
色が可愛い。

#リップモンスターツヤバース
#哀愁の亡霊
詳細をみる",https://www.cosme.net/categories/effect/1018/,ツヤ,https://www.cosme.net/categories/effect/1018/,ツヤ,https://www.cosme.net/categories/effect/1018/,ツヤ,,,,,,,,,,,,,,,,,https://www.cosme.net/reviews/515697019/,https://www.cosme.net/reviews/515697019/photo-1/,https://cache-cdn.cosme.net/media/collection/1134/1442/11535902_l.jpg,https://www.cosme.net/reviews/515697019/photo-2/,https://cache-cdn.cosme.net/media/collection/1134/1442/11535903_l.jpg,,,現品,https://www.cosme.net/variations/1218653/,EX-1 哀愁の亡霊,https://fitter.cosme.net/media/product/10260/skuimg_1056320.jpg,,,,,,,,,,,,,-,,,https://www.cosme.net/contact/report-review/review_id/515697019,2,,,https://www.cosme.net/categories/pchannel/2/,https://www.cosme.net/categories/effect/1002/,https://www.cosme.net/categories/effect/1018/,https://www.cosme.net/categories/effect/1028/,スーパー・ドラッグ,https://www.cosme.net/categories/effect/1021/,うるおい,,ツヤ,,,フィット感,,発色がよい,,,,,,,,,50人以上のメンバーにお気に入り登録されています,,,,,,,,,
https://my.cosme.net/open_top/show/user_id/4105806,https://cache-cdn.cosme.net/images/user/characters/30/mychara27_xs.gif,https://my.cosme.net/open_top/show/user_id/4105806,Bluegreen,,42歳,混合肌,https://my.cosme.net/open_entry_reviewlist/list/user_id/4105806,クチコミ投稿72件,72,7購入品,,2025/8/31 20:00:34,"リップモンスターのツヤバースは初めて購入しました。
グロスの様なクリアな発色を想像してましたが、結構こっくり色がのります。
哀愁の亡霊はダークプラムで、強い女になれます。
ダークカラーがお好きな方おすすめです。
詳細をみる",https://www.cosme.net/categories/effect/1018/,ツヤ,https://www.cosme.net/categories/item/913/,グロス,,,,,,,,,,,,,,,,,,,https://www.cosme.net/reviews/515679021/,https://www.cosme.net/reviews/515679021/photo-1/,https://cache-cdn.cosme.net/media/collection/1002/1614/11526484_l.jpg,,,,,現品,https://www.cosme.net/variations/1218653/,EX-1 哀愁の亡霊,https://fitter.cosme.net/media/product/10260/skuimg_1056320.jpg,,,,,,,,,,,,,-,,,https://www.cosme.net/contact/report-review/review_id/515679021,2,,認証済,https://www.cosme.net/categories/pchannel/4/,https://www.cosme.net/categories/effect/1018/,https://www.cosme.net/categories/effect/1021/,,化粧品専門店,,ツヤ,,発色がよい,,,,,,,,,,,,,,,,,,,,,,,5人以上のメンバーにお気に入り登録されています
https://my.cosme.net/open_top/show/user_id/5661176,https://cache-cdn.cosme.net/media/collection/1382/504/9793517_xs.jpg,https://my.cosme.net/open_top/show/user_id/5661176,ちょこ0222,,32歳,混合肌,https://my.cosme.net/open_entry_reviewlist/list/user_id/5661176,クチコミ投稿625件,625,4購入品,,2025/8/25 17:35:29,"どストライクな好みの色だったので、情報解禁のときから発売を楽しみにしていました！

ツヤバースは今回初めて使ってみたのですが、
リップモンスターはするすると塗りやすいのに対し、こちらはもったりとしたとろけるような質感なので、ノールックで塗り直すことは難しそう。
でも、乾燥が気になってくる今後の季節はとくに良いかも。
使ってみてやはり色味がどストライクなのと、スリムな形状で塗りやすい点が好き。

添付画像は、キャンメイク むちぷるティント03との比較です。
キャンメイクの方はスースーとプランプ効果を感じることと色もちがあまり良くないと異なる点もありますが
色味とテクスチャーは一見似ているなと思いました。
詳細をみる",https://www.cosme.net/categories/effect/1018/,ツヤ,https://www.cosme.net/categories/pickup/1026/,ティント,,,,,,,,,,,,,,,,,,,https://www.cosme.net/reviews/515651249/,https://www.cosme.net/reviews/515651249/photo-1/,https://cache-cdn.cosme.net/media/collection/1382/504/11508358_l.jpg,,,,,現品,https://www.cosme.net/variations/1218654/,EX-2 悪魔の快楽,https://fitter.cosme.net/media/product/10260/skuimg_1056321.jpg,,,,,,,,,,,,,-,-,,https://www.cosme.net/contact/report-review/review_id/515651249,2,,,https://www.cosme.net/categories/effect/1002/,https://www.cosme.net/categories/effect/1020/,https://www.cosme.net/categories/effect/1021/,https://www.cosme.net/categories/effect/1086/,うるおい,,持ちがよい・落ちにくい,,発色がよい,,,コストパフォーマンス,,,,,,,,,,,50人以上のメンバーにお気に入り登録されています,,,,,,,,,
https://my.cosme.net/open_top/show/user_id/7900740,https://pc.assets-cosme.net/images/user/characters/no_image/noimage_xs.gif,https://my.cosme.net/open_top/show/user_id/7900740,:::●ジョージ●:::,,37歳,普通肌,https://my.cosme.net/open_entry_reviewlist/list/user_id/7900740,クチコミ投稿188件,188,7購入品,,2025/8/22 20:40:22,"限定のカラー、購入できてよかったです。
ハロウィンらしい魔女カラーで、びっくりなぐらいダーク！
ダークリップオタクなので、大好物です！

つやんつやんな厚みも最高。
濃いカラーのおかげか色持ちも良かったです。
秋冬ヘビロテします！
詳細をみる",,,,,,,,,,,,,,,,,,,,,,,https://www.cosme.net/reviews/515639021/,,,,,,,現品,,,,,,,,,,,,,,,,-,-,-,https://www.cosme.net/contact/report-review/review_id/515639021,2,,認証済,,,,,,,,,,,,,,,,,,,,,,,,,,,,,,,,5人以上のメンバーにお気に入り登録されています
https://my.cosme.net/open_top/show/user_id/6059304,https://pc.assets-cosme.net/images/user/characters/no_image/noimage_xs.gif,https://my.cosme.net/open_top/show/user_id/6059304,5pb.,,31歳,敏感肌,https://my.cosme.net/open_entry_reviewlist/list/user_id/6059304,クチコミ投稿266件,266,6購入品,,,"元々リップモンスターをヘビロテしていて、ツヤバースは定番色に惹かれず購入していませんでした
今回の限定色はブルベ向きな色だったので即決
オリジナルと違い細くて繰り出しタイプだったので一瞬気づかなかったです
肌に乗せるとすぐとろけたので、これは繰り出しでないと厳しいのかもしれない、と思いました
発色、ツヤ感とてもいいですね
ツヤのあるリップが好きなのでかなり気に入りました
色のもちも良さそうです
もっとブルベ向きの色増えてほしいですね
詳細をみる",https://www.cosme.net/categories/effect/1018/,ツヤ,https://www.cosme.net/categories/effect/1018/,ツヤ,https://www.cosme.net/categories/effect/1018/,ツヤ,,,,,,,,,,,,,,,,,https://www.cosme.net/reviews/515637751/,,,,,,,現品,https://www.cosme.net/variations/1218654/,EX-2 悪魔の快楽,https://fitter.cosme.net/media/product/10260/skuimg_1056321.jpg,,,,,,,,,,,,,-,-,,https://www.cosme.net/contact/report-review/review_id/515637751,2,,認証済,https://www.cosme.net/categories/effect/1002/,https://www.cosme.net/categories/effect/1018/,https://www.cosme.net/categories/effect/1020/,https://www.cosme.net/categories/effect/1021/,うるおい,https://www.cosme.net/categories/effect/1086/,ツヤ,,持ちがよい・落ちにくい,,,発色がよい,,コストパフォーマンス,,,,,,,,2025/8/22 14:51:30,,,,,,,,,,5人以上のメンバーにお気に入り登録されています
https://my.cosme.net/open_top/show/user_id/272007,https://cache-cdn.cosme.net/images/user/characters/30/mychara03_xs.gif,https://my.cosme.net/open_top/show/user_id/272007,★あやたんたん★,,47歳,混合肌,https://my.cosme.net/open_entry_reviewlist/list/user_id/272007,クチコミ投稿92件,92,6購入品,,,"ケイトのリップモンスター ツヤバース
これはもうね、唇界の液体ジュエリー。

◎私の推し色
　・G03「99.9度」→テラコッタオレンジの大人顔ブラウン系。
　火照る色気。まさに高温注意。
　・G04「スパイダーリリー調香師」→ベージュレッド。
　イエベ春・秋どちらも秒で垢抜ける。
　血色感と上品さの二刀流。
イエベの私にドンピシャすぎて、鏡見て「私天才？」ってなる。

◎塗った瞬間、衝撃
　とろける。とろとろ。バターか。
　ツヤッツヤ。いや、ツヤの最上級。
　縦ジワ？そんなもの、もはや歴史的遺物。
　潤いが唇を包み込んで、その潤いが持続するという奇跡。

◎発色が良すぎて一瞬ビビるレベル。
　芯が細くて、口角や山も狙いやすい。
　しかも柔らかいからするする伸びる。
※ただし柔らかすぎるので、繰り出しすぎると帰ってこない。

◎仕事の時は控えめ塗りで知的に。
　お出かけの時は直塗り2往復で「おしゃれも色気も全部持ってきた人」に。
　保湿感はグロス級。でも重くない。


これはリップじゃない。唇を宝石化する装置。
ツヤバースの名に恥じぬ、潤いと色気の暴力。
詳細をみる",https://www.cosme.net/categories/effect/1018/,ツヤ,https://www.cosme.net/categories/effect/1018/,ツヤ,https://www.cosme.net/categories/effect/1018/,ツヤ,https://www.cosme.net/categories/effect/1018/,ツヤ,https://www.cosme.net/categories/item/913/,グロス,https://www.cosme.net/categories/effect/1018/,ツヤ,,,,,,,,,,,https://www.cosme.net/reviews/515601063/,,,,,,,現品,https://www.cosme.net/variations/1201785/,G04　スパイダー リリー調香師,https://fitter.cosme.net/media/product/10260/skuimg_1024220.jpg,https://www.cosme.net/variations/1185730/,G03 99.9℃,https://fitter.cosme.net/media/product/10260/skuimg_1001944.jpg,,,,,,,,,,-,,,https://www.cosme.net/contact/report-review/review_id/515601063,2,,認証済,https://www.cosme.net/categories/effect/1002/,https://www.cosme.net/categories/effect/1018/,https://www.cosme.net/categories/effect/1021/,https://www.cosme.net/tags/tag/619229/,うるおい,https://www.cosme.net/tags/tag/5032/,ツヤ,https://www.cosme.net/tags/tag/89071/,発色がよい,,,ツヤバース,,保湿,,縦ジワカバー,,,,,,2025/8/13 22:18:16,,,,,,,,,,5人以上のメンバーにお気に入り登録されています
https://my.cosme.net/open_top/show/user_id/3795657,https://cache-cdn.cosme.net/images/user/characters/30/mychara21_xs.gif,https://my.cosme.net/open_top/show/user_id/3795657,ユカピ?,,51歳,乾燥肌,https://my.cosme.net/open_entry_reviewlist/list/user_id/3795657,クチコミ投稿921件,921,5購入品,,2025/7/22 17:19:57,"昔、アムロちゃんがミューズをしていたエスプリークの細身リップを思い出しました(^^)
潤いたっぷりなところも同じ、繰り出したら戻らないところも同じです。
ですがこちらはエスプリークよりかは若干透け感が高い為、単体使用だと私には発色が薄いので、スタンダードなリップモンスターの上に重ねて使っています。
この使い方はとても気に入っています(o^^o)
メイク直しに下唇にテキトーに塗って上下の唇を軽く擦り合わせば簡単にキレイになり、潤いもプラスされるのでリップモンスターだけだと乾く…というかたにも良いと思います。
直ぐに使い切りそう…と思いきやお直しでしか私は使わないので全然減りません。
ので、コスパ良いと思います(^^)b
新色は近所のドラッグストアでまだずっと品切れ中ですが、そのうち出会えたら購入したいです(^_?)
詳細をみる",https://www.cosme.net/categories/pchannel/2/,ドラッグストア,,,,,,,,,,,,,,,,,,,,,https://www.cosme.net/reviews/515507610/,,,,,,,現品,https://www.cosme.net/variations/1185729/,G02 ピンクムーンの雫,https://fitter.cosme.net/media/product/10260/skuimg_1001941.jpg,,,,,,,,,,,,,-,,,https://www.cosme.net/contact/report-review/review_id/515507610,2,,認証済,https://www.cosme.net/categories/pchannel/2/,https://www.cosme.net/categories/effect/1002/,https://www.cosme.net/categories/effect/1013/,https://www.cosme.net/categories/effect/1018/,スーパー・ドラッグ,https://www.cosme.net/categories/effect/1030/,うるおい,https://www.cosme.net/categories/effect/1064/,ナチュラルメイク,100人以上のメンバーにお気に入り登録されています,https://www.cosme.net/categories/effect/1028/,ツヤ,https://www.cosme.net/categories/effect/1086/,肌の透明感・薄づき,,立体感,,,,,,,,,,フィット感,,コストパフォーマンス,,,,
https://my.cosme.net/open_top/show/user_id/11170165,https://cache-cdn.cosme.net/media/collection/2727/373/11348837_xs.jpeg,https://my.cosme.net/open_top/show/user_id/11170165,イルミゾルディック,,30歳,乾燥肌,https://my.cosme.net/open_entry_reviewlist/list/user_id/11170165,クチコミ投稿129件,129,6購入品,,2025/6/20 16:11:51,"リップモンスターのシリーズはどれもすきです。

これは一番潤いがすごくてもうぷるっぷるすぎる。


グロスを塗ったような艶とはまた違くてむちっとしたボリュームがあるようなツヤに仕上がります！
詳細をみる",https://www.cosme.net/categories/item/913/,グロス,https://www.cosme.net/categories/effect/1018/,ツヤ,,,,,,,,,,,,,,,,,,,https://www.cosme.net/reviews/515355768/,,,,,,,現品,,,,,,,,,,,,,,,,-,-,,https://www.cosme.net/contact/report-review/review_id/515355768,2,,認証済,https://www.cosme.net/categories/pchannel/4/,,,,化粧品専門店,,,,,,,,,,,,,,,,,,50人以上のメンバーにお気に入り登録されています,,,,,,,,,
https://my.cosme.net/open_top/show/user_id/5399415,https://cache-cdn.cosme.net/images/user/characters/30/mychara02_xs.gif,https://my.cosme.net/open_top/show/user_id/5399415,ruitowa,10人以上のメンバーにお気に入り登録されています,37歳,混合肌,https://my.cosme.net/open_entry_reviewlist/list/user_id/5399415,クチコミ投稿220件,220,5購入品,,2025/6/19 22:20:10,"とても可愛い色でした！
定番のリップモンスターよりは色持ちは良くないけれど、滑らかで塗りやすく色もちょうどいいです。
唇も荒れないし、ベタつきもなくて使いやすいです。
他の色も試してみたいです。

追加
昼間仕事で家を不在にするので、エアコン切ってたら若干溶けてきます。猛暑はちょっと持ち歩きも難しそう。もう少し涼しくなってきたらまた使います！
詳細をみる",,,,,,,,,,,,,,,,,,,,,,,https://www.cosme.net/reviews/515353000/,,,,,,,現品,https://www.cosme.net/variations/1201785/,G04　スパイダー リリー調香師,https://fitter.cosme.net/media/product/10260/skuimg_1024220.jpg,,,,,,,,,,,,,-,-,-,https://www.cosme.net/contact/report-review/review_id/515353000,2,,,,,,,,,,,,,,,,,,,,,,,,,,,,,,,,,,
https://my.cosme.net/open_top/show/user_id/11027329,https://cache-cdn.cosme.net/media/collection/2692/897/11230719_xs.jpeg,https://my.cosme.net/open_top/show/user_id/11027329,毎日牛乳,,36歳,混合肌,https://my.cosme.net/open_entry_reviewlist/list/user_id/11027329,クチコミ投稿136件,136,3購入品,,2025/6/18 10:31:21,"ツヤがとても綺麗で細いタイプだから塗りやすかったし、うるおいの持続性も高くきれいなリップに仕上がるからオススメ！！
お値段も安くて最強だったのでリピートしたいと思いました(^o^)
詳細をみる",https://www.cosme.net/categories/effect/1018/,ツヤ,https://www.cosme.net/categories/effect/1002/,うるおい,,,,,,,,,,,,,,,,,,,https://www.cosme.net/reviews/515339299/,,,,,,,現品,,,,,,,,,,,,,,,,-,-,,https://www.cosme.net/contact/report-review/review_id/515339299,2,,認証済,https://www.cosme.net/categories/pchannel/2/,,,,スーパー・ドラッグ,,,,,100人以上のメンバーにお気に入り登録されています,,,,,,,,,,,,,,,,,,,,,,
https://my.cosme.net/open_top/show/user_id/10732063,https://cache-cdn.cosme.net/media/collection/2620/543/10947659_xs.jpeg,https://my.cosme.net/open_top/show/user_id/10732063,太枝ちゃん,,35歳,乾燥肌,https://my.cosme.net/open_entry_reviewlist/list/user_id/10732063,クチコミ投稿140件,140,4購入品,,2025/6/12 7:08:57,"細めで塗りやすいリップでした。
保湿力も高くつやつやに仕上がるし色持ちもしっかりとしているのでおすすめです◎
色づいが少ししてしまうのが少し難点(T . T)

詳細をみる",,,,,,,,,,,,,,,,,,,,,,,https://www.cosme.net/reviews/515299436/,,,,,,,現品,,,,,,,,,,,,,,,,-,-,,https://www.cosme.net/contact/report-review/review_id/515299436,2,,認証済,https://www.cosme.net/categories/pchannel/2/,,,,スーパー・ドラッグ,,,,,,,,,,,,,,,,,,50人以上のメンバーにお気に入り登録されています,,,,,,,,,
https://my.cosme.net/open_top/show/user_id/11028043,https://cache-cdn.cosme.net/media/collection/2692/1611/11231246_xs.jpeg,https://my.cosme.net/open_top/show/user_id/11028043,牡蠣らーめん,,35歳,混合肌,https://my.cosme.net/open_entry_reviewlist/list/user_id/11028043,クチコミ投稿139件,139,3購入品,,2025/5/10 15:02:16,"細めのリップでとても塗りやすかったです。
ツヤツヤな仕上がりで潤いを与えつつ綺麗な色がしっかりと持続するのでおすすめです^ ^
ティント効果もあり、保湿力ありで大満足でした！
詳細をみる",https://www.cosme.net/categories/effect/1018/,ツヤ,https://www.cosme.net/categories/effect/1018/,ツヤ,https://www.cosme.net/categories/pickup/1026/,ティント,,,,,,,,,,,,,,,,,https://www.cosme.net/reviews/515155157/,,,,,,,現品,,,,,,,,,,,,,,,,-,-,,https://www.cosme.net/contact/report-review/review_id/515155157,2,,認証済,https://www.cosme.net/categories/pchannel/2/,,,,スーパー・ドラッグ,,,,,,,,,,,,,,,,,,50人以上のメンバーにお気に入り登録されています,,,,,,,,,
https://my.cosme.net/open_top/show/user_id/246923,https://pc.assets-cosme.net/images/user/characters/no_image/noimage_xs.gif,https://my.cosme.net/open_top/show/user_id/246923,feuille,,45歳,普通肌,https://my.cosme.net/open_entry_reviewlist/list/user_id/246923,クチコミ投稿11件,11,7購入品リピート,リピート,2025/5/10 2:12:41,"イエベ秋、G03を使っていましたが今回G04を買いました。どちらも大好きです。もともとマットを愛用していたのですが、最近マットだと少し老けて見える？ような気がしてきており、ツヤバースをヘビーユースしています。G03はしばらく売り切れていたので、どちらも安定供給されるとありがたいなと思っています。
詳細をみる",https://www.cosme.net/categories/effect/1017/,マット,https://www.cosme.net/categories/effect/1017/,マット,https://www.cosme.net/categories/effect/1018/,ツヤ,,,,,,,,,,,,,,,,,https://www.cosme.net/reviews/515161256/,,,,,,,現品,https://www.cosme.net/variations/1201785/,G04　スパイダー リリー調香師,https://fitter.cosme.net/media/product/10260/skuimg_1024220.jpg,,,,,,,,,,,,,-,-,-,https://www.cosme.net/contact/report-review/review_id/515161256,2,,,,,,,,,,,,,,,,,,,,,,,,,,,,,,,,,,
https://my.cosme.net/open_top/show/user_id/6701126,https://pc.assets-cosme.net/images/user/characters/no_image/noimage_xs.gif,https://my.cosme.net/open_top/show/user_id/6701126,Natural＊chocolate,,36歳,脂性肌,https://my.cosme.net/open_entry_reviewlist/list/user_id/6701126,クチコミ投稿168件,168,4購入品,,2025/4/29 23:59:05,"G03がお気に入りで、また可愛い色が出た！って予約購入しました。
結果はやっぱり可愛い！
でも、なんだかG03の方が自分には似合う気がして、交互に使う日々です。
落ちにくくて、荒れづらくて、ちょっとムチッとしている塗り心地が好きです。
詳細をみる",,,,,,,,,,,,,,,,,,,,,,,https://www.cosme.net/reviews/515119489/,,,,,,,現品,https://www.cosme.net/variations/1201785/,G04　スパイダー リリー調香師,https://fitter.cosme.net/media/product/10260/skuimg_1024220.jpg,,,,,,,,,,,,,-,-,-,https://www.cosme.net/contact/report-review/review_id/515119489,2,,認証済,,,,,,,,,,,,,,,,,,,,,,,50人以上のメンバーにお気に入り登録されています,,,,,,,,,
https://my.cosme.net/open_top/show/user_id/5736199,https://cache-cdn.cosme.net/images/user/characters/30/mychara08_xs.gif,https://my.cosme.net/open_top/show/user_id/5736199,ボブリ,,30歳,乾燥肌,https://my.cosme.net/open_entry_reviewlist/list/user_id/5736199,クチコミ投稿134件,134,6購入品,,2025/4/23 23:14:02,"G03使用
むっちり系のリップスティックでかなり可愛いです！
保湿力もあるし、色もちもよかったです。
ただ出しすぎると戻らないタイプなのと、柔らかい芯なので夏場は特に扱いを気をつけた方がいいかなと思いました。
詳細をみる",,,,,,,,,,,,,,,,,,,,,,,https://www.cosme.net/reviews/515097349/,https://www.cosme.net/reviews/515097349/photo-1/,https://cache-cdn.cosme.net/media/collection/1400/1799/11226718_l.jpg,https://www.cosme.net/reviews/515097349/photo-2/,https://cache-cdn.cosme.net/media/collection/1400/1799/11226719_l.jpg,,,現品,,,,,,,,,,,,,,,,-,-,-,https://www.cosme.net/contact/report-review/review_id/515097349,2,,,,,,,,,,,,,,,,,,,,,,,,,,,,,,,,,,5人以上のメンバーにお気に入り登録されています
https://my.cosme.net/open_top/show/user_id/6675356,https://pc.assets-cosme.net/images/user/characters/no_image/noimage_xs.gif,https://my.cosme.net/open_top/show/user_id/6675356,okusenman,,36歳,混合肌,https://my.cosme.net/open_entry_reviewlist/list/user_id/6675356,クチコミ投稿60件,60,6購入品リピート,リピート,2025/4/23 10:58:36,"加齢に伴い発売当初から愛用し続けている元祖の方の(？)リプモンだと最近唇の縦ジワが目立つようになってきました(悲しい)

その点ツヤバースは名前通りのツヤ感で縦ジワを目立ちにくくしてくれるため最近はこちらばかり使ってます

ただしダイヤルを繰り戻せないせいで残量が全く分からないのだけは残念ポイント！

レジロールとか掃除機のコンセントみたいそろそろ終わりだよー…を示す何かがあってくれると大変助かります
詳細をみる",https://www.cosme.net/categories/effect/1018/,ツヤ,https://www.cosme.net/categories/effect/1018/,ツヤ,,,,,,,,,,,,,,,,,,,https://www.cosme.net/reviews/515094649/,,,,,,,現品,,,,,,,,,,,,,,,,-,-,-,https://www.cosme.net/contact/report-review/review_id/515094649,2,,,,,,,,,,,,,,,,,,,,,,,,,,,,,,,,,,5人以上のメンバーにお気に入り登録されています
https://my.cosme.net/open_top/show/user_id/5275176,https://cache-cdn.cosme.net/media/collection/1287/3624/5955434_xs.jpeg,https://my.cosme.net/open_top/show/user_id/5275176,奈良ポン太,,50歳,混合肌,https://my.cosme.net/open_entry_reviewlist/list/user_id/5275176,クチコミ投稿130件,130,1購入品,,2025/4/23 7:48:39,"メディアリュクスの縦じわが目立たなくなるリップを買いに行って、売り切れだったのでこちらを購入。
色は思ったより赤みが強く（ローズ系を期待してた）、縦じわがすごく目立つから悲しかった。
詳細をみる",,,,,,,,,,,,,,,,,,,,,,,https://www.cosme.net/reviews/515094083/,,,,,,,現品,https://www.cosme.net/variations/1201786/,G05　ピンク ロビンの泉,https://fitter.cosme.net/media/product/10260/skuimg_1024222.jpg,,,,,,,,,,,,,-,-,,https://www.cosme.net/contact/report-review/review_id/515094083,2,,認証済,https://www.cosme.net/categories/pchannel/2/,,,,スーパー・ドラッグ,,,,,,,,,,,,,,,,,,50人以上のメンバーにお気に入り登録されています,,,,,,,,,
https://my.cosme.net/open_top/show/user_id/6261007,https://cache-cdn.cosme.net/media/collection/1528/2319/6932327_xs.jpg,https://my.cosme.net/open_top/show/user_id/6261007,♪ことり,,51歳,乾燥肌,https://my.cosme.net/open_entry_reviewlist/list/user_id/6261007,クチコミ投稿62件,62,6購入品,,2025/4/21 9:31:14,"ピンクロビンの泉、購入
さすがの塗りごこちで、うるっとツヤっと
大満足！
50代でも痛くならないピンクは貴重！！

詳細をみる",https://www.cosme.net/categories/effect/1018/,ツヤ,,,,,,,,,,,,,,,,,,,,,https://www.cosme.net/reviews/515086223/,https://www.cosme.net/reviews/515086223/photo-1/,https://cache-cdn.cosme.net/media/collection/1528/2319/11219265_l.jpg,,,,,現品,https://www.cosme.net/variations/1201786/,G05　ピンク ロビンの泉,https://fitter.cosme.net/media/product/10260/skuimg_1024222.jpg,https://www.cosme.net/variations/1185728/,G01 明後日の水たまり,https://fitter.cosme.net/media/product/10260/skuimg_1001938.jpg,,,,,,,,,,-,-,,https://www.cosme.net/contact/report-review/review_id/515086223,2,,認証済,https://www.cosme.net/categories/effect/1018/,https://www.cosme.net/categories/effect/1020/,,,ツヤ,,持ちがよい・落ちにくい,,,,,,,,,,,,,,,,,,,,,,,,,
https://my.cosme.net/open_top/show/user_id/2750905,https://cache-cdn.cosme.net/media/collection/671/2489/10141288_xs.jpeg,https://my.cosme.net/open_top/show/user_id/2750905,ブルベ夏会社員,10人以上のメンバーにお気に入り登録されています,31歳,乾燥肌,https://my.cosme.net/open_entry_reviewlist/list/user_id/2750905,クチコミ投稿101件,101,6購入品,,2025/4/20 19:15:14,"2025.4追記
以前使って良かったので、新色G04を買い足しました。
仕事にも使いやすい、派手すぎない落ち着いた色。
ツヤがあるのに色残りもしっかりなのがありがたいです。

----------
G01はローズ系の色でブルベにぴったり！
なめらかなテクスチャでつやつやに、色持ちも良い

ただなくなるのが少し早いかな？？
普段リップ使い切れることのない私が、4ヶ月で使い切っちゃいました
詳細をみる",https://www.cosme.net/categories/effect/1018/,ツヤ,,,,,,,,,,,,,,,,,,,,,https://www.cosme.net/reviews/514260453/,https://www.cosme.net/reviews/514260453/photo-1/,https://cache-cdn.cosme.net/media/collection/671/2489/10781510_l.jpg,https://www.cosme.net/reviews/514260453/photo-2/,https://cache-cdn.cosme.net/media/collection/671/2489/11217813_l.jpg,,,現品,https://www.cosme.net/variations/1201785/,G04　スパイダー リリー調香師,https://fitter.cosme.net/media/product/10260/skuimg_1024220.jpg,https://www.cosme.net/variations/1185728/,G01 明後日の水たまり,https://fitter.cosme.net/media/product/10260/skuimg_1001938.jpg,,,,,,,,,,-,-,-,https://www.cosme.net/contact/report-review/review_id/514260453,2,,認証済,,,,,,,,,,,,,,,,,,,,,,,,,,,,,,,,
https://my.cosme.net/open_top/show/user_id/2958334,https://cache-cdn.cosme.net/media/collection/722/1022/6648558_xs.jpeg,https://my.cosme.net/open_top/show/user_id/2958334,まりりん625,,36歳,乾燥肌,https://my.cosme.net/open_entry_reviewlist/list/user_id/2958334,クチコミ投稿214件,214,6購入品,,2025/4/12 17:58:11,"元々従来のリップモンスターを使っていて、落ちにくさと色味が気に入っていたので、新しく発売されたツヤバースも気になっていました。
今回の色味もブルベ冬の私に合うのが嬉しいし、今回はその名の通り更にツヤをプラスということで、ツヤ感が綺麗で潤っている感じがアップしていてとても良いです。
色モチもいいし発色も鮮やか！
唇の縦じわも消してくれて色っぽリップになれます。
従来のリップモンスターより細身のデザインになったので、カバンのポケットなどにすっと入れやすいのも嬉しいポイント。
やっぱりリップモンスターは一本持っておくと安心！
詳細をみる",https://www.cosme.net/categories/effect/1018/,ツヤ,https://www.cosme.net/categories/effect/1018/,ツヤ,https://www.cosme.net/categories/effect/1018/,ツヤ,,,,,,,,,,,,,,,,,https://www.cosme.net/reviews/515047533/,,,,,,,現品,https://www.cosme.net/variations/1185728/,G01 明後日の水たまり,https://fitter.cosme.net/media/product/10260/skuimg_1001938.jpg,,,,,,,,,,,,,,,,https://www.cosme.net/contact/report-review/review_id/515047533,2,,認証済,https://www.cosme.net/categories/pchannel/3/,https://www.cosme.net/categories/effect/1018/,https://www.cosme.net/categories/effect/1028/,https://www.cosme.net/categories/effect/1020/,バラエティショップ,https://www.cosme.net/categories/effect/1021/,ツヤ,https://www.cosme.net/tags/tag/5078/,フィット感,100人以上のメンバーにお気に入り登録されています,https://www.cosme.net/tags/tag/619229/,持ちがよい・落ちにくい,https://www.cosme.net/tags/tag/5032/,発色がよい,https://www.cosme.net/tags/tag/89071/,スリム,,,,,,,,,,ツヤバース,,保湿,,縦ジワカバー,,
https://my.cosme.net/open_top/show/user_id/10931888,https://cache-cdn.cosme.net/media/collection/2668/3760/11143840_xs.jpeg,https://my.cosme.net/open_top/show/user_id/10931888,だんご太郎,,38歳,脂性肌,https://my.cosme.net/open_entry_reviewlist/list/user_id/10931888,クチコミ投稿141件,141,4購入品,,2025/4/11 8:37:41,"スティックタイプでとても塗りやすかったです。
保湿力も高くてうるおいのある仕上がりになりよかったし色持ちも最強でリピートしたくなること間違いないです。
コスパはやや悪めでした。
詳細をみる",https://www.cosme.net/categories/effect/1002/,うるおい,,,,,,,,,,,,,,,,,,,,,https://www.cosme.net/reviews/515038676/,,,,,,,現品,,,,,,,,,,,,,,,,-,-,,https://www.cosme.net/contact/report-review/review_id/515038676,2,,認証済,https://www.cosme.net/categories/pchannel/2/,,,,スーパー・ドラッグ,,,,,100人以上のメンバーにお気に入り登録されています,,,,,,,,,,,,,,,,,,,,,,
https://my.cosme.net/open_top/show/user_id/9644651,https://cache-cdn.cosme.net/images/user/characters/30/mychara10_xs.gif,https://my.cosme.net/open_top/show/user_id/9644651,しまみずき,10人以上のメンバーにお気に入り登録されています,50歳,混合肌,https://my.cosme.net/open_entry_reviewlist/list/user_id/9644651,クチコミ投稿42件,42,4購入品,,2025/4/10 18:57:43,"R7.7.9
星を減らしました。
リップクリームとの相性なのか、ベタベタなモロモロが発生して剥がれるようになりました…
唇は荒れないけど、残念です。
色は好きだけど、自分には合わないのかな。

---
とろりとなめらかで、カチカチ繰り出して使う（後戻り出来ない）ので出し過ぎ注意
塗り心地がよくて、毎日使いたくなります。

新色の04を花王の公式通販で最速購入です。
（KATEはXで先行販売などのプロモーションをよく行ってますよ！）
色はローズベージュで、イエベな私でも浮かずに使えて、
商品の見本写真の色よりも、（自分が塗ると）ピンクみが強いけれど肌馴染みがよく使いやすい色です。

色もちは、リプモンとはいえ、艶系なので…という感じ。
他の方のクチコミをみたところ
すぐにティッシュオフしちゃダメみたいですね。
塗り方を変えたら色もち良くなったので星増やしました！
詳細をみる",https://www.cosme.net/categories/item/1031/,リップクリーム,https://www.cosme.net/categories/item/1154/,ティッシュ,,,,,,,,,,,,,,,,,,,https://www.cosme.net/reviews/515039332/,https://www.cosme.net/reviews/515039332/photo-1/,https://cache-cdn.cosme.net/media/collection/2354/2667/11192249_l.jpg,,,,,現品,,,,,,,,,,,,,,,,-,-,,https://www.cosme.net/contact/report-review/review_id/515039332,2,,,https://www.cosme.net/categories/effect/1002/,https://www.cosme.net/categories/effect/1018/,,,うるおい,,ツヤ,,,,,,,,,,,,,,,,,,,,,,,,,
https://my.cosme.net/open_top/show/user_id/5981191,https://cache-cdn.cosme.net/media/collection/1460/1031/6701654_xs.jpg,https://my.cosme.net/open_top/show/user_id/5981191,じゃみ777,,40歳,混合肌,https://my.cosme.net/open_entry_reviewlist/list/user_id/5981191,クチコミ投稿235件,235,5購入品,,2025/4/6 14:47:28,"色といい、色残りといい、乾燥しなさといい、全てがパーフェクト。リプモン恐るべし。
ずっとプチプラ避けてたけど良いね凄く。
肌の美しさは食事と運動で作れるので、塗るものはプチプラで十分。食費高いしね(T_T)
詳細をみる",https://www.cosme.net/tags/tag/5077/,プチプラ,https://www.cosme.net/tags/tag/5077/,プチプラ,,,,,,,,,,,,,,,,,,,https://www.cosme.net/reviews/515019115/,,,,,,,現品,,,,,,,,,,,,,,,,-,-,-,https://www.cosme.net/contact/report-review/review_id/515019115,2,,,,,,,,,,,,,,,,,,,,,,,25人以上のメンバーにお気に入り登録されています,,,,,,,,,,,
https://my.cosme.net/open_top/show/user_id/5579863,https://pc.assets-cosme.net/images/user/characters/no_image/noimage_xs.gif,https://my.cosme.net/open_top/show/user_id/5579863,☆ウラララ☆,10人以上のメンバーにお気に入り登録されています,44歳,混合肌,https://my.cosme.net/open_entry_reviewlist/list/user_id/5579863,クチコミ投稿41件,41,4購入品,,2025/3/22 14:04:58,"G01を購入しました。ブルベ夏です。
肌が敏感になっている時は、どのメーカーのリップ類もかゆみがでて使用できませんが、リップモンスターは私には合っているようでいつも安心して使用できます。
今回は初めてツヤタイプを購入して、華やかな雰囲気になるので気に入っています。やわらかくて、沢山ついてしまうので、うっすら中央にのせてからひろげています。
カラーバリエーションが増えてくれるのを期待しています。
詳細をみる",https://www.cosme.net/categories/effect/1018/,ツヤ,,,,,,,,,,,,,,,,,,,,,https://www.cosme.net/reviews/514952685/,,,,,,,現品,https://www.cosme.net/variations/1185728/,G01 明後日の水たまり,https://fitter.cosme.net/media/product/10260/skuimg_1001938.jpg,,,,,,,,,,,,,-,-,,https://www.cosme.net/contact/report-review/review_id/514952685,2,,認証済,https://www.cosme.net/categories/effect/1002/,https://www.cosme.net/categories/effect/1018/,https://www.cosme.net/categories/effect/1021/,,うるおい,,ツヤ,,発色がよい,,,,,,,,,,,,,,,,,,,,,,,
https://my.cosme.net/open_top/show/user_id/3567453,https://cache-cdn.cosme.net/images/user/characters/30/mychara27_xs.gif,https://my.cosme.net/open_top/show/user_id/3567453,めかちょ,,34歳,混合肌,https://my.cosme.net/open_entry_reviewlist/list/user_id/3567453,クチコミ投稿70件,70,7購入品,,,"思ったことを箇条書きでまとめます。

■今までの口紅で一番いい
・前提としてわたしは口紅やグロスがすきではないので、1度も使い切ったことがない。
・しかしツヤバースはそんな私に「使い続けたい」と思わせた。

■落ちにくい
・塗る→数分放置→ディッシュオフ→塗る→数分放置→ティッシュオフ→1時間放置→塗る→ティッシュオフ で全然落ちない。
・全く落ちないということはなく、コップで水を飲んだりするともちろん多少は付着するが、他の口紅とは比べ物にならないくらい少量。
・ただ、ティッシュオフするとツヤはなくなりマット味が強くなるので、リップセラムが必要。

■初心者、下手でも塗りやすい
・口紅を塗ることが非常に苦手だが、これは塗りやすい。
・細く、伸びが良いのでむらなく好みの形に塗ることができる。

■他の色もリピ予定
・がっつりいイエベで口紅にビビッていたのでG03を購入。
・次回はライトめなG02を購入したい。
詳細をみる",https://www.cosme.net/categories/item/913/,口紅,https://www.cosme.net/categories/item/913/,口紅,https://www.cosme.net/categories/item/913/,グロス,https://www.cosme.net/categories/effect/1018/,ツヤ,https://www.cosme.net/categories/effect/1020/,落ちにくい,https://www.cosme.net/categories/item/1154/,ティッシュ,https://www.cosme.net/categories/item/1154/,ティッシュ,https://www.cosme.net/categories/item/913/,口紅,https://www.cosme.net/categories/item/1154/,ティッシュ,https://www.cosme.net/categories/effect/1018/,ツヤ,https://www.cosme.net/categories/effect/1017/,マット,https://www.cosme.net/reviews/514837529/,,,,,,,現品,https://www.cosme.net/variations/1185730/,G03 99.9℃,https://fitter.cosme.net/media/product/10260/skuimg_1001944.jpg,,,,,,,,,,,,,,,,https://www.cosme.net/contact/report-review/review_id/514837529,2,,,https://www.cosme.net/categories/pchannel/2/,https://www.cosme.net/categories/effect/1002/,https://www.cosme.net/categories/effect/1018/,https://www.cosme.net/categories/effect/1028/,スーパー・ドラッグ,https://www.cosme.net/categories/effect/1020/,うるおい,https://www.cosme.net/tags/tag/5078/,ツヤ,,https://www.cosme.net/tags/tag/5032/,フィット感,https://www.cosme.net/tags/tag/619229/,持ちがよい・落ちにくい,,スリム,https://www.cosme.net/categories/item/913/,口紅,https://www.cosme.net/categories/item/913/,口紅,,2025/2/28 15:22:14,,,,保湿,,ツヤバース,,,,
https://my.cosme.net/open_top/show/user_id/4627478,https://pc.assets-cosme.net/images/user/characters/no_image/noimage_xs.gif,https://my.cosme.net/open_top/show/user_id/4627478,*こーちゃんママ*,,40歳,混合肌,https://my.cosme.net/open_entry_reviewlist/list/user_id/4627478,クチコミ投稿99件,99,4購入品,,2025/2/1 15:25:49,"細くて塗りやすく、綺麗なツヤがでます。
少し落ちやすいかもしれません。

持ち運びに便利なので、メイク直し用にも重宝しています。
詳細をみる",https://www.cosme.net/categories/effect/1018/,ツヤ,,,,,,,,,,,,,,,,,,,,,https://www.cosme.net/reviews/514721445/,,,,,,,現品,https://www.cosme.net/variations/1185730/,G03 99.9℃,https://fitter.cosme.net/media/product/10260/skuimg_1001944.jpg,,,,,,,,,,,,,-,-,-,https://www.cosme.net/contact/report-review/review_id/514721445,2,,認証済,,,,,,,,,,,,,,,,,,,,,25人以上のメンバーにお気に入り登録されています,,,,,,,,,,,
https://my.cosme.net/open_top/show/user_id/2443626,https://pc.assets-cosme.net/images/user/characters/no_image/noimage_xs.gif,https://my.cosme.net/open_top/show/user_id/2443626,○たびやん○,,44歳,脂性肌,https://my.cosme.net/open_entry_reviewlist/list/user_id/2443626,クチコミ投稿150件,150,5購入品,,2025/1/21 11:43:30,"流行りのリップを使ってみたけれど40代には少し若いかなぁ、と思います。
ただ発色はとても良くて落ちにくいので、気に入りました！
詳細をみる",https://www.cosme.net/categories/effect/1020/,落ちにくい,,,,,,,,,,,,,,,,,,,,,https://www.cosme.net/reviews/514672943/,,,,,,,現品,,,,,,,,,,,,,,,,-,-,,https://www.cosme.net/contact/report-review/review_id/514672943,2,,認証済,https://www.cosme.net/categories/pchannel/6/,,,,通販化粧品・コスメ,,,,,,,,,,,,,,,,,,,,,,,,,,,
https://my.cosme.net/open_top/show/user_id/9147967,https://pc.assets-cosme.net/images/user/characters/no_image/noimage_xs.gif,https://my.cosme.net/open_top/show/user_id/9147967,午後の虹,,31歳,混合肌,https://my.cosme.net/open_entry_reviewlist/list/user_id/9147967,クチコミ投稿71件,71,1購入品,,2025/1/5 10:16:08,"イエベ春、2番を購入。良いところは色の可愛さのみです。通常のリプモンは今もずっと愛用しています。こちらはツヤツヤになるけど色は落ちやすいし唇の縦じわがすごいです！
他のリップで縦じわが出る事は無いので悩んだ事ないし、乾燥肌でもなく唇はいつも綺麗なのに、ツヤバースをつけてしばらくするとツヤツヤなのに縦じわ現れるので恥ずかしくて処分しちゃいました。
特に乾燥はありませんでした。
落ちにくさが売りのリプモンなのに、これがリップモンスターとして販売されていることも謎です。
詳細をみる",https://www.cosme.net/categories/effect/1018/,ツヤ,https://www.cosme.net/categories/effect/1018/,ツヤ,https://www.cosme.net/categories/skin/2/,乾燥肌,https://www.cosme.net/categories/effect/1018/,ツヤ,https://www.cosme.net/categories/effect/1018/,ツヤ,https://www.cosme.net/categories/effect/1018/,ツヤ,,,,,,,,,,,https://www.cosme.net/reviews/514601052/,,,,,,,現品,,,,,,,,,,,,,,,,-,-,-,https://www.cosme.net/contact/report-review/review_id/514601052,2,,,,,,,,,,,,,,,,,,,,,,,,,,,,,,,,,,
https://my.cosme.net/open_top/show/user_id/4067073,https://cache-cdn.cosme.net/images/user/characters/30/mychara09_xs.gif,https://my.cosme.net/open_top/show/user_id/4067073,:::ビターチョコ:::,,43歳,混合肌,https://my.cosme.net/open_entry_reviewlist/list/user_id/4067073,クチコミ投稿58件,58,6購入品,,,"通常のリップモンスターに比べると評価は低いようですが、個人的には非常に相性が良く2024年のベストリップです。
最初、G01だけ購入したのですが、気に入って全色購入しました。
イエベ春ですが、3色とも肌色に合って使いやすいです。
全体的にニュートラル～イエベさんの方が使いやすいカラバリかと思います。

スリムなので唇にフィットして塗りやすく、ツヤの持続もかなり良いです。
色持ちに関しても、個人的には通常のリップモンスターより良いと感じています。
食後も塗り直しが不要なくらいしっかりと色が残っていて、鏡を見て驚きました。
塗り直すと逆に濃くなりすぎてしまうので、私は食後グロスのみ重ねています。

非常に柔らかく減りは早そうなので、コスパの面で★-1とさせていただきました。
それ以外は文句なしの商品です。
詳細をみる",https://www.cosme.net/categories/effect/1018/,ツヤ,https://www.cosme.net/categories/item/913/,グロス,,,,,,,,,,,,,,,,,,,https://www.cosme.net/reviews/514523077/,,,,,,,現品,https://www.cosme.net/variations/1185728/,G01 明後日の水たまり,https://fitter.cosme.net/media/product/10260/skuimg_1001938.jpg,https://www.cosme.net/variations/1185729/,G02 ピンクムーンの雫,https://fitter.cosme.net/media/product/10260/skuimg_1001941.jpg,https://www.cosme.net/variations/1185730/,G03 99.9℃,https://fitter.cosme.net/media/product/10260/skuimg_1001944.jpg,,,,,,,,,,https://www.cosme.net/contact/report-review/review_id/514523077,2,,認証済,https://www.cosme.net/categories/pchannel/2/,https://www.cosme.net/categories/effect/1002/,https://www.cosme.net/categories/effect/1018/,https://www.cosme.net/categories/effect/1028/,スーパー・ドラッグ,https://www.cosme.net/categories/effect/1020/,うるおい,https://www.cosme.net/categories/effect/1021/,ツヤ,,https://www.cosme.net/tags/tag/5078/,フィット感,,持ちがよい・落ちにくい,,発色がよい,,,,,25人以上のメンバーにお気に入り登録されています,2024/12/19 15:58:03,,,,スリム,,,,,,
https://my.cosme.net/open_top/show/user_id/10092317,https://cache-cdn.cosme.net/media/collection/2463/3869/10419527_xs.jpeg,https://my.cosme.net/open_top/show/user_id/10092317,ぱいなっぷるぱふぇ,,28歳,混合肌,https://my.cosme.net/open_entry_reviewlist/list/user_id/10092317,クチコミ投稿141件,141,6購入品,,2024/12/7 15:09:58,"なんか内容量減った？気がする。
けど潤いがしっかりとあって細身のデザインだから塗りやすいしおすすめ！
色の持続性は高くてよかったし使いやすい！
通常版のリプモンより遥かに潤う
詳細をみる",,,,,,,,,,,,,,,,,,,,,,,https://www.cosme.net/reviews/514446040/,,,,,,,現品,,,,,,,,,,,,,,,,-,-,,https://www.cosme.net/contact/report-review/review_id/514446040,2,,認証済,https://www.cosme.net/categories/pchannel/2/,,,,スーパー・ドラッグ,,,,,100人以上のメンバーにお気に入り登録されています,,,,,,,,,,,,,,,,,,,,,,
https://my.cosme.net/open_top/show/user_id/10421207,https://cache-cdn.cosme.net/media/collection/2544/983/10698448_xs.jpeg,https://my.cosme.net/open_top/show/user_id/10421207,はりぼお,,25歳,乾燥肌,https://my.cosme.net/open_entry_reviewlist/list/user_id/10421207,クチコミ投稿137件,137,6購入品,,2024/12/4 17:36:51,"今までのリプモンとは形が変わり、細みの使いやすい形になっていました^ ^
ツヤツヤで色持ち悪そうが第一印象でしたが、色持ちはよくてうるおいもちゃんと続くしおすすめ！
詳細をみる",https://www.cosme.net/categories/effect/1018/,ツヤ,https://www.cosme.net/categories/effect/1018/,ツヤ,https://www.cosme.net/categories/effect/1002/,うるおい,,,,,,,,,,,,,,,,,https://www.cosme.net/reviews/514429729/,,,,,,,現品,,,,,,,,,,,,,,,,-,-,,https://www.cosme.net/contact/report-review/review_id/514429729,2,,認証済,https://www.cosme.net/categories/pchannel/2/,,,,スーパー・ドラッグ,,,,,100人以上のメンバーにお気に入り登録されています,,,,,,,,,,,,,,,,,,,,,,
https://my.cosme.net/open_top/show/user_id/4089897,https://pc.assets-cosme.net/images/user/characters/no_image/noimage_xs.gif,https://my.cosme.net/open_top/show/user_id/4089897,★ｼﾞｭﾝﾁｬﾝ★,,60歳,混合肌,https://my.cosme.net/open_entry_reviewlist/list/user_id/4089897,クチコミ投稿12件,12,5購入品リピート,リピート,2024/11/20 19:06:53,"名前の通り、ツヤッツヤ！です。
発色も良く、つけるなり顔がパッと明るくなります。
ツヤがあるのって色落ちしやすいものですが、そこはさすがリップモンスター、色持ちも良いです。
お気に入りとなりました。
詳細をみる",https://www.cosme.net/categories/effect/1018/,ツヤ,https://www.cosme.net/categories/effect/1018/,ツヤ,https://www.cosme.net/categories/effect/1018/,ツヤ,,,,,,,,,,,,,,,,,https://www.cosme.net/reviews/514370384/,,,,,,,現品,,,,,,,,,,,,,,,,-,-,-,https://www.cosme.net/contact/report-review/review_id/514370384,2,,認証済,,,,,,,,,,,,,,,,,,,,,,,,,,,,,,,,
https://my.cosme.net/open_top/show/user_id/4977823,https://cache-cdn.cosme.net/media/collection/1215/1183/8486660_xs.jpeg,https://my.cosme.net/open_top/show/user_id/4977823,イエベ会社員,,31歳,混合肌,https://my.cosme.net/open_entry_reviewlist/list/user_id/4977823,クチコミ投稿699件,699,3購入品,,,"G02番を購入いたしました。


青みピンクってほどでもありませんが、
正直イエベな私にはちょっと馴染みが悪いかなという印象です。

ツヤ感、保湿力は申し分ないです！
いい意味のベタベタ具合でグロスはいりません。

そもそもリップモンスターなので、
色持ちや落ちた時の綺麗さも裏切りません。

オレンジ寄りな色味に出会えたら毎日使うと思います！
詳細をみる",https://www.cosme.net/categories/effect/1018/,ツヤ,https://www.cosme.net/categories/item/913/,グロス,,,,,,,,,,,,,,,,,,,https://www.cosme.net/reviews/514364190/,,,,,,,現品,https://www.cosme.net/variations/1185729/,G02 ピンクムーンの雫,https://fitter.cosme.net/media/product/10260/skuimg_1001941.jpg,,,,,,,,,,,,,-,-,-,https://www.cosme.net/contact/report-review/review_id/514364190,2,500人以上のメンバーにお気に入り登録されています,認証済,,,,,,,,,,,,,,,,,,,,,,2024/11/19 11:12:41,,,,,,,,,,
https://my.cosme.net/open_top/show/user_id/6343458,https://pc.assets-cosme.net/images/user/characters/no_image/noimage_xs.gif,https://my.cosme.net/open_top/show/user_id/6343458,☆白薔薇姫☆,,50歳,普通肌,https://my.cosme.net/open_entry_reviewlist/list/user_id/6343458,クチコミ投稿151件,151,3購入品,,2024/11/5 23:28:38,"発色が良く色もかわいいのですが持ちが悪く少し皮むけしてしまいました。

以前はリプモン大好きでたくさん買ったけど、KANEBOやSUQQUのリップを使うようになって買わなくなりました。

今回は質感が違うので久しぶりに買ってみたけど、やっぱりデパコスに慣れてしまった唇には厳しかったです。


詳細をみる",,,,,,,,,,,,,,,,,,,,,,,https://www.cosme.net/reviews/514312735/,,,,,,,現品,https://www.cosme.net/variations/1185728/,G01 明後日の水たまり,https://fitter.cosme.net/media/product/10260/skuimg_1001938.jpg,,,,,,,,,,,,,-,-,-,https://www.cosme.net/contact/report-review/review_id/514312735,2,,,,,,,,,,,,,,,,,,,,,,,,,,,,,,,,,,5人以上のメンバーにお気に入り登録されています
https://my.cosme.net/open_top/show/user_id/7393000,https://pc.assets-cosme.net/images/user/characters/no_image/noimage_xs.gif,https://my.cosme.net/open_top/show/user_id/7393000,れあにゃん**,,31歳,混合肌,https://my.cosme.net/open_entry_reviewlist/list/user_id/7393000,クチコミ投稿322件,322,5購入品,,2024/11/5 13:38:09,"ツヤ感と発色はとてもよい◎
でもティントのように色が残るかと言われると...
食事をすると普通に落ちます。乾燥はしないけれどもティントと悩むならティントを買うかな
詳細をみる",https://www.cosme.net/categories/effect/1018/,ツヤ,https://www.cosme.net/categories/pickup/1026/,ティント,https://www.cosme.net/categories/pickup/1026/,ティント,https://www.cosme.net/categories/pickup/1026/,ティント,,,,,,,,,,,,,,,https://www.cosme.net/reviews/514310645/,,,,,,,現品,https://www.cosme.net/variations/1185728/,G01 明後日の水たまり,https://fitter.cosme.net/media/product/10260/skuimg_1001938.jpg,,,,,,,,,,,,,-,-,-,https://www.cosme.net/contact/report-review/review_id/514310645,2,,認証済,,,,,,,,,,100人以上のメンバーにお気に入り登録されています,,,,,,,,,,,,,,,,,,,,,,
https://my.cosme.net/open_top/show/user_id/529866,https://pc.assets-cosme.net/images/user/characters/no_image/noimage_xs.gif,https://my.cosme.net/open_top/show/user_id/529866,みせすふらみんご,,38歳,乾燥肌,https://my.cosme.net/open_entry_reviewlist/list/user_id/529866,クチコミ投稿4件,4,2購入品,,2024/11/4 0:47:37,"発色は良いですが、シワに入り込む感じ。皮むけしてしまったし、色持ちも良くなかったです。
塗り直すことを考えると細身だしコスパはそこまで良くないと思います。
詳細をみる",,,,,,,,,,,,,,,,,,,,,,,https://www.cosme.net/reviews/514305459/,,,,,,,現品,https://www.cosme.net/variations/1185728/,G01 明後日の水たまり,https://fitter.cosme.net/media/product/10260/skuimg_1001938.jpg,,,,,,,,,,,,,-,-,,https://www.cosme.net/contact/report-review/review_id/514305459,2,,認証済,https://www.cosme.net/categories/pchannel/2/,,,,スーパー・ドラッグ,,,,,,,,,,,,,,,,,,,,,,,,,,,
https://my.cosme.net/open_top/show/user_id/59531,https://cache-cdn.cosme.net/media/collection/14/2187/chara0059531_xs.jpg,https://my.cosme.net/open_top/show/user_id/59531,siena,10人以上のメンバーにお気に入り登録されています,65歳,普通肌,https://my.cosme.net/open_entry_reviewlist/list/user_id/59531,クチコミ投稿167件,167,3購入品,,2024/11/3 10:12:54,"つい、新製品だと買ってしまうリップモンスター。
これは、ツヤツヤで、グロスのようなゆるい感じ。
色は残るもののツヤが取れるのは早い気がする。
ベタつかないつけ心地は好き。今までのものより皮むけは少ないので潤っているのかな？
細身なので塗りやすい。戻せないのでカチッカチッと2回くらいで使っている。
詳細をみる",https://www.cosme.net/categories/effect/1018/,ツヤ,https://www.cosme.net/categories/effect/1018/,ツヤ,https://www.cosme.net/categories/item/913/,グロス,https://www.cosme.net/categories/effect/1018/,ツヤ,,,,,,,,,,,,,,,https://www.cosme.net/reviews/514302448/,,,,,,,現品,https://www.cosme.net/variations/1185728/,G01 明後日の水たまり,https://fitter.cosme.net/media/product/10260/skuimg_1001938.jpg,,,,,,,,,,,,,-,-,-,https://www.cosme.net/contact/report-review/review_id/514302448,2,,認証済,,,,,,,,,,,,,,,,,,,,,,,,,,,,,,,,
https://my.cosme.net/open_top/show/user_id/10421624,https://cache-cdn.cosme.net/media/collection/2544/1400/10698961_xs.jpeg,https://my.cosme.net/open_top/show/user_id/10421624,なまこさん☆,,28歳,敏感肌,https://my.cosme.net/open_entry_reviewlist/list/user_id/10421624,クチコミ投稿143件,143,3購入品,,2024/11/3 9:52:19,"潤いがすごいあるのでテカテカに仕上がりとてもよかったです。
細めのスタイリッシュなリップペンシルのような形で塗りやすさもあり保湿力も高いことからリピートしたいと思いました。

詳細をみる",,,,,,,,,,,,,,,,,,,,,,,https://www.cosme.net/reviews/514289080/,,,,,,,現品,,,,,,,,,,,,,,,,-,-,,https://www.cosme.net/contact/report-review/review_id/514289080,2,,認証済,https://www.cosme.net/categories/pchannel/2/,,,,スーパー・ドラッグ,,,,,100人以上のメンバーにお気に入り登録されています,,,,,,,,,,,,,,,,,,,,,,
https://my.cosme.net/open_top/show/user_id/4594855,https://cache-cdn.cosme.net/media/collection/1121/3239/7680036_xs.jpeg,https://my.cosme.net/open_top/show/user_id/4594855,なちょりんりん,10人以上のメンバーにお気に入り登録されています,27歳,混合肌,https://my.cosme.net/open_entry_reviewlist/list/user_id/4594855,クチコミ投稿323件,323,7購入品,,2024/10/30 16:56:19,"なんでこんな在庫余ってるの？ってくらい名品。リプモンで過去一好きです！！！02は王道コーラルピンクでイエベ春歓喜カラー。時間経ってもプルプルで色持ち良いの凄すぎる！
詳細をみる",,,,,,,,,,,,,,,,,,,,,,,https://www.cosme.net/reviews/514289281/,,,,,,,現品,,,,,,,,,,,,,,,,-,-,-,https://www.cosme.net/contact/report-review/review_id/514289281,2,,認証済,,,,,,,,,,,,,,,,,,,,,,,,,,,,,,,,
https://my.cosme.net/open_top/show/user_id/4690258,https://pc.assets-cosme.net/images/user/characters/no_image/noimage_xs.gif,https://my.cosme.net/open_top/show/user_id/4690258,えりさん☆彡,,42歳,敏感肌,https://my.cosme.net/open_entry_reviewlist/list/user_id/4690258,クチコミ投稿76件,76,6購入品,,2024/10/29 14:39:21,"G02 G03購入
リップモンスターを愛用していたのでツヤバースが発売すると知って、アットコスメで先行予約をして購入しました。
リップモンスターにうるっと感、ツヤ感を足した様な感じです。
塗り心地も色持ちも良く買って良かったです！
G03のカラーが特に好きでした
詳細をみる",https://www.cosme.net/categories/effect/1018/,ツヤ,https://www.cosme.net/categories/effect/1018/,ツヤ,,,,,,,,,,,,,,,,,,,https://www.cosme.net/reviews/514284344/,,,,,,,現品,https://www.cosme.net/variations/1185729/,G02 ピンクムーンの雫,https://fitter.cosme.net/media/product/10260/skuimg_1001941.jpg,https://www.cosme.net/variations/1185730/,G03 99.9℃,https://fitter.cosme.net/media/product/10260/skuimg_1001944.jpg,,,,,,,,,,,,,https://www.cosme.net/contact/report-review/review_id/514284344,2,,,https://www.cosme.net/categories/pchannel/6/,https://www.cosme.net/categories/effect/1018/,https://www.cosme.net/categories/effect/1028/,https://www.cosme.net/categories/effect/1020/,通販化粧品・コスメ,https://www.cosme.net/categories/effect/1021/,ツヤ,https://www.cosme.net/categories/effect/1086/,フィット感,,https://www.cosme.net/tags/tag/619229/,持ちがよい・落ちにくい,,発色がよい,,コストパフォーマンス,,,,,,,,,,ツヤバース,,,,,,5人以上のメンバーにお気に入り登録されています
https://my.cosme.net/open_top/show/user_id/10426585,https://cache-cdn.cosme.net/media/collection/2545/2265/10704150_xs.jpeg,https://my.cosme.net/open_top/show/user_id/10426585,ちゅっぱちゃ,,33歳,乾燥肌,https://my.cosme.net/open_entry_reviewlist/list/user_id/10426585,クチコミ投稿148件,148,3購入品,,2024/10/27 20:46:34,"大人気のリップモンスターから新商品！
プチバズりしてるので購入してみました^ ^厚みのあるリップで仕上がりがとても可愛かったです色持ちも良くつやつやに仕上がるのでオススメ^ ^
詳細をみる",,,,,,,,,,,,,,,,,,,,,,,https://www.cosme.net/reviews/514265986/,,,,,,,現品,,,,,,,,,,,,,,,,-,-,,https://www.cosme.net/contact/report-review/review_id/514265986,2,,認証済,https://www.cosme.net/categories/pchannel/2/,,,,スーパー・ドラッグ,,,,,100人以上のメンバーにお気に入り登録されています,,,,,,,,,,,,,,,,,,,,,,
https://my.cosme.net/open_top/show/user_id/9399475,https://cache-cdn.cosme.net/media/collection/2294/3251/10674599_xs.png,https://my.cosme.net/open_top/show/user_id/9399475,mofu_1010,10人以上のメンバーにお気に入り登録されています,37歳,乾燥肌,https://my.cosme.net/open_entry_reviewlist/list/user_id/9399475,クチコミ投稿33件,33,6購入品,,2024/10/27 10:11:27,"リップモンスターツヤバース 01
とにかくつやつや、とろとろです

リップモンスターが好きなので、新製品が出ると聞き購入しました！
つやつやです塗った瞬間からとろとろな感じが伝わってきます！
押し付けると特にとろとろが分かります。

リップモンスターよりは落ちやすいかなーと思いました。
ティッシュオフした感じでは色が残るが、つやつや感は多少落ちます。
崩れ方も個人的には好きです！

唇の皮も向けないです！リップモンスターで荒れない方はこちらも大丈夫かなと思いました！

リピート購入予定です
詳細をみる",https://www.cosme.net/categories/effect/1018/,ツヤ,https://www.cosme.net/categories/item/1154/,ティッシュ,,,,,,,,,,,,,,,,,,,https://www.cosme.net/reviews/514274810/,https://www.cosme.net/reviews/514274810/photo-1/,https://cache-cdn.cosme.net/media/collection/2294/3251/10790521_l.jpg,https://www.cosme.net/reviews/514274810/photo-2/,https://cache-cdn.cosme.net/media/collection/2294/3251/10790522_l.jpg,,,現品,https://www.cosme.net/variations/1185728/,G01 明後日の水たまり,https://fitter.cosme.net/media/product/10260/skuimg_1001938.jpg,,,,,,,,,,,,,,,,https://www.cosme.net/contact/report-review/review_id/514274810,2,,認証済,https://www.cosme.net/categories/pchannel/3/,https://www.cosme.net/categories/effect/1018/,https://www.cosme.net/categories/effect/1028/,https://www.cosme.net/categories/effect/1021/,バラエティショップ,https://www.cosme.net/tags/tag/6370/,ツヤ,https://www.cosme.net/tags/tag/511636/,フィット感,,https://www.cosme.net/tags/tag/619229/,発色がよい,,つやつや,,リップモンスター,,,,,,,,,,ツヤバース,,,,,,
https://my.cosme.net/open_top/show/user_id/10422370,https://cache-cdn.cosme.net/media/collection/2544/2146/10700243_xs.jpeg,https://my.cosme.net/open_top/show/user_id/10422370,むにむにムニエル,,29歳,混合肌,https://my.cosme.net/open_entry_reviewlist/list/user_id/10422370,クチコミ投稿143件,143,3購入品,,2024/10/25 13:02:30,"とてもプルプルな仕上がりで可愛かったし、発色が綺麗なのでリピートして愛用していきたいリップでした^ ^
リップモンスターはどれを使っても間違いないからおすすめ◎
色もちもコスパも良いから最強すぎます。
詳細をみる",,,,,,,,,,,,,,,,,,,,,,,https://www.cosme.net/reviews/514266886/,,,,,,,現品,,,,,,,,,,,,,,,,-,-,,https://www.cosme.net/contact/report-review/review_id/514266886,2,,認証済,https://www.cosme.net/categories/pchannel/2/,,,,スーパー・ドラッグ,,,,,100人以上のメンバーにお気に入り登録されています,,,,,,,,,,,,,,,,,,,,,,
https://my.cosme.net/open_top/show/user_id/4503266,https://cache-cdn.cosme.net/images/user/characters/30/mychara29_xs.gif,https://my.cosme.net/open_top/show/user_id/4503266,内勤女,10人以上のメンバーにお気に入り登録されています,38歳,乾燥肌,https://my.cosme.net/open_entry_reviewlist/list/user_id/4503266,クチコミ投稿216件,216,2購入品,,2024/10/25 4:06:06,"久しぶりにのんびりドラッグストアを物色中、おー、@cosmeで見たことがあるぞ！と発見。
目立つ所に三色ともドーン！と置いてありましたよ。
ただ、どれもテスターがなかった為色味が分からず。
なんとなーくG02を購入してみました。

実物見るとおや？オレンジっぽいぞ。
大丈夫か？（ブルベ夏と診断してもらってます。）と思いましたが案外いけました。
そう言えば、明るめのオレンジはなぜかオレンジ！に発色しない唇なんです。
夏につけたいようなさっぱりした色の出方でした。
これからの時期には違うかな。

他の色もー…と思ったのですが、こちら唇が見事皮むけちゃいました。荒れて皮の隙間に色が残ってるという状態。
他にもちらほら荒れた人いるみたいですね。
リップモンスターでは荒れなかったので、まさかの事態です。
なので他の色は買わないかな。
うるっとなって仕上がりは良かったんですがね。
詳細をみる",https://www.cosme.net/categories/pchannel/2/,ドラッグストア,,,,,,,,,,,,,,,,,,,,,https://www.cosme.net/reviews/514267656/,,,,,,,現品,https://www.cosme.net/variations/1185729/,G02 ピンクムーンの雫,https://fitter.cosme.net/media/product/10260/skuimg_1001941.jpg,,,,,,,,,,,,,-,,,https://www.cosme.net/contact/report-review/review_id/514267656,2,,,https://www.cosme.net/categories/pchannel/2/,https://www.cosme.net/tags/tag/619343/,https://www.cosme.net/tags/tag/69334/,https://www.cosme.net/tags/tag/619344/,スーパー・ドラッグ,,唇荒れた,,悲しい,,,色は好き,,,,,,,,,,,,,,,,,,,,
https://my.cosme.net/open_top/show/user_id/4501727,https://pc.assets-cosme.net/images/user/characters/no_image/noimage_xs.gif,https://my.cosme.net/open_top/show/user_id/4501727,うぱやま,,37歳,混合肌,https://my.cosme.net/open_entry_reviewlist/list/user_id/4501727,クチコミ投稿132件,132,3購入品,,2024/10/24 8:59:01,"秋だし色もちがよく、ツヤのあるブラウンリップがほしくて予約購入しました。
が、普通のリプモンとは違い色もちが弱く、透け感もない色味で思っていたのと違いました。
手持ちのwhomeのヌメリップのパッションブラウンとほぼ同じで色味、質感に違いを感じません。これ買えない方はwhomeでもいいかと。
髪の毛がくちびるにはりつくのがいやで、でもティッシュオフすると売りのツヤも色味もなくなってしまうので…ツヤだし程度に他のリップの上からちょんちょん塗りで使おうかなと思います。
詳細をみる",https://www.cosme.net/categories/effect/1018/,ツヤ,https://www.cosme.net/categories/item/1154/,ティッシュ,https://www.cosme.net/categories/effect/1018/,ツヤ,https://www.cosme.net/categories/effect/1018/,ツヤ,,,,,,,,,,,,,,,https://www.cosme.net/reviews/514264303/,,,,,,,現品,https://www.cosme.net/variations/1185730/,G03 99.9℃,https://fitter.cosme.net/media/product/10260/skuimg_1001944.jpg,,,,,,,,,,,,,-,-,,https://www.cosme.net/contact/report-review/review_id/514264303,2,,認証済,https://www.cosme.net/categories/effect/1018/,https://www.cosme.net/categories/effect/1021/,,,ツヤ,,発色がよい,,,,,,,,,,,,,,,,,,,,,,,,,
https://my.cosme.net/open_top/show/user_id/7029032,https://cache-cdn.cosme.net/images/user/characters/30/mychara14_xs.gif,https://my.cosme.net/open_top/show/user_id/7029032,ひろもる,,36歳,混合肌,https://my.cosme.net/open_entry_reviewlist/list/user_id/7029032,クチコミ投稿404件,404,2購入品,,2024/10/23 23:36:37,"リップモンスターのツヤタイプがある！とドラッグストアでたまたま見かけ即購入しました。(本当はクリアトーンを探してドラッグストアをうろうろしてた)
滅茶苦茶ワクワクしてたのですが使ってみると、うーん？どうなんだろう…。結構難しいリップでした。

とにかく、テクスチャーが柔らかい。
初めて使った時失礼だけど欠陥品！？って思ったくらいで、触れた瞬間グニャリと溶けます。柔らかいテクスチャーがこの艶を生み出すのでしょうが、まぁ塗るのが難しい。
軽いワンストロークでぐしゃっとリップが潰れるので非常にムラが出来やすく、おまけに自然に個体から液体になれば良いけど所々カスのような塊が出る仕上がりなのでお直しも非常に難しい。
何度試しても綺麗に仕上がりませんでした。
指塗りかブラシ使用が必須なリップだと思います。

グロスを塗ったような艶と発色はしっかりあり、香りは無香。
スリムで軽く、カチカチ回して繰り出すタイプ(戻らない)なので持ち運び出来、衛生的に使えるのは良いと思います。
艶々なリップは色持ちしない物が一般的ですが、さすがリップモンスター。
この艶に反して意外に色持ちしてくれます。

でもなぁ…。
指塗り、リップブラシを使うのはかなり面倒だし(色持ちが良い分指塗りだと変に指が色残りして汚れる)、通常のリップモンスターにある透け感を感じなかったのは残念でした。
艶感も時間経過で薄まるし、これじゃないと！みたいな何かは無かったのでリピはないかなと思います。

詳細をみる",https://www.cosme.net/categories/effect/1018/,ツヤ,https://www.cosme.net/categories/pchannel/2/,ドラッグストア,https://www.cosme.net/categories/pchannel/2/,ドラッグストア,https://www.cosme.net/categories/item/913/,グロス,https://www.cosme.net/tags/tag/7500/,リップブラシ,,,,,,,,,,,,,https://www.cosme.net/reviews/514257974/,,,,,,,現品,https://www.cosme.net/variations/1185728/,G01 明後日の水たまり,https://fitter.cosme.net/media/product/10260/skuimg_1001938.jpg,https://www.cosme.net/variations/1185729/,G02 ピンクムーンの雫,https://fitter.cosme.net/media/product/10260/skuimg_1001941.jpg,,,,,,,,,,-,,,https://www.cosme.net/contact/report-review/review_id/514257974,2,,認証済,https://www.cosme.net/categories/pchannel/2/,https://www.cosme.net/categories/effect/1018/,https://www.cosme.net/categories/effect/1021/,,スーパー・ドラッグ,,ツヤ,,発色がよい,,,,,,,,,,,,,,50人以上のメンバーにお気に入り登録されています,,,,,,,,,
https://my.cosme.net/open_top/show/user_id/2533240,https://pc.assets-cosme.net/images/user/characters/no_image/noimage_xs.gif,https://my.cosme.net/open_top/show/user_id/2533240,■□まろたん□■,,38歳,混合肌,https://my.cosme.net/open_entry_reviewlist/list/user_id/2533240,クチコミ投稿434件,434,7購入品,,2024/10/23 20:00:52,"アットコスメで予約していて先日届いたので早速使ってみました！
体温でとろけて名前の通りツヤ爆発！ツヤ感は続かないですが色持ちは抜群！
秋冬に使いやすい色味でこれから沢山使います！
2枚目の写真は飲食後です！
詳細をみる",https://www.cosme.net/categories/effect/1018/,ツヤ,https://www.cosme.net/categories/effect/1018/,ツヤ,,,,,,,,,,,,,,,,,,,https://www.cosme.net/reviews/514262486/,https://www.cosme.net/reviews/514262486/photo-1/,https://cache-cdn.cosme.net/media/collection/618/1912/10782666_l.jpg,https://www.cosme.net/reviews/514262486/photo-2/,https://cache-cdn.cosme.net/media/collection/618/1912/10782667_l.jpg,,,現品,https://www.cosme.net/variations/1185730/,G03 99.9℃,https://fitter.cosme.net/media/product/10260/skuimg_1001944.jpg,,,,,,,,,,,,,-,-,-,https://www.cosme.net/contact/report-review/review_id/514262486,2,,認証済,,,,,,,,,,100人以上のメンバーにお気に入り登録されています,,,,,,,,,,,,,,,,,,,,,,
https://my.cosme.net/open_top/show/user_id/10180549,https://cache-cdn.cosme.net/media/collection/2485/1989/10560723_xs.jpeg,https://my.cosme.net/open_top/show/user_id/10180549,にゃにゃもち,,21歳,混合肌,https://my.cosme.net/open_entry_reviewlist/list/user_id/10180549,クチコミ投稿39件,39,2購入品,,2024/10/23 16:02:45,"個人的には合いませんでした。
発色はあまり良くないので、2度塗り必須かなと思います。
また、ツヤを売りにしているだけあって塗った直後はぷるぷるな唇で可愛いです。ただ、食べたり飲んだりするとツヤが完全になくなりますし、何もしてなくてもツヤがなくなります笑　
しかも、ツヤがなくなると縦ジワが結構目立ちます。

ティッシュオフしてもストローに色がついたので色持ちもよくないのかなぁという印象です。

乾燥する季節だからか、唇の内側からモロモロが出てきて何度もお直しが必要でした。

塗った直後のツヤ感と2度塗りの色が可愛かっただけに残念です…。
詳細をみる",https://www.cosme.net/categories/effect/1018/,ツヤ,https://www.cosme.net/categories/effect/1018/,ツヤ,https://www.cosme.net/categories/effect/1018/,ツヤ,https://www.cosme.net/categories/effect/1018/,ツヤ,https://www.cosme.net/categories/item/1154/,ティッシュ,https://www.cosme.net/categories/effect/1018/,ツヤ,,,,,,,,,,,https://www.cosme.net/reviews/514261484/,,,,,,,現品,https://www.cosme.net/variations/1185730/,G03 99.9℃,https://fitter.cosme.net/media/product/10260/skuimg_1001944.jpg,,,,,,,,,,,,,-,-,-,https://www.cosme.net/contact/report-review/review_id/514261484,2,,,,,,,,,,,,,,,,,,,,,,,,,,,,,,,,,,
https://my.cosme.net/open_top/show/user_id/4513877,https://cache-cdn.cosme.net/images/user/characters/30/mychara09_xs.gif,https://my.cosme.net/open_top/show/user_id/4513877,Cherrymay,10人以上のメンバーにお気に入り登録されています,27歳,敏感肌,https://my.cosme.net/open_entry_reviewlist/list/user_id/4513877,クチコミ投稿88件,88,7購入品,,2024/10/23 2:50:49,"リップモンスター・リップモンスタークリアトーンを利用しましたが普通のリップモンスターだと感想や皮向けが気になり、クリアトーンだと発色が物足りないと言う状況でした。
こちらは保湿と発色と程よい色持ちを叶えてくれる為、リップモンスターの中でも特にお気に入りです。

bidolのつやプルリップにそっくりですが、若干こちらの方が色持ちは良いです。
カラーバリエーションはbidolの方が好みなので、そちらを利用してしまうことが多いです。

保湿目的でどんなリップでも必ずグロスを塗るほどの乾燥唇なのですが、こちらは一本で済むので手軽に使えて便利です。
持ち歩きのお直し用リップとして愛用しております。

もっと明るめのニュートラルカラーや粘膜色が増えたらなと思っております。

リプモンの「ピンクバナナホイップ」がとても好みの色なので、そこら辺の色が出てくれたらと思います。
詳細をみる",https://www.cosme.net/categories/item/913/,グロス,,,,,,,,,,,,,,,,,,,,,https://www.cosme.net/reviews/514259320/,,,,,,,現品,https://www.cosme.net/variations/1201785/,G04　スパイダー リリー調香師,https://fitter.cosme.net/media/product/10260/skuimg_1024220.jpg,https://www.cosme.net/variations/1201786/,G05　ピンク ロビンの泉,https://fitter.cosme.net/media/product/10260/skuimg_1024222.jpg,https://www.cosme.net/variations/1185728/,G01 明後日の水たまり,https://fitter.cosme.net/media/product/10260/skuimg_1001938.jpg,https://www.cosme.net/variations/1185729/,G02 ピンクムーンの雫,https://fitter.cosme.net/media/product/10260/skuimg_1001941.jpg,,,,-,-,-,https://www.cosme.net/contact/report-review/review_id/514259320,2,,認証済,,,,,,,,,,,,,,,,,,,,,,,,,,,,,,,,
https://my.cosme.net/open_top/show/user_id/7316594,https://pc.assets-cosme.net/images/user/characters/no_image/noimage_xs.gif,https://my.cosme.net/open_top/show/user_id/7316594,azzurro215,,26歳,脂性肌,https://my.cosme.net/open_entry_reviewlist/list/user_id/7316594,クチコミ投稿4件,4,1購入品,,2024/10/22 23:42:46,"人生初のリプモン購入。
色は確かに残っているけど、数時間経つと唇の皮がむけてガサガサになる。
乾燥肌や敏感肌には合わない。
詳細をみる",https://www.cosme.net/categories/skin/2/,乾燥肌,https://www.cosme.net/categories/skin/5/,敏感肌,,,,,,,,,,,,,,,,,,,https://www.cosme.net/reviews/514258978/,,,,,,,現品,,,,,,,,,,,,,,,,-,-,,https://www.cosme.net/contact/report-review/review_id/514258978,2,,,https://www.cosme.net/tags/tag/1012/,,,,乾燥,,,,,,,,,,,,,,,,,,,,,,,,,,,
https://my.cosme.net/open_top/show/user_id/2396602,https://pc.assets-cosme.net/images/user/characters/no_image/noimage_xs.gif,https://my.cosme.net/open_top/show/user_id/2396602,ゆり0407,,47歳,混合肌,https://my.cosme.net/open_entry_reviewlist/list/user_id/2396602,クチコミ投稿11件,11,4購入品,,2024/10/22 17:30:12,"発売から数日経ってしまったので、あまり期待せずに近所のマツキヨ系列に行ってみたところ、全色揃ってました。
３色とも使いやすそうで迷いましたが、一番好きなピンク系のＧ０２にしました。
リプモンってテスター無いんですよね…
結果、リプモン02ピンクバナナに似た大好きな色でした！！

テクスチャーはものすごく柔らかいです。
なので、毎回使う分をカチカチと繰り出して使う感じです。
グロスをリップスティックにした感じ？です。

発色はとても良いです。
一度塗りだとシアーでナチュラルな感じですが、２?３回重ねるとかなり発色します。
流石に艶が売りなだけあって艶もすごい。

色持ちに関しては…
食事するとガッツリ落ちます。
飲食しなければかなり持つのでは？とは思います。

ただ…もしかしたら若干荒れたかも知れない。
あまり長時間使ってないので、断定出来ませんが少し皮が剥けたかも…。
今までリプモンで荒れた事は全く無いです。（マットは未使用です）

難点は、毎回ガッツリ塗っているとすぐ無くなると思う。
コスパはあんまり良くない気がします。

リピは微妙です。
詳細をみる",https://www.cosme.net/categories/item/913/,グロス,https://www.cosme.net/categories/effect/1017/,マット,,,,,,,,,,,,,,,,,,,https://www.cosme.net/reviews/514257488/,https://www.cosme.net/reviews/514257488/photo-1/,https://cache-cdn.cosme.net/media/collection/585/442/10779636_l.jpg,https://www.cosme.net/reviews/514257488/photo-2/,https://cache-cdn.cosme.net/media/collection/585/442/10779637_l.jpg,,,現品,https://www.cosme.net/variations/1185729/,G02 ピンクムーンの雫,https://fitter.cosme.net/media/product/10260/skuimg_1001941.jpg,,,,,,,,,,,,,-,,,https://www.cosme.net/contact/report-review/review_id/514257488,2,,,https://www.cosme.net/categories/pchannel/2/,https://www.cosme.net/categories/effect/1002/,https://www.cosme.net/categories/effect/1013/,https://www.cosme.net/categories/effect/1018/,スーパー・ドラッグ,https://www.cosme.net/categories/effect/1021/,うるおい,,ナチュラルメイク,,,ツヤ,,発色がよい,,,,,,,,,,,,,,,,,,
https://my.cosme.net/open_top/show/user_id/7628849,https://pc.assets-cosme.net/images/user/characters/no_image/noimage_xs.gif,https://my.cosme.net/open_top/show/user_id/7628849,*春眠暁*,,44歳,乾燥肌,https://my.cosme.net/open_entry_reviewlist/list/user_id/7628849,クチコミ投稿101件,101,7購入品,,2024/10/21 16:36:06,"初期のリップモンスターの陽炎を使ってましたが、乾燥がするので半分くらいで使うのをやめてしまってそれからリップが定まらずに色々な物を購入してました。
今回も期待はしないで、ツヤと推しているので購入してみました。
塗り心地は、とっても柔らかく塗りやすいです。
色味も使いやすく、ちょうどいい感じです。
色もちは、初期の陽炎よりは落ちますがちゃんと残ります。
購入していない2本も買おうと思います。
個人的にとてもおすすめです。
詳細をみる",https://www.cosme.net/categories/effect/1018/,ツヤ,,,,,,,,,,,,,,,,,,,,,https://www.cosme.net/reviews/514253811/,,,,,,,現品,https://www.cosme.net/variations/1185730/,G03 99.9℃,https://fitter.cosme.net/media/product/10260/skuimg_1001944.jpg,,,,,,,,,,,,,-,-,-,https://www.cosme.net/contact/report-review/review_id/514253811,2,,,,,,,,,,,,,,,,,,,,,,,,,,,,,,,,,,
https://my.cosme.net/open_top/show/user_id/237389,https://cache-cdn.cosme.net/media/collection/57/3917/9175331_xs.jpeg,https://my.cosme.net/open_top/show/user_id/237389,ヒイズミ,,41歳,普通肌,https://my.cosme.net/open_entry_reviewlist/list/user_id/237389,クチコミ投稿134件,134,1購入品,,2024/10/19 22:58:19,"G01使用
ノーマルの01をほぼ毎日使用
こちらはやはりどうしても色味が暗い。ダメ元で買ってはみたけどダメでした。
塗った瞬間のツヤはほんとにすごい。
スティックでこんなツヤが出るのが信じられないレベル。
その緩さ故か色ムラがひどい。そして秒で色落ちする。
色はほぼ定着しないレベルなので、どちらかといえばただのバーム。
最近買ったMACのグロープレイテンダートークリップバームに似ている。
ともあれ色味が合わず顔が死ぬので一度の使用でお蔵入り。
今後 色展開が増えても買わないと思う。

使用方法は以下の通り
何も塗ってない状態に全体塗布→数分放置→ティッシュでおさえる→再度塗布
これで食べない限りはノーマルは色がもつ。(立体マスク+水分補給めちゃするタイプ)
但し早い段階で縦皺がえぐいことになる。
冬場は数時間おきに保湿しないと無理。
ツヤバースはティッシュでおさえたら全部とれた。
再度塗布後も水分補給のたびにツヤと色が落ちていく。
乾燥は感じなかったのだけが救い。
詳細をみる",https://www.cosme.net/categories/effect/1018/,ツヤ,https://www.cosme.net/categories/effect/1018/,ツヤ,https://www.cosme.net/categories/item/1067/,バーム,https://www.cosme.net/categories/item/1067/,バーム,https://www.cosme.net/categories/item/1154/,ティッシュ,https://www.cosme.net/categories/effect/1018/,ツヤ,https://www.cosme.net/categories/item/1154/,ティッシュ,https://www.cosme.net/categories/effect/1018/,ツヤ,,,,,,,https://www.cosme.net/reviews/514247795/,,,,,,,現品,https://www.cosme.net/variations/1185728/,G01 明後日の水たまり,https://fitter.cosme.net/media/product/10260/skuimg_1001938.jpg,,,,,,,,,,,,,,,,https://www.cosme.net/contact/report-review/review_id/514247795,2,,,https://www.cosme.net/categories/pchannel/2/,https://www.cosme.net/categories/effect/1002/,https://www.cosme.net/categories/effect/1018/,https://www.cosme.net/tags/tag/5070/,スーパー・ドラッグ,,うるおい,,ツヤ,,,無香料,,,,,,,,,,,,,,,,,,,,
https://my.cosme.net/open_top/show/user_id/5537647,https://cache-cdn.cosme.net/media/collection/1351/3951/10879053_xs.jpeg,https://my.cosme.net/open_top/show/user_id/5537647,☆:::☆Sope☆:::☆,,46歳,混合肌,https://my.cosme.net/open_entry_reviewlist/list/user_id/5537647,クチコミ投稿533件,533,4購入品,,2024/10/19 22:24:14,"レッドとピンクの間に近い個人的には顔色が明るく見えるカラーで色味は気に入りました。

テクスチャが柔らかいというか柔らかすぎるので、コツをつかむまでムラっぽくなってしまうかも。

色もちは普通の口紅よりかはもつのではないでしょうか。普通に塗って一般的な家庭の夕食後（ご飯、味噌汁、焼き魚みたいな感じ）にチェックしたら内側はほんのり色が残る、縁は結構残ってる、ツヤは消えるって感じでした。グラスへの色移りはありません。

今のところ皮むけ等のトラブルはなく、ツヤがある間は保湿されている感じもします。ツヤがなくなったと同時に乾燥するって感じ。

普通のリップモンスターで問題ない人だったら、わざわざ買うだろうか？とも思います。普通のリップモンスターにグロス重ねたら良くない？ってちょっと思ってしまった…。

私はリップモンスターが皮むけして荒れたので、ありがたく使わせてもらいます。カラバリ増えたら嬉しいな。
詳細をみる",https://www.cosme.net/categories/item/913/,口紅,https://www.cosme.net/categories/effect/1018/,ツヤ,https://www.cosme.net/categories/effect/1018/,ツヤ,https://www.cosme.net/categories/effect/1018/,ツヤ,https://www.cosme.net/categories/item/913/,グロス,,,,,,,,,,,,,https://www.cosme.net/reviews/514247591/,,,,,,,現品,https://www.cosme.net/variations/1185728/,G01 明後日の水たまり,https://fitter.cosme.net/media/product/10260/skuimg_1001938.jpg,,,,,,,,,,,,,-,-,,https://www.cosme.net/contact/report-review/review_id/514247591,2,,認証済,https://www.cosme.net/categories/pchannel/3/,,,,バラエティショップ,,,,,100人以上のメンバーにお気に入り登録されています,,,,,,,,,,,,,,,,,,,,,,
https://my.cosme.net/open_top/show/user_id/8234049,https://pc.assets-cosme.net/images/user/characters/no_image/noimage_xs.gif,https://my.cosme.net/open_top/show/user_id/8234049,とろとろこんぶ,,28歳,脂性肌,https://my.cosme.net/open_entry_reviewlist/list/user_id/8234049,クチコミ投稿3件,3,4購入品,,2024/10/18 16:54:59,"たまたまマツキヨに行ったら先行発売していたので購入。リップは繰り出したら戻らないタイプのもの。
感覚としてはキャンメイクのむちぷるティントに近いです。他のリプモンよりツヤが出ます。
飲食したら色は残っていますがツヤは落ちるのでそれは仕方ないかなあと思います。
私は既存のリップと重ねて塗って使用しようと思います。

詳細をみる",https://www.cosme.net/categories/pickup/1026/,ティント,https://www.cosme.net/categories/effect/1018/,ツヤ,https://www.cosme.net/categories/effect/1018/,ツヤ,,,,,,,,,,,,,,,,,https://www.cosme.net/reviews/514242983/,,,,,,,現品,https://www.cosme.net/variations/1185728/,G01 明後日の水たまり,https://fitter.cosme.net/media/product/10260/skuimg_1001938.jpg,,,,,,,,,,,,,-,,,https://www.cosme.net/contact/report-review/review_id/514242983,2,,,https://www.cosme.net/categories/pchannel/2/,https://www.cosme.net/categories/effect/1018/,https://www.cosme.net/categories/effect/1020/,,スーパー・ドラッグ,,ツヤ,,持ちがよい・落ちにくい,,,,,,,,,,,,,,,,,,,,,,,
https://my.cosme.net/open_top/show/user_id/11613292,https://cache-cdn.cosme.net/media/collection/2835/1132/11724427_xs.png,https://my.cosme.net/open_top/show/user_id/11613292,みーおん0424,,33歳,乾燥肌,https://my.cosme.net/open_entry_reviewlist/list/user_id/11613292,クチコミ投稿117件,117,3購入品,,2026/1/18 22:29:08,"リップモンスターが好きなので購入しました。非常に柔らかいつけ心地でとろけるのが分かります。艶が凄く綺麗でした。よく落ちるタイプかなと思います。わたしは通常のリップモンスターの方が好きでした。
詳細をみる",,,,,,,,,,,,,,,,,,,,,,,https://www.cosme.net/reviews/516359066/,https://www.cosme.net/reviews/516359066/photo-1/,https://cache-cdn.cosme.net/media/collection/2835/1132/11838269_l.jpg,,,,,現品,,,,,,,,,,,,,,,,-,-,,https://www.cosme.net/contact/report-review/review_id/516359066,1,,認証済,https://www.cosme.net/categories/pchannel/2/,,,,スーパー・ドラッグ,,,,,,,,,,,,,,,,,,50人以上のメンバーにお気に入り登録されています,,,,,,,,,
https://my.cosme.net/open_top/show/user_id/9983792,https://pc.assets-cosme.net/images/user/characters/no_image/noimage_xs.gif,https://my.cosme.net/open_top/show/user_id/9983792,聖川プリン,,52歳,普通肌,https://my.cosme.net/open_entry_reviewlist/list/user_id/9983792,クチコミ投稿7件,7,6購入品,,2026/1/15 0:34:50,"こっれは良かった!!
ツヤバース使った事無くて、この派手な赤はライブに行く時に使おうと、発売の時に買って寝かしていました。
ツヤバースはどうせふつーのリプモンより落ちるんでしょ?と思っていたけれど、
サイゼでサラダとミラノ風ドリアを食べて家に着いて鏡を見たら、何か、落ち方がめっちゃキレイ!!
そりゃあツヤはどっか行くんですけど、ティントっぽく残って、落ちないリップ難民としては大変満足です
塗り直してなくてもみっともなくなかった
塗りたての時のツヤも勿論可愛い!
限定なので参考までに書くと、色味はブルベもイエベもどっちも行ける感じ!
これは…使える!!
よく言われる落ちない口紅乾燥問題は、ワタシは年中唇パリッパリなのでよく分からなかったですごめんなさい。
また新色が出て、自分に似合いそうなら買っちゃうかも。
韓コスの落ちないティントをすっごい調べて買ったりしてたのに、こんなにいいものが足元にあったなんて!という気持ちです!
詳細をみる",https://www.cosme.net/categories/effect/1018/,ツヤ,https://www.cosme.net/categories/effect/1018/,ツヤ,https://www.cosme.net/categories/effect/1018/,ツヤ,https://www.cosme.net/categories/pickup/1026/,ティント,https://www.cosme.net/categories/effect/1018/,ツヤ,https://www.cosme.net/categories/item/913/,口紅,https://www.cosme.net/categories/pickup/1026/,ティント,,,,,,,,,https://www.cosme.net/reviews/516340034/,,,,,,,現品,https://www.cosme.net/variations/1218654/,EX-2 悪魔の快楽,https://fitter.cosme.net/media/product/10260/skuimg_1056321.jpg,,,,,,,,,,,,,-,-,,https://www.cosme.net/contact/report-review/review_id/516340034,1,,,https://www.cosme.net/categories/pchannel/6/,,,,通販化粧品・コスメ,,,,,,,,,,,,,,,,,,,,,,,,,,,
https://my.cosme.net/open_top/show/user_id/11475243,https://cache-cdn.cosme.net/media/collection/2801/2347/11817756_xs.jpeg,https://my.cosme.net/open_top/show/user_id/11475243,フラペティンティーノ,,23歳,混合肌,https://my.cosme.net/open_entry_reviewlist/list/user_id/11475243,クチコミ投稿323件,323,6購入品,,2026/1/8 18:40:45,"ツヤッツヤ！最高！
通常リプモンと比べると発色は控えめだけど潤い度は高い。でも通常リプモンよりは落ちやすいかな。
唇敏感ガサ民としては荒れないし潤うしで良きかな。

写真左は通常リプモン02で、右がツヤバースG02。
詳細をみる",https://www.cosme.net/categories/effect/1018/,ツヤ,https://www.cosme.net/categories/effect/1018/,ツヤ,https://www.cosme.net/categories/effect/1018/,ツヤ,,,,,,,,,,,,,,,,,https://www.cosme.net/reviews/516308443/,https://www.cosme.net/reviews/516308443/photo-1/,https://cache-cdn.cosme.net/media/collection/2801/2347/11819523_l.jpg,,,,,現品,https://www.cosme.net/variations/1185729/,G02 ピンクムーンの雫,https://fitter.cosme.net/media/product/10260/skuimg_1001941.jpg,,,,,,,,,,,,,-,-,-,https://www.cosme.net/contact/report-review/review_id/516308443,1,,,,,,,,,,,,,,,,,,,,,,,,,,,,,,,,,,
https://my.cosme.net/open_top/show/user_id/646357,https://cache-cdn.cosme.net/images/user/characters/30/mychara09_xs.gif,https://my.cosme.net/open_top/show/user_id/646357,えれす,10人以上のメンバーにお気に入り登録されています,43歳,乾燥肌,https://my.cosme.net/open_entry_reviewlist/list/user_id/646357,クチコミ投稿152件,152,4購入品,,2025/12/13 22:29:56,"買ってみました、リップモンスターのツヤバース。
お色はG02 ピンクムーンの雫。

従来のリプモンより細みで塗りやすいです。

塗りたては、青みがない肌馴染みの良いツヤピンク。

自宅で飲食したら落ちてしまいました、残念。。
私の唇では、リプモンはあまり残ってくれないのかな。

色味はとても気に入ったので、こまめに塗り直して使おうと思います。
詳細をみる",https://www.cosme.net/categories/effect/1018/,ツヤ,https://www.cosme.net/categories/effect/1018/,ツヤ,,,,,,,,,,,,,,,,,,,https://www.cosme.net/reviews/516161384/,https://www.cosme.net/reviews/516161384/photo-1/,https://cache-cdn.cosme.net/media/collection/157/3285/11774052_l.jpg,https://www.cosme.net/reviews/516161384/photo-2/,https://cache-cdn.cosme.net/media/collection/157/3285/11774053_l.jpg,https://www.cosme.net/reviews/516161384/photo-3/,https://cache-cdn.cosme.net/media/collection/157/3285/11774054_l.jpg,現品,https://www.cosme.net/variations/1185729/,G02 ピンクムーンの雫,https://fitter.cosme.net/media/product/10260/skuimg_1001941.jpg,,,,,,,,,,,,,-,,,https://www.cosme.net/contact/report-review/review_id/516161384,1,,認証済,https://www.cosme.net/categories/pchannel/6/,https://www.cosme.net/categories/effect/1018/,https://www.cosme.net/categories/effect/1021/,,通販化粧品・コスメ,,ツヤ,,発色がよい,,,,,,,,,,,,,,,,,,,,,,,
https://my.cosme.net/open_top/show/user_id/5443528,https://pc.assets-cosme.net/images/user/characters/no_image/noimage_xs.gif,https://my.cosme.net/open_top/show/user_id/5443528,ののらむ,,39歳,普通肌,https://my.cosme.net/open_entry_reviewlist/list/user_id/5443528,クチコミ投稿36件,36,5購入品,,2025/12/7 21:59:41,"イエベです。オリジナルはダークフィグとパンプキンワイン愛用中。ツヤバースは春夏はピンクムーンの雫使ってました。秋冬用にブラウン系のリップが欲しくて、99.9を購入。思ってたより発色は弱かったものの、スルスル塗れるのはやっぱり好き。色持ちはオリジナルの方がいいので、朝はオリジナル、昼食後ツヤバースの使い分けがいいかも。ただ、ツヤバース持ち運んだらすごい繰り出しちゃってたことがあったので、少しリスキーではある。
詳細をみる",https://www.cosme.net/categories/effect/1018/,ツヤ,https://www.cosme.net/categories/effect/1018/,ツヤ,https://www.cosme.net/categories/effect/1018/,ツヤ,,,,,,,,,,,,,,,,,https://www.cosme.net/reviews/516124497/,,,,,,,現品,https://www.cosme.net/variations/1185730/,G03 99.9℃,https://fitter.cosme.net/media/product/10260/skuimg_1001944.jpg,,,,,,,,,,,,,-,-,-,https://www.cosme.net/contact/report-review/review_id/516124497,1,,,,,,,,,,,,,,,,,,,,,,,,,,,,,,,,,,
https://my.cosme.net/open_top/show/user_id/11298636,https://cache-cdn.cosme.net/media/collection/2758/1868/11450640_xs.jpeg,https://my.cosme.net/open_top/show/user_id/11298636,ぱいなっぷる社長,,31歳,敏感肌,https://my.cosme.net/open_entry_reviewlist/list/user_id/11298636,クチコミ投稿139件,139,3購入品,,2025/11/19 8:50:25,"こちらはツヤが加わって抜け感がちょうどいい。重たすぎないツヤで、マスク跡もほとんど気になりませんでした。
乾燥しやすいタイプなのに、時間がたっても唇がぱさつかず、飲んでも落ちにくい感は健在でした◎
詳細をみる",https://www.cosme.net/categories/effect/1018/,ツヤ,https://www.cosme.net/categories/effect/1018/,ツヤ,https://www.cosme.net/categories/effect/1020/,落ちにくい,,,,,,,,,,,,,,,,,https://www.cosme.net/reviews/516035729/,,,,,,,現品,,,,,,,,,,,,,,,,-,-,,https://www.cosme.net/contact/report-review/review_id/516035729,1,,認証済,https://www.cosme.net/categories/pchannel/3/,,,,バラエティショップ,,,,,,,,,,,,,,,,,,50人以上のメンバーにお気に入り登録されています,,,,,,,,,
https://my.cosme.net/open_top/show/user_id/6025150,https://cache-cdn.cosme.net/images/user/characters/30/mychara09_xs.gif,https://my.cosme.net/open_top/show/user_id/6025150,kirarastar,,42歳,混合肌,https://my.cosme.net/open_entry_reviewlist/list/user_id/6025150,クチコミ投稿214件,214,5購入品リピート,リピート,2025/11/7 14:10:51,"通常のリップモンスターより
艶が出て潤いが持続します。

ただ、唇に塗る時
細くてフィットしやすいのですが
柔らかいので力加減を間違えないよう
気を使う必要があります。
詳細をみる",,,,,,,,,,,,,,,,,,,,,,,https://www.cosme.net/reviews/515987249/,,,,,,,現品,,,,,,,,,,,,,,,,-,-,-,https://www.cosme.net/contact/report-review/review_id/515987249,1,,認証済,,,,,,,,,,100人以上のメンバーにお気に入り登録されています,,,,,,,,,,,,,,,,,,,,,,
https://my.cosme.net/open_top/show/user_id/11461056,https://cache-cdn.cosme.net/media/collection/2798/448/11597764_xs.jpeg,https://my.cosme.net/open_top/show/user_id/11461056,ふわふわぱんけ,,43歳,乾燥肌,https://my.cosme.net/open_entry_reviewlist/list/user_id/11461056,クチコミ投稿115件,115,3購入品,,2025/11/6 8:48:56,"塗った瞬間、まるで唇に光のヴェールがかかったみたい。ツヤ感がすごく自然でうるおいも持続するから乾燥知らず。発色は透明感があるけど、重ねるとしっかり色が出るので、シーンに合わせて調整できるのが嬉しい！
詳細をみる",https://www.cosme.net/categories/effect/1018/,ツヤ,https://www.cosme.net/categories/effect/1002/,うるおい,,,,,,,,,,,,,,,,,,,https://www.cosme.net/reviews/515975937/,,,,,,,現品,,,,,,,,,,,,,,,,-,-,,https://www.cosme.net/contact/report-review/review_id/515975937,1,,認証済,https://www.cosme.net/categories/pchannel/2/,,,,スーパー・ドラッグ,,,,,,,,,,,,,,,,,,50人以上のメンバーにお気に入り登録されています,,,,,,,,,
https://my.cosme.net/open_top/show/user_id/11327672,https://cache-cdn.cosme.net/media/collection/2765/2232/11469187_xs.jpeg,https://my.cosme.net/open_top/show/user_id/11327672,三色パスタ,,30歳,敏感肌,https://my.cosme.net/open_entry_reviewlist/list/user_id/11327672,クチコミ投稿146件,146,3購入品,,2025/11/2 18:33:07,"ツヤタイプのリップが欲しいひとや保湿感もあり発色良くしたいという方には非常に好印象のアイテムです。
シリーズ名にもある落ちにくさとツヤ感を両立している魅力的なリップでした！
詳細をみる",https://www.cosme.net/categories/effect/1018/,ツヤ,https://www.cosme.net/categories/effect/1018/,ツヤ,,,,,,,,,,,,,,,,,,,https://www.cosme.net/reviews/515967978/,,,,,,,現品,,,,,,,,,,,,,,,,-,-,,https://www.cosme.net/contact/report-review/review_id/515967978,1,,認証済,https://www.cosme.net/categories/pchannel/3/,,,,バラエティショップ,,,,,100人以上のメンバーにお気に入り登録されています,,,,,,,,,,,,,,,,,,,,,,
https://my.cosme.net/open_top/show/user_id/9242267,https://pc.assets-cosme.net/images/user/characters/no_image/noimage_xs.gif,https://my.cosme.net/open_top/show/user_id/9242267,めめめ517,,32歳,乾燥肌,https://my.cosme.net/open_entry_reviewlist/list/user_id/9242267,クチコミ投稿55件,55,3購入品,,2025/11/2 16:58:37,"発色はかわいいがツヤが強くかなり落ちやすい印象。可愛いから使うけど、リップモンスターである必要はないかも。
詳細をみる",https://www.cosme.net/categories/effect/1018/,ツヤ,,,,,,,,,,,,,,,,,,,,,https://www.cosme.net/reviews/515967730/,,,,,,,現品,https://www.cosme.net/variations/1185729/,G02 ピンクムーンの雫,https://fitter.cosme.net/media/product/10260/skuimg_1001941.jpg,,,,,,,,,,,,,-,-,-,https://www.cosme.net/contact/report-review/review_id/515967730,1,,,,,,,,,,,,,,,,,,,,,,,,,,,,,,,,,,
https://my.cosme.net/open_top/show/user_id/11461336,https://cache-cdn.cosme.net/media/collection/2798/728/11598071_xs.jpeg,https://my.cosme.net/open_top/show/user_id/11461336,コハクto,,34歳,乾燥肌,https://my.cosme.net/open_entry_reviewlist/list/user_id/11461336,クチコミ投稿120件,120,3購入品,,2025/10/23 10:47:07,"塗った瞬間、ツヤがしっかり出て縦ジワも自然にカバーされてる感じがありました。色味も高発色でぱっと明るさが出たのが嬉しい。特に「G04 ベージュレッド系」「G05 ローズピンク系」がトレンドカラーとして注目されているようです。
詳細をみる",https://www.cosme.net/categories/effect/1018/,ツヤ,,,,,,,,,,,,,,,,,,,,,https://www.cosme.net/reviews/515927187/,,,,,,,現品,,,,,,,,,,,,,,,,-,-,,https://www.cosme.net/contact/report-review/review_id/515927187,1,,認証済,https://www.cosme.net/categories/pchannel/3/,,,,バラエティショップ,,,,,,,,,,,,,,,,,,50人以上のメンバーにお気に入り登録されています,,,,,,,,,
https://my.cosme.net/open_top/show/user_id/11364511,https://cache-cdn.cosme.net/media/collection/2774/2207/11499295_xs.jpeg,https://my.cosme.net/open_top/show/user_id/11364511,ハイハイハイジ,,53歳,混合肌,https://my.cosme.net/open_entry_reviewlist/list/user_id/11364511,クチコミ投稿47件,47,7購入品,,2025/10/22 17:56:03,"G04
◇テクスチャー：伸びが良くしっとりする
◇香り：無香料
◇良い点：保湿を感じる、色持ちがする
◇気になる点：nothing

思った以上にピンクで色馴染みが良い
そして…
想像以上の保湿力
つややかでしっとりする
その分、色持ちが悪いかもと思ったが、全く心配いらない
艶バスターとうたうだけあり、もちろんグロスは不要
おまけに保湿もされている感じがする
凄い！
唇にトラブルもなく毎日快適に使っている
ここ数年の大ヒット品！

かなり柔らかいので出しすぎ注意
そして量は少ないのでコスパがどうかな…
いやいや、もともとプチプラじゃん！
というわけで、文句なしでリピします！
詳細をみる",https://www.cosme.net/categories/ingredient/1009/,無香料,https://www.cosme.net/categories/item/913/,グロス,https://www.cosme.net/tags/tag/5077/,プチプラ,,,,,,,,,,,,,,,,,https://www.cosme.net/reviews/515929116/,,,,,,,現品,https://www.cosme.net/variations/1201785/,G04　スパイダー リリー調香師,https://fitter.cosme.net/media/product/10260/skuimg_1024220.jpg,,,,,,,,,,,,,-,-,-,https://www.cosme.net/contact/report-review/review_id/515929116,1,,,,,,,,,,,,,,,,,,,,,,,,,,,,,,,,,,
https://my.cosme.net/open_top/show/user_id/11327231,https://cache-cdn.cosme.net/media/collection/2765/1791/11469001_xs.jpeg,https://my.cosme.net/open_top/show/user_id/11327231,ぴーまんわーるど,,44歳,普通肌,https://my.cosme.net/open_entry_reviewlist/list/user_id/11327231,クチコミ投稿145件,145,3購入品,,2025/10/10 21:10:43,"ツヤ感と色持ちの両立が本当に優秀！ぷるんとしたツヤが長時間続くのに、ベタつかず軽い塗り心地で快適です。食事をしても色が自然に残っていて、お直しの回数が減りました。乾燥もしにくく、唇がふっくら見えるのも◎。カラバリも魅力的です。
詳細をみる",https://www.cosme.net/categories/effect/1018/,ツヤ,https://www.cosme.net/categories/effect/1018/,ツヤ,,,,,,,,,,,,,,,,,,,https://www.cosme.net/reviews/515871693/,,,,,,,現品,,,,,,,,,,,,,,,,-,-,,https://www.cosme.net/contact/report-review/review_id/515871693,1,,認証済,https://www.cosme.net/categories/pchannel/3/,,,,バラエティショップ,,,,,,,,,,,,,,,,,,50人以上のメンバーにお気に入り登録されています,,,,,,,,,
https://my.cosme.net/open_top/show/user_id/11487885,https://cache-cdn.cosme.net/media/collection/2804/2701/11624428_xs.jpeg,https://my.cosme.net/open_top/show/user_id/11487885,そばやさん,,25歳,乾燥肌,https://my.cosme.net/open_entry_reviewlist/list/user_id/11487885,クチコミ投稿111件,111,4購入品,,2025/10/7 9:43:20,"塗り心地のなめらかさに感動しました。ベタつかず、軽いのにしっかりと唇にフィットしてツヤ感が持続。鏡を見るたびに、うるっとした仕上がりが保たれていてテンションが上がります。色味も鮮やかで、一度塗りでも十分な発色。乾燥も感じず、長時間つけていても唇が荒れなかったのが嬉しい
詳細をみる",https://www.cosme.net/categories/effect/1018/,ツヤ,,,,,,,,,,,,,,,,,,,,,https://www.cosme.net/reviews/515855111/,,,,,,,現品,,,,,,,,,,,,,,,,-,-,,https://www.cosme.net/contact/report-review/review_id/515855111,1,,認証済,https://www.cosme.net/categories/pchannel/3/,,,,バラエティショップ,,,,,,,,,,,,,,,,,,50人以上のメンバーにお気に入り登録されています,,,,,,,,,
https://my.cosme.net/open_top/show/user_id/3022736,https://cache-cdn.cosme.net/images/user/characters/30/mychara27_xs.gif,https://my.cosme.net/open_top/show/user_id/3022736,如月ドロシー,,40歳,混合肌,https://my.cosme.net/open_entry_reviewlist/list/user_id/3022736,クチコミ投稿358件,358,4購入品,,2025/10/6 5:04:07,"お風呂に入っていつも使っているコールドクリームで落とそうとしましたが、割と残ります
いつもなら普通のリプモンは落ちるのに……これすごいですね！
オイルクレンジングの方が良さそうです
それだけ、定着してくれるという事なのかな？

以下、最初の口コミです
↓

楽しみにしておりました！
私が買った薬局では、この色がいちばん売れてました

ツヤツヤで可愛い(*^^*)
リプモンは少し乾燥してたけど、こちらは潤い重視なのかな？

つけて少ししてからコップで飲み物を飲んだけど、ついてないっぽい…かな？
すぐ落ちちゃうなら、これにする必要はないですよね
リプモンといえば落ちない！が、売りでしょうからね
1番を選んで一度塗りしましたが、ブルベ冬さん向けかもしれないけど、つけても浮きませんでした
2番目の色って、リプモンのピンクバナナに近い？
3番目はわかんないや笑

もしかして、リプモンの上から重ねたら落ちないのでは……？
こちらを先につけてリプモンつけるのもアリなのかな

まだしっかりと飲食もしてないし、マスクもしてなかったので様子見も兼ねてのクチコミです

ところで毎回、色名が面白いというかどうしてそれにしたんだ？と思います
ディスではなく、褒めております笑
詳細をみる",https://www.cosme.net/categories/item/1002/,オイルクレンジング,https://www.cosme.net/categories/effect/1018/,ツヤ,https://www.cosme.net/categories/effect/1018/,ツヤ,,,,,,,,,,,,,,,,,https://www.cosme.net/reviews/514234561/,,,,,,,現品,https://www.cosme.net/variations/1185728/,G01 明後日の水たまり,https://fitter.cosme.net/media/product/10260/skuimg_1001938.jpg,,,,,,,,,,,,,-,,,https://www.cosme.net/contact/report-review/review_id/514234561,1,,認証済,https://www.cosme.net/categories/pchannel/2/,https://www.cosme.net/categories/effect/1002/,https://www.cosme.net/categories/effect/1013/,https://www.cosme.net/categories/effect/1018/,スーパー・ドラッグ,https://www.cosme.net/categories/effect/1030/,うるおい,https://www.cosme.net/categories/effect/1064/,ナチュラルメイク,,https://www.cosme.net/categories/effect/1028/,ツヤ,https://www.cosme.net/categories/effect/1021/,肌の透明感・薄づき,,立体感,,,,,,,50人以上のメンバーにお気に入り登録されています,,,フィット感,,発色がよい,,,,
https://my.cosme.net/open_top/show/user_id/11209451,https://cache-cdn.cosme.net/media/collection/2736/2795/11375504_xs.jpeg,https://my.cosme.net/open_top/show/user_id/11209451,あーもんど畑,,34歳,普通肌,https://my.cosme.net/open_entry_reviewlist/list/user_id/11209451,クチコミ投稿139件,139,3購入品,,2025/9/26 9:31:47,"肌に自然なツヤ感を与えてくれるアイテムです。軽いテクスチャーで肌にスムーズに馴染み、乾燥を防ぎながらしっとりと仕上がります。メイクの仕上がりが一段と美しく、乾燥しやすい肌にもぴったり。肌に透明感が出るので、素肌感を大切にしたい方におすすめです。
詳細をみる",https://www.cosme.net/categories/effect/1018/,ツヤ,,,,,,,,,,,,,,,,,,,,,https://www.cosme.net/reviews/515803358/,,,,,,,現品,,,,,,,,,,,,,,,,-,-,,https://www.cosme.net/contact/report-review/review_id/515803358,1,,認証済,https://www.cosme.net/categories/pchannel/3/,,,,バラエティショップ,,,,,,,,,,,,,,,,,,50人以上のメンバーにお気に入り登録されています,,,,,,,,,
https://my.cosme.net/open_top/show/user_id/297455,https://cache-cdn.cosme.net/images/user/characters/30/mychara27_xs.gif,https://my.cosme.net/open_top/show/user_id/297455,那魅,,46歳,脂性肌,https://my.cosme.net/open_entry_reviewlist/list/user_id/297455,クチコミ投稿876件,876,6購入品リピート,リピート,,"惹かれる色があったので２本買い足しました！

【G05 ピンクロビンの泉】
濃いめの赤紫。顔がくっきりするタイプの色です。
06AM2:00と12誓いのルビーと比較してみると誓いのルビーの方にかなり寄ってます。
こちらの方がピンク味がかかってる感じです。
これをつけると目元のメイクをばっちりしているように見えるそうなので、一重細目の自分には大変ありがたい効果です。

【EX-1 哀愁の亡霊】
2025年秋の限定色です。しっかり色づくブラウン系。
オーブのタイムレスルージュのチョコレートコスモスに似てます。青味と濃さとツヤを足した感じ。
唇の真ん中をチョコレートコスモス、両端にコレを塗ると自然なグラデで立体感が出ます。
（色味の違いを見るために隣に塗ってみて発見。コレ立体感が出てすごくいい）
そして、この色、めっちゃモチがいい！
ツヤバースというかリプモンは濃い色ほど色味が残る気がします。

今回の２色はどちらともブルべ冬の自分には大当たりでした。
顔色がはっきりと明るく、ちょっと色白に見えちゃう色で、ツヤもプラス効果で効いている気がします。

夏なので持ち歩くと柔らかくなってしまい、つきすぎてしまうのだけがちょっと困ります。
今は朝イチの使用にとどめて、直し用には別のものを持ち歩こうと思います。

色味とモチが大当たりだったので、★１上げます。


↓↓　2025/2/19 の口コミ ↓↓

たまたま行った渋谷サクラステージで、まさかのKATE旗艦店を発見して購入しました。
ここはリップモンスターが全種全色揃っている上、全色のテスターがあるので
探している人、色に迷ってる人には超オススメです。

【G02 ピンクムーンの雫】
エスプリークのルージュグラッセ（口紅）が大好きだったけれどもう何年も音沙汰がないので新色をあきらめていました。一番気に入っていた色は限定色でもう手に入らないし……
が、そっくりなものがリプモンから出ていて歓喜歓喜！
この２つ、容器の形状が似てるだけでなく内容量（1.6ｇ）までいっしょです笑
（ちなみにルージュグラッセの方は出しすぎた分は元に戻せました）

下地なしでもなめらかに瑞々しく塗れます。
発色もいいし、色味がめちゃくちゃカワイイ。
この季節、素の唇から血色が消えてしまうのが悩みなのですが、健康的に色づきます。

色持ちは……。
なんとなく残ります。
ニュアンスで残ります。
食べてもすっぴんにはならない感じ。
それ以上、言えることはないです笑。

正直ツヤバースの初回３色でブルべ冬に合う色はなかったと思ってます。
新色に期待しています！

あと今回で口コミ800件目でした。買ったなぁ笑
詳細をみる",https://www.cosme.net/categories/effect/1018/,ツヤ,https://www.cosme.net/categories/effect/1064/,立体感,https://www.cosme.net/categories/effect/1064/,立体感,https://www.cosme.net/categories/effect/1018/,ツヤ,https://www.cosme.net/categories/effect/1018/,ツヤ,https://www.cosme.net/categories/item/913/,口紅,https://www.cosme.net/categories/effect/1018/,ツヤ,,,,,,,,,https://www.cosme.net/reviews/514799898/,,,,,,,現品,https://www.cosme.net/variations/1218653/,EX-1 哀愁の亡霊,https://fitter.cosme.net/media/product/10260/skuimg_1056320.jpg,https://www.cosme.net/variations/1201786/,G05　ピンク ロビンの泉,https://fitter.cosme.net/media/product/10260/skuimg_1024222.jpg,https://www.cosme.net/variations/1185729/,G02 ピンクムーンの雫,https://fitter.cosme.net/media/product/10260/skuimg_1001941.jpg,,,,,,,-,,,https://www.cosme.net/contact/report-review/review_id/514799898,1,,認証済,https://www.cosme.net/categories/pchannel/8/,https://www.cosme.net/categories/effect/1002/,https://www.cosme.net/categories/effect/1018/,https://www.cosme.net/categories/effect/1064/,独立店舗・サロン,https://www.cosme.net/categories/effect/1028/,うるおい,https://www.cosme.net/categories/effect/1021/,ツヤ,,,立体感,,フィット感,,発色がよい,,,,,,2025/9/24 10:53:31,50人以上のメンバーにお気に入り登録されています,,,,,,,,,
https://my.cosme.net/open_top/show/user_id/992453,https://pc.assets-cosme.net/images/user/characters/no_image/noimage_xs.gif,https://my.cosme.net/open_top/show/user_id/992453,さくまれい,,50歳,乾燥肌,https://my.cosme.net/open_entry_reviewlist/list/user_id/992453,クチコミ投稿32件,32,5購入品,,2025/9/20 22:19:29,"限定色のようでダークな色合いが気に入りました。

朝、直塗りしてから少し時間を置いて（5分くらい？）ティッシュオフしてます。その後そのまま朝食も食べていますが職場に行っても結構しっかり色が残ってます。
詳細をみる",https://www.cosme.net/categories/item/1154/,ティッシュ,,,,,,,,,,,,,,,,,,,,,https://www.cosme.net/reviews/515784464/,,,,,,,現品,https://www.cosme.net/variations/1218653/,EX-1 哀愁の亡霊,https://fitter.cosme.net/media/product/10260/skuimg_1056320.jpg,,,,,,,,,,,,,-,-,,https://www.cosme.net/contact/report-review/review_id/515784464,1,,,https://www.cosme.net/categories/pchannel/4/,,,,化粧品専門店,,,,,,,,,,,,,,,,,,,,,,,,,,,
https://my.cosme.net/open_top/show/user_id/6649025,https://pc.assets-cosme.net/images/user/characters/no_image/noimage_xs.gif,https://my.cosme.net/open_top/show/user_id/6649025,のんちゃちゃのん,,28歳,混合肌,https://my.cosme.net/open_entry_reviewlist/list/user_id/6649025,クチコミ投稿24件,24,6購入品,,2025/9/6 12:40:55,"するする塗れて便利！
詳細をみる",,,,,,,,,,,,,,,,,,,,,,,https://www.cosme.net/reviews/515709618/,,,,,,,現品,,,,,,,,,,,,,,,,-,-,-,https://www.cosme.net/contact/report-review/review_id/515709618,1,,,,,,,,,,,,,,,,,,,,,,,,,,,,,,,,,,
https://my.cosme.net/open_top/show/user_id/10901714,https://pc.assets-cosme.net/images/user/characters/no_image/noimage_xs.gif,https://my.cosme.net/open_top/show/user_id/10901714,ぽん082,,37歳,混合肌,https://my.cosme.net/open_entry_reviewlist/list/user_id/10901714,クチコミ投稿9件,9,5購入品リピート,リピート,2025/9/5 13:34:42,"普通のリプモンよりしっとりしているので、これ一本でも
乾燥しないので気に入っています。
詳細をみる",,,,,,,,,,,,,,,,,,,,,,,https://www.cosme.net/reviews/515704762/,,,,,,,現品,,,,,,,,,,,,,,,,-,-,-,https://www.cosme.net/contact/report-review/review_id/515704762,1,,,,,,,,,,,,,,,,,,,,,,,,,,,,,,,,,,
https://my.cosme.net/open_top/show/user_id/2670175,https://cache-cdn.cosme.net/media/collection/651/3679/5975428_xs.jpeg,https://my.cosme.net/open_top/show/user_id/2670175,美容にゃんこ,,41歳,普通肌,https://my.cosme.net/open_entry_reviewlist/list/user_id/2670175,クチコミ投稿238件,238,2購入品,,,"限定色が可愛かったので購入しました。
実際に塗ってみるとめっちゃ色が可愛い！彩度高くて鮮やかで目を引く赤リップ。

だけど塗る時にきれいに塗れずにムラになっちゃうし、柔らかいリップだからうまく塗れないからと調整してるうちに必要量以上に溶けちゃって、使いづらいなという印象です。
塗ったあとも飲食しないならいいんですが、これ塗って食べてってしたあとの落ち方が本当にきれいじゃない。食べ物触れたところだけごっそり色が剥げてて、他の部分はガッツリ残ってて境目が分かる感じ。もっとぼんやり落ちて欲しい。全然落ちにくいことはないし、食器にも着くし、お出かけには使いにくい。

本当に発色もツヤ感も可愛いんだけど、使いどころが難しいです。
詳細をみる",https://www.cosme.net/categories/effect/1020/,落ちにくい,https://www.cosme.net/categories/effect/1018/,ツヤ,,,,,,,,,,,,,,,,,,,https://www.cosme.net/reviews/515668237/,,,,,,,現品,https://www.cosme.net/variations/1218654/,EX-2 悪魔の快楽,https://fitter.cosme.net/media/product/10260/skuimg_1056321.jpg,,,,,,,,,,,,,,,,https://www.cosme.net/contact/report-review/review_id/515668237,1,,認証済,https://www.cosme.net/categories/pchannel/2/,https://www.cosme.net/categories/effect/1018/,https://www.cosme.net/categories/effect/1021/,https://www.cosme.net/tags/tag/619229/,スーパー・ドラッグ,https://www.cosme.net/tags/tag/5078/,ツヤ,https://www.cosme.net/tags/tag/5032/,発色がよい,100人以上のメンバーにお気に入り登録されています,https://www.cosme.net/tags/tag/89071/,ツヤバース,https://www.cosme.net/tags/tag/6285/,スリム,,保湿,,,,,,2025/8/29 13:28:23,,,,縦ジワカバー,,シアー,,,,
https://my.cosme.net/open_top/show/user_id/7956677,https://pc.assets-cosme.net/images/user/characters/no_image/noimage_xs.gif,https://my.cosme.net/open_top/show/user_id/7956677,@ひので,,44歳,混合肌,https://my.cosme.net/open_entry_reviewlist/list/user_id/7956677,クチコミ投稿25件,25,5購入品,,2025/8/28 22:49:00,"1番仕事や普段使いしやすくて美肌に見えたのはG04スパイダーリリー調香師。絶対リピする！

次に良かったのは限定色のEX02悪魔の快楽。真っ赤で映えるけど仕事で使うには迷う、ポンポン塗りでもパキッと赤め。

ex01哀愁の亡霊はミッツマングローブさんがつけてそうなダークで不健康そうなヴィランな色。ハロウィンコスならいいけど私はつけていく場面がないかなー。

ほとんどの口紅や他のリプモンだとすぐ皮剥けして使えるリップが少ない私でもこれは大丈夫だった！ありがたい！！
詳細をみる",https://www.cosme.net/categories/item/913/,口紅,,,,,,,,,,,,,,,,,,,,,https://www.cosme.net/reviews/515666374/,,,,,,,現品,https://www.cosme.net/variations/1218653/,EX-1 哀愁の亡霊,https://fitter.cosme.net/media/product/10260/skuimg_1056320.jpg,https://www.cosme.net/variations/1218654/,EX-2 悪魔の快楽,https://fitter.cosme.net/media/product/10260/skuimg_1056321.jpg,https://www.cosme.net/variations/1201785/,G04　スパイダー リリー調香師,https://fitter.cosme.net/media/product/10260/skuimg_1024220.jpg,,,,,,,-,,,https://www.cosme.net/contact/report-review/review_id/515666374,1,,認証済,https://www.cosme.net/categories/pchannel/2/,https://www.cosme.net/categories/effect/1002/,https://www.cosme.net/categories/effect/1018/,https://www.cosme.net/categories/effect/1020/,スーパー・ドラッグ,,うるおい,,ツヤ,,,持ちがよい・落ちにくい,,,,,,,,,,,,,,,,,,,,
https://my.cosme.net/open_top/show/user_id/5859408,https://cache-cdn.cosme.net/media/collection/1430/2128/9908653_xs.jpeg,https://my.cosme.net/open_top/show/user_id/5859408,Ramu｡,,28歳,乾燥肌,https://my.cosme.net/open_entry_reviewlist/list/user_id/5859408,クチコミ投稿72件,72,7購入品,,2025/8/26 9:29:43,"カサカサの唇もぷるぷるに見せてくれるので
とってもいい！
ベージュ系のリップライナーをすると
なおのことツヤ感が際立つので好きです

今回は、限定色を購入！
店舗を探し回ってようやく見つけました
色味もドンピシャで可愛い！
重ね塗りも良きです。
薄く馴染ませると
唇の色も透けるので馴染ませやすく
ふだんもいけます！

色落ちはするとけど
このツヤは最高です
詳細をみる",https://www.cosme.net/categories/item/913/,リップライナー,https://www.cosme.net/categories/effect/1018/,ツヤ,https://www.cosme.net/categories/effect/1018/,ツヤ,,,,,,,,,,,,,,,,,https://www.cosme.net/reviews/515653614/,https://www.cosme.net/reviews/515653614/photo-1/,https://cache-cdn.cosme.net/media/collection/1430/2128/11510360_l.jpg,,,,,現品,,,,,,,,,,,,,,,,-,-,,https://www.cosme.net/contact/report-review/review_id/515653614,1,,認証済,https://www.cosme.net/categories/effect/1002/,https://www.cosme.net/categories/effect/1018/,https://www.cosme.net/categories/effect/1020/,https://www.cosme.net/categories/effect/1021/,うるおい,,ツヤ,,持ちがよい・落ちにくい,,,発色がよい,,,,,,,,,,,,,,,,,,,,
https://my.cosme.net/open_top/show/user_id/11356230,https://cache-cdn.cosme.net/media/collection/2772/2118/11490103_xs.jpeg,https://my.cosme.net/open_top/show/user_id/11356230,つや玉探検隊,,26歳,混合肌,https://my.cosme.net/open_entry_reviewlist/list/user_id/11356230,クチコミ投稿128件,128,5購入品,,2025/8/21 23:58:57,"発色がとても鮮やかで少量でもしっかり色がつく！
ツヤ感がありながらベタつかず唇が乾燥せずにしっとり仕上がります♪
長時間つけていても色落ちしにくく食事の後も色が残ってくれます。
パッケージも可愛くてポーチに入れて持ち歩きやすいサイズ感です♪
詳細をみる",https://www.cosme.net/categories/effect/1018/,ツヤ,,,,,,,,,,,,,,,,,,,,,https://www.cosme.net/reviews/515635820/,,,,,,,現品,,,,,,,,,,,,,,,,-,,,https://www.cosme.net/contact/report-review/review_id/515635820,1,,認証済,https://www.cosme.net/categories/pchannel/3/,https://www.cosme.net/categories/effect/1018/,https://www.cosme.net/categories/effect/1028/,,バラエティショップ,,ツヤ,,フィット感,,,,,,,,,,,,25人以上のメンバーにお気に入り登録されています,,,,,,,,,,,
https://my.cosme.net/open_top/show/user_id/9973790,https://cache-cdn.cosme.net/images/user/characters/30/mychara09_xs.gif,https://my.cosme.net/open_top/show/user_id/9973790,pinkberry5865,,30歳,普通肌,https://my.cosme.net/open_entry_reviewlist/list/user_id/9973790,クチコミ投稿23件,23,評価しない購入品,,2025/8/21 18:06:00,"ドラストでピンクムーンの雫を購入しました。

スリムなスティックで持ち運びしやすいです。

可愛らしいお色で、艶も出て良かったのですが、普通のリプモンと艶バースリプモンのどちらも落ちにくい、色が残るというのは誇大広告すぎるかなと。

ひとつのメーカーに限らず、化粧品業界全体に主流化し蔓延してきたステマ、インフルエンサー、画像加工という法令違反の広告手段のせいで、それまで好感があったメーカーで商品がそれなりのメーカーであっても、化粧品業界全体への好感度や信頼が大きく下がってきています。

規制強化後は動画のステマ時代から、店頭ポップアップの画像が直に誇大広告というメーカーも結構あり、旧業者へのギフトを事業者外に広げ、内容の指示をしない事で景品掲示法・ステマ規制のグレーゾーンを狙う傾向がありますね。

各口コミサイトでも事業者と非事業者・ライターの区別が自己申告のため依然としてユーザーからは確認手段が乏しく一方通行のため、景品表示法・ステマ規制にはまだまだ改良が求められると思います。

業界全体として価格が原料高等以上の幅に上がり、アジア輸入コスメが旧ドラッグストアのメーカー品の価格帯となり、それまでアジアコスメ価格帯だったメーカーが示し合わせるように一斉にデパコス価格帯へ上げた印象。
某要因により価格競争が起きていない業種なんだと思います(笑)
詳細をみる",https://www.cosme.net/categories/effect/1020/,落ちにくい,https://www.cosme.net/categories/pchannel/2/,ドラッグストア,,,,,,,,,,,,,,,,,,,https://www.cosme.net/reviews/515620948/,,,,,,,現品,https://www.cosme.net/variations/1185729/,G02 ピンクムーンの雫,https://fitter.cosme.net/media/product/10260/skuimg_1001941.jpg,,,,,,,,,,,,,,,,https://www.cosme.net/contact/report-review/review_id/515620948,1,,,https://www.cosme.net/categories/pchannel/2/,https://www.cosme.net/categories/effect/1013/,https://www.cosme.net/categories/effect/1018/,https://www.cosme.net/categories/effect/1028/,スーパー・ドラッグ,https://www.cosme.net/tags/tag/5078/,ナチュラルメイク,,ツヤ,,,フィット感,,スリム,,,,,,,,,,,,,,,,,,
https://my.cosme.net/open_top/show/user_id/6758786,https://pc.assets-cosme.net/images/user/characters/no_image/noimage_xs.gif,https://my.cosme.net/open_top/show/user_id/6758786,★reicheru★,,33歳,乾燥肌,https://my.cosme.net/open_entry_reviewlist/list/user_id/6758786,クチコミ投稿43件,43,6購入品,,2025/8/19 13:52:25,"色にめちゃくちゃ迷いましたが、G04が多かったので購入！！

通常のリップモンスターは使ったことはありましたが、今回のは色もしっかりつくし、ツヤ感も出てくれるし、1本でキマる感じです。

色もあまり派手すぎるのは嫌だったのですが、肌馴染みもよく、とても気に入りました！

使い始めてほぼ毎日つけてます
使い終わったらまたリピしたいです！
詳細をみる",https://www.cosme.net/categories/effect/1018/,ツヤ,,,,,,,,,,,,,,,,,,,,,https://www.cosme.net/reviews/515623414/,,,,,,,現品,,,,,,,,,,,,,,,,-,-,-,https://www.cosme.net/contact/report-review/review_id/515623414,1,,,,,,,,,,,,,,,,,,,,,,,,,,,,,,,,,,
https://my.cosme.net/open_top/show/user_id/10953939,https://cache-cdn.cosme.net/media/collection/2674/1235/11164465_xs.jpeg,https://my.cosme.net/open_top/show/user_id/10953939,もすばぁがぁ,,29歳,乾燥肌,https://my.cosme.net/open_entry_reviewlist/list/user_id/10953939,クチコミ投稿142件,142,6購入品,,2025/8/5 14:20:40,"発色がとても綺麗でお気に入りです柔らかいテクスチャーでとても使いやすかったしカラーの持続性が高くてよかったです。
細めのスティックタイプで使いやすかったしお気に入りです^ ^
詳細をみる",,,,,,,,,,,,,,,,,,,,,,,https://www.cosme.net/reviews/515559530/,,,,,,,現品,,,,,,,,,,,,,,,,-,-,,https://www.cosme.net/contact/report-review/review_id/515559530,1,,認証済,https://www.cosme.net/categories/pchannel/2/,,,,スーパー・ドラッグ,,,,,,,,,,,,,,,,,,50人以上のメンバーにお気に入り登録されています,,,,,,,,,
https://my.cosme.net/open_top/show/user_id/11046120,https://cache-cdn.cosme.net/media/collection/2696/3304/11292031_xs.jpeg,https://my.cosme.net/open_top/show/user_id/11046120,10もも,,16歳,混合肌,https://my.cosme.net/open_entry_reviewlist/list/user_id/11046120,クチコミ投稿10件,10,7購入品,,2025/7/9 17:20:02,"リップモンスターだと荒れてしまい苦手でした。しかしこちらの商品は保湿感があって荒れずらくお気入りです。コンパクトで持ち運びしやすく05の色味も見かけよりも薄づきで綺麗なのでリピートしたいです。
詳細をみる",https://www.cosme.net/categories/effect/1030/,薄づき,,,,,,,,,,,,,,,,,,,,,https://www.cosme.net/reviews/515450644/,,,,,,,現品,https://www.cosme.net/variations/1201786/,G05　ピンク ロビンの泉,https://fitter.cosme.net/media/product/10260/skuimg_1024222.jpg,,,,,,,,,,,,,-,,,https://www.cosme.net/contact/report-review/review_id/515450644,1,,,https://www.cosme.net/categories/pchannel/2/,https://www.cosme.net/categories/effect/1002/,https://www.cosme.net/categories/effect/1018/,https://www.cosme.net/categories/effect/1020/,スーパー・ドラッグ,https://www.cosme.net/categories/effect/1021/,うるおい,https://www.cosme.net/categories/effect/1086/,ツヤ,,,持ちがよい・落ちにくい,,発色がよい,,コストパフォーマンス,,,,,,,,,,,,,,,,
https://my.cosme.net/open_top/show/user_id/155930,https://cache-cdn.cosme.net/images/user/characters/30/mychara09_xs.gif,https://my.cosme.net/open_top/show/user_id/155930,雪焼け,10人以上のメンバーにお気に入り登録されています,37歳,混合肌,https://my.cosme.net/open_entry_reviewlist/list/user_id/155930,クチコミ投稿287件,287,4購入品,,2025/7/2 23:34:14,"とりあえず黄みがあれば似合うタイプです。
落ち着いたベージュレッド系でカラーチャートだと黄み寄りのピンクという感じですが、私の場合は唇の色が濃いせいかわりとローズ寄りで濃いめの発色になりました。
ツヤも相まってかなり華やかな雰囲気になるので、しっかりメイク＋ピンク系チークを使ったときが出番です。
塗りやすい形状で膜のようなツヤが出るのがいいですね。

落ちにくくはありますが、飲食のあとは塗り直しが必要。
一日繰り返し塗り直していたら、唇が疲れたのか後半はけっこうショボショボした感じになってしまいました。
詳細をみる",https://www.cosme.net/categories/effect/1018/,ツヤ,https://www.cosme.net/categories/item/914/,チーク,https://www.cosme.net/categories/effect/1018/,ツヤ,,,,,,,,,,,,,,,,,https://www.cosme.net/reviews/515417789/,,,,,,,現品,https://www.cosme.net/variations/1201785/,G04　スパイダー リリー調香師,https://fitter.cosme.net/media/product/10260/skuimg_1024220.jpg,,,,,,,,,,,,,-,,,https://www.cosme.net/contact/report-review/review_id/515417789,1,,認証済,https://www.cosme.net/categories/pchannel/2/,https://www.cosme.net/categories/effect/1018/,https://www.cosme.net/categories/effect/1064/,https://www.cosme.net/categories/effect/1021/,スーパー・ドラッグ,,ツヤ,,立体感,,,発色がよい,,,,,,,,,,,,,,,,,,,,
https://my.cosme.net/open_top/show/user_id/2642023,https://pc.assets-cosme.net/images/user/characters/no_image/noimage_xs.gif,https://my.cosme.net/open_top/show/user_id/2642023,ukiyogara,10人以上のメンバーにお気に入り登録されています,48歳,敏感肌,https://my.cosme.net/open_entry_reviewlist/list/user_id/2642023,クチコミ投稿58件,58,3購入品,,2025/7/2 3:36:12,"ツヤは割とすぐなくなるけど色は本当に落ちない
パーソナルカラー冬なので01を選んだ
似合う色ではあったけど想像より彩度が高かった
口角が微妙に塗りづらい　

追記
カサついたり剥けたりはしないんだけどなんか1日終わったあと唇が疲れている感じがする

さらに追記
真夏になりなんだかんだで出番が増えている
なぜならしょっちゅう水分補給するのだけど水筒の飲み口に全くつかないから
詳細をみる",https://www.cosme.net/categories/effect/1018/,ツヤ,https://www.cosme.net/tags/tag/14807/,パーソナルカラー,,,,,,,,,,,,,,,,,,,https://www.cosme.net/reviews/515412654/,,,,,,,現品,https://www.cosme.net/variations/1185728/,G01 明後日の水たまり,https://fitter.cosme.net/media/product/10260/skuimg_1001938.jpg,,,,,,,,,,,,,-,-,-,https://www.cosme.net/contact/report-review/review_id/515412654,1,,,,,,,,,,,,,,,,,,,,,,,,,,,,,,,,,,
https://my.cosme.net/open_top/show/user_id/58780,https://cache-cdn.cosme.net/images/user/characters/30/mychara13_xs.gif,https://my.cosme.net/open_top/show/user_id/58780,羽鳥,,41歳,敏感肌,https://my.cosme.net/open_entry_reviewlist/list/user_id/58780,クチコミ投稿180件,180,5購入品,,2025/7/1 13:25:31,"ツヤが素敵。
細みで塗りやすい。
カラーが大人も取り入れやすい。
荒れることなく使えてます。
ツヤのある分持ちは悪いですが、
変な色残りがしないのでリタッチもしやすいです。
詳細をみる",https://www.cosme.net/categories/effect/1018/,ツヤ,https://www.cosme.net/categories/effect/1018/,ツヤ,,,,,,,,,,,,,,,,,,,https://www.cosme.net/reviews/515408317/,,,,,,,現品,https://www.cosme.net/variations/1201785/,G04　スパイダー リリー調香師,https://fitter.cosme.net/media/product/10260/skuimg_1024220.jpg,,,,,,,,,,,,,-,-,-,https://www.cosme.net/contact/report-review/review_id/515408317,1,,認証済,,,,,,,,,,,,,,,,,,,,,,,,,,,,,,,,5人以上のメンバーにお気に入り登録されています
https://my.cosme.net/open_top/show/user_id/4493735,https://cache-cdn.cosme.net/media/collection/1097/423/8287309_xs.jpeg,https://my.cosme.net/open_top/show/user_id/4493735,裂.,,37歳,乾燥肌,https://my.cosme.net/open_entry_reviewlist/list/user_id/4493735,クチコミ投稿47件,47,6購入品,,2025/6/30 23:16:13,"リップモンスターは色持ちは本当にいいのですが、唇の皮むけが気になりますが、こちらのツヤタイプは皮むけしないし持ちもいいし良かった
詳細をみる",https://www.cosme.net/categories/effect/1018/,ツヤ,,,,,,,,,,,,,,,,,,,,,https://www.cosme.net/reviews/515405976/,,,,,,,現品,,,,,,,,,,,,,,,,-,-,-,https://www.cosme.net/contact/report-review/review_id/515405976,1,,,,,,,,,,,,,,,,,,,,,,,,,,,,,,,,,,
https://my.cosme.net/open_top/show/user_id/10220534,https://pc.assets-cosme.net/images/user/characters/no_image/noimage_xs.gif,https://my.cosme.net/open_top/show/user_id/10220534,もぴ3,,40歳,普通肌,https://my.cosme.net/open_entry_reviewlist/list/user_id/10220534,クチコミ投稿5件,5,6購入品,,2025/6/29 12:02:21,"ツヤツヤになります。リップの減りは早そうですが、リピートすると思います。
詳細をみる",https://www.cosme.net/categories/effect/1018/,ツヤ,https://www.cosme.net/categories/effect/1018/,ツヤ,,,,,,,,,,,,,,,,,,,https://www.cosme.net/reviews/515397839/,,,,,,,現品,https://www.cosme.net/variations/1201785/,G04　スパイダー リリー調香師,https://fitter.cosme.net/media/product/10260/skuimg_1024220.jpg,,,,,,,,,,,,,-,-,,https://www.cosme.net/contact/report-review/review_id/515397839,1,,,https://www.cosme.net/categories/effect/1020/,,,,持ちがよい・落ちにくい,,,,,,,,,,,,,,,,,,,,,,,,,,,
https://my.cosme.net/open_top/show/user_id/4714647,https://cache-cdn.cosme.net/media/collection/1151/151/11365171_xs.jpeg,https://my.cosme.net/open_top/show/user_id/4714647,nana_baby,10人以上のメンバーにお気に入り登録されています,32歳,混合肌,https://my.cosme.net/open_entry_reviewlist/list/user_id/4714647,クチコミ投稿29件,29,6購入品,,2025/6/27 20:34:48,"ツヤバース。従来のものよりも乾燥しない点と名の通り艶っぽい質感が最高です。
ツヤはおちても色は割と残ってくれ、塗り直しも手間じゃありません。

すでに3、4本使っておりますが
コスパ最高なので使い続けたいです！
お気に入りカラーは明後日の水たまり
ブルベにピッタリ、綺麗な肌にみせてくれます。
詳細をみる",https://www.cosme.net/categories/effect/1018/,ツヤ,https://www.cosme.net/categories/effect/1018/,ツヤ,,,,,,,,,,,,,,,,,,,https://www.cosme.net/reviews/515390827/,,,,,,,現品,https://www.cosme.net/variations/1185728/,G01 明後日の水たまり,https://fitter.cosme.net/media/product/10260/skuimg_1001938.jpg,,,,,,,,,,,,,-,-,,https://www.cosme.net/contact/report-review/review_id/515390827,1,,認証済,https://www.cosme.net/categories/effect/1002/,https://www.cosme.net/categories/effect/1018/,https://www.cosme.net/categories/effect/1021/,https://www.cosme.net/categories/effect/1086/,うるおい,,ツヤ,,発色がよい,,,コストパフォーマンス,,,,,,,,,,,,,,,,,,,,
https://my.cosme.net/open_top/show/user_id/10934596,https://cache-cdn.cosme.net/media/collection/2669/2372/11145528_xs.jpeg,https://my.cosme.net/open_top/show/user_id/10934596,ちょここどりんく,,40歳,混合肌,https://my.cosme.net/open_entry_reviewlist/list/user_id/10934596,クチコミ投稿140件,140,4購入品,,2025/6/27 10:57:58,"スティックタイプでつやつやの仕上がりになるからリピートして愛用しています。
色持ちも良かったし発色もめちゃくちゃ濃いめで綺麗なのでお値段以上のクオリティーでした(o^^o)
詳細をみる",,,,,,,,,,,,,,,,,,,,,,,https://www.cosme.net/reviews/515383631/,,,,,,,現品,,,,,,,,,,,,,,,,-,-,,https://www.cosme.net/contact/report-review/review_id/515383631,1,,認証済,https://www.cosme.net/categories/pchannel/2/,,,,スーパー・ドラッグ,,,,,,,,,,,,,,,,,,50人以上のメンバーにお気に入り登録されています,,,,,,,,,
https://my.cosme.net/open_top/show/user_id/2005808,https://pc.assets-cosme.net/images/user/characters/no_image/noimage_xs.gif,https://my.cosme.net/open_top/show/user_id/2005808,いちばんすきなスイーツ,,42歳,敏感肌,https://my.cosme.net/open_entry_reviewlist/list/user_id/2005808,クチコミ投稿44件,44,4購入品,,2025/6/22 23:04:17,"なかなか渋い色に発色しました。
色については少しイメージと違っていましたが、ツヤ・持ちは良く、まずまずの評価です。
詳細をみる",https://www.cosme.net/categories/effect/1018/,ツヤ,,,,,,,,,,,,,,,,,,,,,https://www.cosme.net/reviews/515367625/,,,,,,,現品,https://www.cosme.net/variations/1201785/,G04　スパイダー リリー調香師,https://fitter.cosme.net/media/product/10260/skuimg_1024220.jpg,,,,,,,,,,,,,-,-,-,https://www.cosme.net/contact/report-review/review_id/515367625,1,,,,,,,,,,,,,,,,,,,,,,,,,,,,,,,,,,5人以上のメンバーにお気に入り登録されています
https://my.cosme.net/open_top/show/user_id/10770217,https://cache-cdn.cosme.net/media/collection/2629/1833/10984162_xs.jpeg,https://my.cosme.net/open_top/show/user_id/10770217,ぶるーべりーみるく,,29歳,脂性肌,https://my.cosme.net/open_entry_reviewlist/list/user_id/10770217,クチコミ投稿146件,146,6購入品,,2025/6/19 21:56:34,"リップモンスターが良くてツヤバースも迷わず購入

スリムなパッケージだから持ち運びに嵩張らず
柔らかいテクスチャーだから塗りやすいし
ツヤ感や保湿感もあるから最高に良かった。
他のカラーも試してみようと思います！
詳細をみる",https://www.cosme.net/categories/effect/1018/,ツヤ,https://www.cosme.net/categories/effect/1018/,ツヤ,,,,,,,,,,,,,,,,,,,https://www.cosme.net/reviews/515352856/,,,,,,,現品,,,,,,,,,,,,,,,,-,-,-,https://www.cosme.net/contact/report-review/review_id/515352856,1,,認証済,,,,,,,,,,100人以上のメンバーにお気に入り登録されています,,,,,,,,,,,,,,,,,,,,,,
https://my.cosme.net/open_top/show/user_id/10934477,https://cache-cdn.cosme.net/media/collection/2669/2253/11145334_xs.jpeg,https://my.cosme.net/open_top/show/user_id/10934477,まぜそば好き,,39歳,乾燥肌,https://my.cosme.net/open_entry_reviewlist/list/user_id/10934477,クチコミ投稿140件,140,4購入品,,2025/6/18 11:02:53,"うるおいのある仕上がりがとても可愛かったです。
細めのタイプなので塗りやすくコスパも良かったのでお気に入り
リップモンスターシリーズは裏切りがないので大好きです！
詳細をみる",https://www.cosme.net/categories/effect/1002/,うるおい,,,,,,,,,,,,,,,,,,,,,https://www.cosme.net/reviews/515337735/,,,,,,,現品,,,,,,,,,,,,,,,,-,-,,https://www.cosme.net/contact/report-review/review_id/515337735,1,,認証済,https://www.cosme.net/categories/pchannel/3/,,,,バラエティショップ,,,,,100人以上のメンバーにお気に入り登録されています,,,,,,,,,,,,,,,,,,,,,,
https://my.cosme.net/open_top/show/user_id/3688496,https://cache-cdn.cosme.net/images/user/characters/30/mychara09_xs.gif,https://my.cosme.net/open_top/show/user_id/3688496,まぁひmama,10人以上のメンバーにお気に入り登録されています,39歳,混合肌,https://my.cosme.net/open_entry_reviewlist/list/user_id/3688496,クチコミ投稿26件,26,4購入品,,2025/6/15 6:40:29,"普段は、普通のリップモンスターの綿雲33000ftを使っています。初めてツヤバースを買いましたが、細身スティックの塗りやすさ、ツヤ感が気に入りました。色持ちは、普通のリップモンスターの方が良い気がします。
こまめに塗り直しが出来れば普段使いにも良い気がします。
詳細をみる",https://www.cosme.net/categories/effect/1018/,ツヤ,https://www.cosme.net/categories/effect/1018/,ツヤ,,,,,,,,,,,,,,,,,,,https://www.cosme.net/reviews/515325915/,,,,,,,現品,https://www.cosme.net/variations/1201785/,G04　スパイダー リリー調香師,https://fitter.cosme.net/media/product/10260/skuimg_1024220.jpg,,,,,,,,,,,,,-,,,https://www.cosme.net/contact/report-review/review_id/515325915,1,,,https://www.cosme.net/categories/pchannel/2/,https://www.cosme.net/categories/effect/1002/,https://www.cosme.net/categories/effect/1018/,,スーパー・ドラッグ,,うるおい,,ツヤ,,,,,,,,,,,,,,,,,,,,,,,
https://my.cosme.net/open_top/show/user_id/10425842,https://cache-cdn.cosme.net/media/collection/2545/1522/10822855_xs.jpeg,https://my.cosme.net/open_top/show/user_id/10425842,空飛ぶスナネコ,10人以上のメンバーにお気に入り登録されています,50歳,混合肌,https://my.cosme.net/open_entry_reviewlist/list/user_id/10425842,クチコミ投稿91件,91,5購入品,,,"最近はグロスを使うより口紅率が上がっています。

塗ってしばらくしたらティッシュオフをしますので
グロスも口紅もそれじゃあまり意味がないという噂もありますが（笑）

色持ちもいい方だと思います。
通常のリップモンスターと比べてツヤも名前の通り多めでいいかも。
潤いも感じます(o^^o)
詳細をみる",https://www.cosme.net/categories/item/913/,グロス,https://www.cosme.net/categories/item/913/,口紅,https://www.cosme.net/categories/item/1154/,ティッシュ,https://www.cosme.net/categories/item/913/,グロス,https://www.cosme.net/categories/item/913/,口紅,https://www.cosme.net/categories/effect/1018/,ツヤ,,,,,,,,,,,https://www.cosme.net/reviews/515290007/,,,,,,,現品,https://www.cosme.net/variations/1201785/,G04　スパイダー リリー調香師,https://fitter.cosme.net/media/product/10260/skuimg_1024220.jpg,,,,,,,,,,,,,-,,,https://www.cosme.net/contact/report-review/review_id/515290007,1,,認証済,https://www.cosme.net/categories/pchannel/6/,https://www.cosme.net/categories/effect/1002/,https://www.cosme.net/categories/effect/1018/,https://www.cosme.net/categories/effect/1064/,通販化粧品・コスメ,https://www.cosme.net/categories/effect/1020/,うるおい,https://www.cosme.net/categories/effect/1021/,ツヤ,,https://www.cosme.net/categories/effect/1086/,立体感,,持ちがよい・落ちにくい,,発色がよい,,,,,,2025/6/8 22:33:42,,,,コストパフォーマンス,,,,,,
https://my.cosme.net/open_top/show/user_id/4752783,https://pc.assets-cosme.net/images/user/characters/no_image/noimage_xs.gif,https://my.cosme.net/open_top/show/user_id/4752783,くろねこあいす,,27歳,乾燥肌,https://my.cosme.net/open_entry_reviewlist/list/user_id/4752783,クチコミ投稿59件,59,6購入品,,2025/6/1 21:25:29,"ツヤバースは既に2本持っていましたが、色が気になり購入しました。
大人っぽいピンクで使いやすいです。
普通のリップモンスターのほうが色は持ちますが、ツヤバースの方が唇が綺麗で可愛く見えます。

4番はアットコスメで買えず欠品していたので近くの店舗を回って購入しました。
そちらの色のほうが使いやすく可愛いので☆6にしました。
詳細をみる",https://www.cosme.net/categories/effect/1018/,ツヤ,https://www.cosme.net/categories/effect/1018/,ツヤ,,,,,,,,,,,,,,,,,,,https://www.cosme.net/reviews/515250878/,,,,,,,現品,,,,,,,,,,,,,,,,-,-,,https://www.cosme.net/contact/report-review/review_id/515250878,1,,,https://www.cosme.net/categories/pchannel/6/,,,,通販化粧品・コスメ,,,,,,,,,,,,,,,,,,,,,,,,,,,
https://my.cosme.net/open_top/show/user_id/2534990,https://pc.assets-cosme.net/images/user/characters/no_image/noimage_xs.gif,https://my.cosme.net/open_top/show/user_id/2534990,nana.m,,41歳,混合肌,https://my.cosme.net/open_entry_reviewlist/list/user_id/2534990,クチコミ投稿40件,40,4購入品,,2025/5/29 23:36:27,"さすがリプモン。艶が出て、だけど色落ちせずに、潤いがでます。たくさん繰り出しをしないように注意します。
詳細をみる",,,,,,,,,,,,,,,,,,,,,,,https://www.cosme.net/reviews/515238673/,,,,,,,現品,https://www.cosme.net/variations/1201786/,G05　ピンク ロビンの泉,https://fitter.cosme.net/media/product/10260/skuimg_1024222.jpg,,,,,,,,,,,,,-,-,-,https://www.cosme.net/contact/report-review/review_id/515238673,1,,,,,,,,,,,,,,,,,,,,,,,,,,,,,,,,,,
https://my.cosme.net/open_top/show/user_id/2511426,https://pc.assets-cosme.net/images/user/characters/no_image/noimage_xs.gif,https://my.cosme.net/open_top/show/user_id/2511426,えみはるどん,,40歳,乾燥肌,https://my.cosme.net/open_entry_reviewlist/list/user_id/2511426,クチコミ投稿38件,38,4購入品,,2025/5/21 11:51:56,"02.04を購入。通常のリプモンはすぐ皮剥けてしまいますがこちらは単品で使用しても潤っています。
モチはまあまあ。時間たつとツヤは消えます。
40代は唇の色がないとかなり老け込むので、さっと塗れて潤うのでかなりの頻度で使用しています。

パケがスリムなのでミニバッグでも持ち歩けるのが良い！
詳細をみる",https://www.cosme.net/categories/effect/1018/,ツヤ,,,,,,,,,,,,,,,,,,,,,https://www.cosme.net/reviews/515205962/,,,,,,,現品,,,,,,,,,,,,,,,,-,-,-,https://www.cosme.net/contact/report-review/review_id/515205962,1,,,,,,,,,,,,,,,,,,,,,,,,,,,,,,,,,,5人以上のメンバーにお気に入り登録されています
https://my.cosme.net/open_top/show/user_id/8980725,https://cache-cdn.cosme.net/media/collection/2192/2293/11094555_xs.jpeg,https://my.cosme.net/open_top/show/user_id/8980725,hinata0411,,37歳,敏感肌,https://my.cosme.net/open_entry_reviewlist/list/user_id/8980725,クチコミ投稿42件,42,5購入品,,2025/5/12 23:15:25,"リップモンスターをリピしていますが、今回はツヤ感がほしくて買ってみました。ちょうどいいツヤ感ですが、持ちはそこまでです。ただグロスを重ねるのが面倒な時には1本で済むのでお直しにピッタリです。
詳細をみる",https://www.cosme.net/categories/effect/1018/,ツヤ,https://www.cosme.net/categories/effect/1018/,ツヤ,https://www.cosme.net/categories/item/913/,グロス,,,,,,,,,,,,,,,,,https://www.cosme.net/reviews/515172855/,,,,,,,現品,https://www.cosme.net/variations/1185728/,G01 明後日の水たまり,https://fitter.cosme.net/media/product/10260/skuimg_1001938.jpg,,,,,,,,,,,,,-,-,-,https://www.cosme.net/contact/report-review/review_id/515172855,1,,,,,,,,,,,,,,,,,,,,,,,,,,,,,,,,,,
https://my.cosme.net/open_top/show/user_id/8423140,https://cache-cdn.cosme.net/images/user/characters/30/mychara09_xs.gif,https://my.cosme.net/open_top/show/user_id/8423140,みんみん722,,33歳,乾燥肌,https://my.cosme.net/open_entry_reviewlist/list/user_id/8423140,クチコミ投稿46件,46,5購入品,,2025/5/10 0:32:25,"1stサマー、2ndウィンターのブルベど真ん中です。
G05ピンクロビンの泉を購入しました。

通常のリップモンスターは、17神秘のローズ園を愛用。
12誓いのルビーもハマる一方で、7ラスボスは蛍光ピンクになってしまうタイプです。

荒れにくく色持ちが良いものの、時間が経つと縦皺が気になる通常版に比べると、ツヤバースは圧倒的な潤い感を感じます。
普段はリップクリーム→軽くティッシュオフ→リップモンスターでしたが、ツヤバースはいきなり塗っても乾燥感を感じません。
しっかりめの食事後も、色は結構残っていました。

通常盤より細く塗りやすいのもお気に入り。
ただしとても柔らかいため、少し力が入ると欠けやすいことと、夏場は溶けてしまうのではと心配しています。
詳細をみる",https://www.cosme.net/categories/effect/1018/,ツヤ,https://www.cosme.net/categories/item/1031/,リップクリーム,https://www.cosme.net/categories/item/1154/,ティッシュ,https://www.cosme.net/categories/effect/1018/,ツヤ,,,,,,,,,,,,,,,https://www.cosme.net/reviews/515161088/,,,,,,,現品,,,,,,,,,,,,,,,,-,-,-,https://www.cosme.net/contact/report-review/review_id/515161088,1,,,,,,,,,,,,,,,,,,,,,,,,,,,,,,,,,,
https://my.cosme.net/open_top/show/user_id/10980966,https://cache-cdn.cosme.net/images/user/characters/30/mychara09_xs.gif,https://my.cosme.net/open_top/show/user_id/10980966,meiyu-y,,43歳,混合肌,https://my.cosme.net/open_entry_reviewlist/list/user_id/10980966,クチコミ投稿24件,24,6購入品,,2025/4/22 20:22:37,"◆G05 ピンクロビンの泉

普通のリップモンスターは使用したことありましたが、
たまたま寄ったサンドラッグで、青みピンクに惹かれて初めてツヤバースを購入。

いつも口紅を使用する時は、まずリップクリームをぬりますが、試しにいきなりツヤバースをぬってみたところ、この｢とろけるツヤ｣のおかげかしっかり潤いました。
つやんつやんです。

色味は、私の唇だと商品情報の画像よりもう少しピンクよりになりました。(唇の血色はよい方)

色持ちは、塗って40分後にご飯を食べたら、色は残りましたが、さすがにツヤはちょっととれちゃいました。

・リップモンスター 3g 1,540円
・リップモンスター ツヤバース 1.6g 1,650円

と、プチプラだけどちょっとお高め？
でも、色味もつやんつやんも気に入ったので満足です。
詳細をみる",https://www.cosme.net/categories/effect/1018/,ツヤ,https://www.cosme.net/categories/item/913/,口紅,https://www.cosme.net/categories/item/1031/,リップクリーム,https://www.cosme.net/categories/effect/1018/,ツヤ,https://www.cosme.net/categories/effect/1018/,ツヤ,https://www.cosme.net/categories/effect/1018/,ツヤ,https://www.cosme.net/categories/effect/1018/,ツヤ,https://www.cosme.net/tags/tag/5077/,プチプラ,,,,,,,https://www.cosme.net/reviews/515092601/,https://www.cosme.net/reviews/515092601/photo-1/,https://cache-cdn.cosme.net/media/collection/2680/3686/11223457_l.jpg,https://www.cosme.net/reviews/515092601/photo-2/,https://cache-cdn.cosme.net/media/collection/2680/3686/11223458_l.jpg,,,現品,https://www.cosme.net/variations/1201786/,G05　ピンク ロビンの泉,https://fitter.cosme.net/media/product/10260/skuimg_1024222.jpg,,,,,,,,,,,,,-,,,https://www.cosme.net/contact/report-review/review_id/515092601,1,,,https://www.cosme.net/categories/pchannel/2/,https://www.cosme.net/categories/effect/1002/,https://www.cosme.net/categories/effect/1018/,https://www.cosme.net/categories/effect/1020/,スーパー・ドラッグ,https://www.cosme.net/categories/effect/1021/,うるおい,,ツヤ,,,持ちがよい・落ちにくい,,発色がよい,,,,,,,,,,,,,,,,,,
https://my.cosme.net/open_top/show/user_id/404910,https://cache-cdn.cosme.net/media/collection/98/3502/7208771_xs.png,https://my.cosme.net/open_top/show/user_id/404910,うっちゃん０４２７,,55歳,乾燥肌,https://my.cosme.net/open_entry_reviewlist/list/user_id/404910,クチコミ投稿44件,44,2購入品,,,"通常のリップモンスターが大好きなのですが、今回ツヤバースが発売されるとのことで
予約して購入しました。
色合いも使用感も良く、繰り出し過ぎ防止のためか、１ミリぐらい繰り出すごとに
カチッと止まるので、とても画期的なパッケージだと感じました。
ただ、使い始めて10日ぐらいでもう繰り出せなくなりました。
あまりにも容量が少なすぎる！朝塗るだけで、塗り直しもしなかったのに。
これなら通常のリップモンスターの方が良いです。リピはありません。
詳細をみる",https://www.cosme.net/categories/effect/1018/,ツヤ,,,,,,,,,,,,,,,,,,,,,https://www.cosme.net/reviews/515091603/,,,,,,,現品,https://www.cosme.net/variations/1201786/,G05　ピンク ロビンの泉,https://fitter.cosme.net/media/product/10260/skuimg_1024222.jpg,,,,,,,,,,,,,,,,https://www.cosme.net/contact/report-review/review_id/515091603,1,,認証済,https://www.cosme.net/categories/pchannel/6/,https://www.cosme.net/categories/effect/1002/,https://www.cosme.net/categories/effect/1018/,https://www.cosme.net/categories/effect/1020/,通販化粧品・コスメ,https://www.cosme.net/categories/effect/1021/,うるおい,https://www.cosme.net/tags/tag/5078/,ツヤ,,https://www.cosme.net/tags/tag/619229/,持ちがよい・落ちにくい,https://www.cosme.net/tags/tag/5032/,発色がよい,https://www.cosme.net/tags/tag/89071/,スリム,,,,,,2025/4/22 15:57:24,,https://www.cosme.net/tags/tag/6285/,,ツヤバース,,保湿,,縦ジワカバー,シアー,
https://my.cosme.net/open_top/show/user_id/10965840,https://cache-cdn.cosme.net/media/collection/2677/848/11173077_xs.jpeg,https://my.cosme.net/open_top/show/user_id/10965840,ルーの部屋,,36歳,混合肌,https://my.cosme.net/open_entry_reviewlist/list/user_id/10965840,クチコミ投稿141件,141,3購入品,,2025/4/18 13:11:50,"普通のリップモンスターよりは乾燥しにくいかな？って思ったけどツヤバースでも乾燥が気になってきたのでもう少し保湿力が欲しいところでした。

あと減りが早いのでコスパはうーん。って感じ！

発色いいし色持ちも悪くなかったのでグロス必須で使い合わせたら可愛いです(＾ｰ^)
詳細をみる",https://www.cosme.net/categories/effect/1018/,ツヤ,https://www.cosme.net/categories/item/913/,グロス,,,,,,,,,,,,,,,,,,,https://www.cosme.net/reviews/515074063/,,,,,,,現品,,,,,,,,,,,,,,,,-,,,https://www.cosme.net/contact/report-review/review_id/515074063,1,,認証済,https://www.cosme.net/categories/pchannel/2/,https://www.cosme.net/categories/effect/1018/,https://www.cosme.net/categories/effect/1028/,,スーパー・ドラッグ,,ツヤ,,フィット感,100人以上のメンバーにお気に入り登録されています,,,,,,,,,,,,,,,,,,,,,,
https://my.cosme.net/open_top/show/user_id/8594876,https://pc.assets-cosme.net/images/user/characters/no_image/noimage_xs.gif,https://my.cosme.net/open_top/show/user_id/8594876,みうぺち,,38歳,乾燥肌,https://my.cosme.net/open_entry_reviewlist/list/user_id/8594876,クチコミ投稿45件,45,4購入品,,2025/3/31 20:57:53,"イエベ春におすすめされていたピンクムーンの雫を購入
高発色ということで期待してたのに全く色がのりませんでした
これただのリップクリーム？と錯覚するレベル

ただ艶々&色持ちが良くて感動しました
他のリップの上にこちらを塗ってます

詳細をみる",https://www.cosme.net/categories/item/1031/,リップクリーム,,,,,,,,,,,,,,,,,,,,,https://www.cosme.net/reviews/514992941/,,,,,,,現品,https://www.cosme.net/variations/1185729/,G02 ピンクムーンの雫,https://fitter.cosme.net/media/product/10260/skuimg_1001941.jpg,,,,,,,,,,,,,-,,,https://www.cosme.net/contact/report-review/review_id/514992941,1,,,https://www.cosme.net/categories/pchannel/2/,https://www.cosme.net/categories/effect/1002/,https://www.cosme.net/categories/effect/1018/,,スーパー・ドラッグ,,うるおい,,ツヤ,,,,,,,,,,,,,,,,,,,,,,,
https://my.cosme.net/open_top/show/user_id/970496,https://cache-cdn.cosme.net/media/collection/236/3840/chara0970496_xs.jpg,https://my.cosme.net/open_top/show/user_id/970496,キミトベ．,,39歳,混合肌,https://my.cosme.net/open_entry_reviewlist/list/user_id/970496,クチコミ投稿19件,19,4購入品,,2025/3/22 12:22:45,"01現品購入です。ブルベ向きかと思います。

発色がよく、ポンポンと塗るだけで十分なくらいです。控えめに塗ることをオススメします。
グリグリと塗るとガッツリ色がついて、お直しの時に苦労します。
(もっとも、とても柔らかいリップなのでグリグリやるとグチャッと折れてしまいますが…)

食事や水分補給でさすがにツヤは落ちますが、カップにも色がつきにくいです。

乾燥も私の場合はそこまでしませんが、UVカットのためにも下地は使った方がいいと思います。

あと、私だけでしょうか…
くり出してもいないのに、蓋を開けると勝手に中身が飛び出てることがあります。一度くり出すと戻らないので、元に戻したくても戻せずとても厄介です。

色味もツヤ感も好きなので、中身が飛び出るのだけどうにかならないかな…
詳細をみる",https://www.cosme.net/categories/effect/1018/,ツヤ,https://www.cosme.net/categories/effect/1018/,ツヤ,,,,,,,,,,,,,,,,,,,https://www.cosme.net/reviews/514952263/,,,,,,,現品,https://www.cosme.net/variations/1185728/,G01 明後日の水たまり,https://fitter.cosme.net/media/product/10260/skuimg_1001938.jpg,,,,,,,,,,,,,,,,https://www.cosme.net/contact/report-review/review_id/514952263,1,,認証済,https://www.cosme.net/categories/pchannel/2/,https://www.cosme.net/categories/effect/1018/,https://www.cosme.net/categories/effect/1020/,https://www.cosme.net/categories/effect/1021/,スーパー・ドラッグ,https://www.cosme.net/tags/tag/5078/,ツヤ,https://www.cosme.net/tags/tag/619229/,持ちがよい・落ちにくい,,,発色がよい,,スリム,,ツヤバース,,,,,,,,,,,,,,,,
https://my.cosme.net/open_top/show/user_id/1034338,https://cache-cdn.cosme.net/images/user/characters/30/mychara07_xs.gif,https://my.cosme.net/open_top/show/user_id/1034338,深麗,,35歳,アトピー,https://my.cosme.net/open_entry_reviewlist/list/user_id/1034338,クチコミ投稿149件,149,4購入品,,2025/3/17 21:06:46,"リップモンスターよりもスルッと塗れグロスを塗ったみたいにツヤツヤになるので少し色ムラになりやすいのと濃く発色します。
イエベなので03を購入しましたが、くすみ肌には茶色は更にくすんで見えて老け込んでしまったので他の色を試したいです。

色持ちはリップモンスターよりは無いですが、荒れにくくこれだけでツヤツヤリップになるので好きな使用感です。
柔らかいので夏場は溶けて仕舞わないか心配です。
詳細をみる",https://www.cosme.net/categories/item/913/,グロス,https://www.cosme.net/categories/effect/1018/,ツヤ,https://www.cosme.net/categories/effect/1018/,ツヤ,https://www.cosme.net/tags/tag/5351/,くすみ,https://www.cosme.net/categories/effect/1018/,ツヤ,https://www.cosme.net/categories/effect/1018/,ツヤ,,,,,,,,,,,https://www.cosme.net/reviews/514930886/,,,,,,,現品,https://www.cosme.net/variations/1185730/,G03 99.9℃,https://fitter.cosme.net/media/product/10260/skuimg_1001944.jpg,,,,,,,,,,,,,-,-,,https://www.cosme.net/contact/report-review/review_id/514930886,1,,認証済,https://www.cosme.net/categories/effect/1018/,https://www.cosme.net/categories/effect/1021/,,,ツヤ,,発色がよい,,,,,,,,,,,,,,,,,,,,,,,,,
https://my.cosme.net/open_top/show/user_id/9763407,https://pc.assets-cosme.net/images/user/characters/no_image/noimage_xs.gif,https://my.cosme.net/open_top/show/user_id/9763407,a84,,26歳,普通肌,https://my.cosme.net/open_entry_reviewlist/list/user_id/9763407,クチコミ投稿45件,45,5購入品,,2025/3/14 20:39:10,"リプモンは乾燥感があったのですが、
こちらはあまり感じませんでした！

細くて塗りやすいのも良いです^_^

溶けやすいので早めに無くなっちゃいそうな感じ…

カラバリもう少し欲しいです！
ラメバージョンとか出たら絶対買います^_^
詳細をみる",,,,,,,,,,,,,,,,,,,,,,,https://www.cosme.net/reviews/514914943/,,,,,,,現品,https://www.cosme.net/variations/1185729/,G02 ピンクムーンの雫,https://fitter.cosme.net/media/product/10260/skuimg_1001941.jpg,,,,,,,,,,,,,-,-,-,https://www.cosme.net/contact/report-review/review_id/514914943,1,,,,,,,,,,,,,,,,,,,,,,,,,,,,,,,,,,
https://my.cosme.net/open_top/show/user_id/10524522,https://cache-cdn.cosme.net/media/collection/2569/1898/10790114_xs.jpeg,https://my.cosme.net/open_top/show/user_id/10524522,クユ'S,,24歳,普通肌,https://my.cosme.net/open_entry_reviewlist/list/user_id/10524522,クチコミ投稿148件,148,3購入品,,2025/3/10 20:48:23,"色持ちも良いし発色も良いしお気に入りすぎる。しかもスルスル塗りやすいしスティックタイプっておしゃれだし持ち運び安いからお気に入り。塗りやすいからノーミラーで塗り直しできちゃうところも嬉しい！！おすすめ！！
詳細をみる",,,,,,,,,,,,,,,,,,,,,,,https://www.cosme.net/reviews/514893661/,,,,,,,現品,,,,,,,,,,,,,,,,-,-,,https://www.cosme.net/contact/report-review/review_id/514893661,1,,認証済,https://www.cosme.net/categories/pchannel/3/,,,,バラエティショップ,,,,,100人以上のメンバーにお気に入り登録されています,,,,,,,,,,,,,,,,,,,,,,
https://my.cosme.net/open_top/show/user_id/6573205,https://cache-cdn.cosme.net/images/user/characters/30/mychara09_xs.gif,https://my.cosme.net/open_top/show/user_id/6573205,みとりず～,10人以上のメンバーにお気に入り登録されています,32歳,混合肌,https://my.cosme.net/open_entry_reviewlist/list/user_id/6573205,クチコミ投稿234件,234,5購入品リピート,リピート,2025/3/10 18:30:41,"ツヤツヤになる！！リプモンで色味が好きだけど荒れちゃうて方に是非試して欲しい！
色持ちはやはり通常のリプモンが勝るけど、今日は唇ガサガサだなって時に試して欲しい！普通のリップよりは色味が残ります！
詳細をみる",https://www.cosme.net/categories/effect/1018/,ツヤ,https://www.cosme.net/categories/effect/1018/,ツヤ,,,,,,,,,,,,,,,,,,,https://www.cosme.net/reviews/514892934/,,,,,,,現品,,,,,,,,,,,,,,,,-,-,-,https://www.cosme.net/contact/report-review/review_id/514892934,1,,認証済,,,,,,,,,,,,,,,,,,,,,,,,,,,,,,,,
https://my.cosme.net/open_top/show/user_id/9762834,https://cache-cdn.cosme.net/media/collection/2383/2066/11189314_xs.jpeg,https://my.cosme.net/open_top/show/user_id/9762834,ふあふあはんぺん,,38歳,敏感肌,https://my.cosme.net/open_entry_reviewlist/list/user_id/9762834,クチコミ投稿51件,51,4購入品,,2025/2/25 20:28:14,"現物を見た時細長さにビックリしましたw

唇が乾燥して縦皺が入りやすいのですが、
日中飲み物を飲むとどうしてもリップが取れるので
人気YouTuberサラさんの動画を観て購入しました。
サラさんの実験ではこちらも通常のリップモンスターと並んで水、油に強くぜんぜん落ちない…！

乾燥肌故か唇の皮向けと縦皺が冬はすごいので
レブロンのキス シュガースクラブや
ヴィセのリッププランパーを塗ってから
唇以外を化粧して、唇を整えてから塗ると、
とっても良いです…！ツヤ?
まだ外食時に使ってないのでこれから楽しみです。
こちらは通常のリップモンスターより
少し保湿力があるようなので、夏はそのまま使えそう。
詳細をみる",https://www.cosme.net/categories/skin/2/,乾燥肌,https://www.cosme.net/categories/pickup/1043/,リッププランパー,https://www.cosme.net/categories/effect/1018/,ツヤ,,,,,,,,,,,,,,,,,https://www.cosme.net/reviews/514826184/,,,,,,,現品,https://www.cosme.net/variations/1185729/,G02 ピンクムーンの雫,https://fitter.cosme.net/media/product/10260/skuimg_1001941.jpg,,,,,,,,,,,,,-,,,https://www.cosme.net/contact/report-review/review_id/514826184,1,,,https://www.cosme.net/categories/pchannel/6/,https://www.cosme.net/categories/effect/1018/,https://www.cosme.net/categories/effect/1020/,https://www.cosme.net/categories/effect/1021/,通販化粧品・コスメ,,ツヤ,,持ちがよい・落ちにくい,,,発色がよい,,,,,,,,,,,,,,,,,,,,
https://my.cosme.net/open_top/show/user_id/1014385,https://cache-cdn.cosme.net/media/collection/247/2673/11739666_xs.jpeg,https://my.cosme.net/open_top/show/user_id/1014385,pal*,,44歳,普通肌,https://my.cosme.net/open_entry_reviewlist/list/user_id/1014385,クチコミ投稿535件,535,5購入品,,2025/2/16 15:10:26,"いつも行くところからちょっと離れたドラッグストアで初めて見つけて、グロスってベタついて苦手だからな、と思ってたけどテスター試したらつい買っちゃいました。こちらは正確にはグロスリップですね。
色味は3番の99.9℃、テラコッタブラウンです。

塗り口はとても細身です。
まるで柔らかいチョコレートを塗っているかのような感触にときめきました^ ^

色味も深みがあって馴染んでとても可愛いです。
リプモンだから取れにくさも期待。普通の色付きグロスよりはもつかな？

結果買ってよかったです！
これから春先に向けてマスクを外した時のリップメイクが楽しみ♪

詳細をみる",https://www.cosme.net/categories/pchannel/2/,ドラッグストア,https://www.cosme.net/categories/item/913/,グロス,https://www.cosme.net/categories/item/913/,グロス,https://www.cosme.net/categories/item/913/,グロス,,,,,,,,,,,,,,,https://www.cosme.net/reviews/514787067/,,,,,,,現品,,,,,,,,,,,,,,,,-,,,https://www.cosme.net/contact/report-review/review_id/514787067,1,,認証済,https://www.cosme.net/categories/pchannel/2/,https://www.cosme.net/categories/effect/1002/,https://www.cosme.net/categories/effect/1018/,https://www.cosme.net/categories/effect/1020/,スーパー・ドラッグ,https://www.cosme.net/categories/effect/1021/,うるおい,,ツヤ,100人以上のメンバーにお気に入り登録されています,,持ちがよい・落ちにくい,,発色がよい,,,,,,,,,,,,,,,,,,
https://my.cosme.net/open_top/show/user_id/10091754,https://cache-cdn.cosme.net/media/collection/2463/3306/10419044_xs.jpeg,https://my.cosme.net/open_top/show/user_id/10091754,きのこ＊ぱすた,,31歳,普通肌,https://my.cosme.net/open_entry_reviewlist/list/user_id/10091754,クチコミ投稿138件,138,3購入品,,2025/2/7 18:01:53,"細いスタイリッシュな形で塗りやすかったです◎
艶がとても綺麗なのでおすすめのリップ！
大人気のリップモンスターシリーズなので間違いない。
見つけたらぜひ買ってみてね^ ^
詳細をみる",,,,,,,,,,,,,,,,,,,,,,,https://www.cosme.net/reviews/514734342/,,,,,,,現品,,,,,,,,,,,,,,,,-,-,,https://www.cosme.net/contact/report-review/review_id/514734342,1,,認証済,https://www.cosme.net/categories/pchannel/2/,,,,スーパー・ドラッグ,,,,,100人以上のメンバーにお気に入り登録されています,,,,,,,,,,,,,,,,,,,,,,
https://my.cosme.net/open_top/show/user_id/8720179,https://cache-cdn.cosme.net/media/collection/2128/3891/9376725_xs.jpeg,https://my.cosme.net/open_top/show/user_id/8720179,Kiwi80651,,39歳,脂性肌,https://my.cosme.net/open_entry_reviewlist/list/user_id/8720179,クチコミ投稿429件,429,4購入品,,2025/2/7 13:58:17,"ミラーレスでも塗りやすいです。
持ちは普通かな。

詳細をみる",,,,,,,,,,,,,,,,,,,,,,,https://www.cosme.net/reviews/514747695/,,,,,,,現品,https://www.cosme.net/variations/1185729/,G02 ピンクムーンの雫,https://fitter.cosme.net/media/product/10260/skuimg_1001941.jpg,,,,,,,,,,,,,-,-,,https://www.cosme.net/contact/report-review/review_id/514747695,1,,認証済,https://www.cosme.net/categories/effect/1031/,,,,パール・ラメ,,,,,100人以上のメンバーにお気に入り登録されています,,,,,,,,,,,,,,,,,,,,,,
https://my.cosme.net/open_top/show/user_id/7110538,https://pc.assets-cosme.net/images/user/characters/no_image/noimage_xs.gif,https://my.cosme.net/open_top/show/user_id/7110538,はなはなさくさく,,33歳,敏感肌,https://my.cosme.net/open_entry_reviewlist/list/user_id/7110538,クチコミ投稿78件,78,6購入品,,2025/2/7 10:40:44,"リップモンスターは初代、シアーカラー、今回のツヤバースと使っています。
個人的には今までの中で1番好きです！
するする塗れて、つけ心地も薬用リップのような感覚なので不快感は0です。
ティントしなくてもツヤツヤになるので、日中の時間がない時のメイク直しに役立ってます。細いのでポーチに入れてもおさまりがいいところも好きです。

落ちに関しては、今までのものにはやっぱり劣ると思います。リプモンといえば！の落ちにくさを期待してる方には不向きかもしれないですが、持ち歩きやすい形で、1本でツヤツヤにしてくれるという点で、かなりお気に入りです。
ひと塗りで発色も十分だと思います。

唇の輪郭はぼやけた感じになった気がしたのでリップライナーを使用しています。

初代リプモンは調子が悪いときは唇が荒れてしまったのですが、ツヤバースは今のところ問題なさそうです。

用途に合わせて今までのリプモンと併用していきたいと思います。
詳細をみる",https://www.cosme.net/categories/effect/1018/,ツヤ,https://www.cosme.net/categories/pickup/1026/,ティント,https://www.cosme.net/categories/effect/1018/,ツヤ,https://www.cosme.net/categories/effect/1018/,ツヤ,https://www.cosme.net/categories/effect/1018/,ツヤ,https://www.cosme.net/categories/effect/1018/,ツヤ,https://www.cosme.net/categories/item/913/,リップライナー,https://www.cosme.net/categories/effect/1018/,ツヤ,,,,,,,https://www.cosme.net/reviews/514746836/,,,,,,,現品,https://www.cosme.net/variations/1185729/,G02 ピンクムーンの雫,https://fitter.cosme.net/media/product/10260/skuimg_1001941.jpg,,,,,,,,,,,,,-,-,,https://www.cosme.net/contact/report-review/review_id/514746836,1,,認証済,https://www.cosme.net/categories/effect/1018/,https://www.cosme.net/categories/effect/1021/,https://www.cosme.net/categories/effect/1086/,,ツヤ,,発色がよい,,コストパフォーマンス,,,,,,,,,,,,,,,,,,,,,,,
https://my.cosme.net/open_top/show/user_id/7258299,https://cache-cdn.cosme.net/images/user/characters/30/mychara22_xs.gif,https://my.cosme.net/open_top/show/user_id/7258299,さりりりりん♪,,35歳,混合肌,https://my.cosme.net/open_entry_reviewlist/list/user_id/7258299,クチコミ投稿62件,62,5購入品,,2025/1/18 16:59:57,"リップモンスターが大好きでこちらのツヤバースも気になり購入しました。リップモンスターよりはかなり艶感が出て唇がモチモチになります。リップモンスターと一緒に使うと、さらに艶感が増して発色もさらに良くなり、相性の良いコンビでした。


詳細をみる",https://www.cosme.net/categories/effect/1018/,ツヤ,,,,,,,,,,,,,,,,,,,,,https://www.cosme.net/reviews/514659676/,,,,,,,現品,https://www.cosme.net/variations/1185729/,G02 ピンクムーンの雫,https://fitter.cosme.net/media/product/10260/skuimg_1001941.jpg,,,,,,,,,,,,,-,-,,https://www.cosme.net/contact/report-review/review_id/514659676,1,,,https://www.cosme.net/categories/effect/1002/,https://www.cosme.net/categories/effect/1018/,https://www.cosme.net/categories/effect/1021/,,うるおい,,ツヤ,,発色がよい,,,,,,,,,,,,,,50人以上のメンバーにお気に入り登録されています,,,,,,,,,
https://my.cosme.net/open_top/show/user_id/8407072,https://pc.assets-cosme.net/images/user/characters/no_image/noimage_xs.gif,https://my.cosme.net/open_top/show/user_id/8407072,uran616,10人以上のメンバーにお気に入り登録されています,46歳,混合肌,https://my.cosme.net/open_entry_reviewlist/list/user_id/8407072,クチコミ投稿171件,171,4購入品,,2025/1/18 16:54:11,"通常のリップモンスターは、荒れてしまい使用を断念したのですが、こちらはイケるかも?と気になっていたので、ついに購入しました。02を使ってみて、の感想です。

繰り出し式でちょっと慣れていないのですが、色味は好みでした。(イエベ)
ツヤバースの方が荒れない感じですが、
やはり時間が経つと荒れ始める、、
ベースに仕込めば続けられるかもしれません。ツヤ感もあって良いです。
詳細をみる",https://www.cosme.net/categories/effect/1018/,ツヤ,https://www.cosme.net/categories/effect/1018/,ツヤ,,,,,,,,,,,,,,,,,,,https://www.cosme.net/reviews/514659652/,,,,,,,現品,https://www.cosme.net/variations/1185729/,G02 ピンクムーンの雫,https://fitter.cosme.net/media/product/10260/skuimg_1001941.jpg,,,,,,,,,,,,,,,,https://www.cosme.net/contact/report-review/review_id/514659652,1,,,https://www.cosme.net/categories/pchannel/6/,https://www.cosme.net/categories/effect/1018/,https://www.cosme.net/tags/tag/5078/,,通販化粧品・コスメ,,ツヤ,,スリム,,,,,,,,,,,,,,,,,,,,,,,
https://my.cosme.net/open_top/show/user_id/7689166,https://pc.assets-cosme.net/images/user/characters/no_image/noimage_xs.gif,https://my.cosme.net/open_top/show/user_id/7689166,nknknoka,,29歳,混合肌,https://my.cosme.net/open_entry_reviewlist/list/user_id/7689166,クチコミ投稿107件,107,5購入品,,2025/1/15 19:01:09,"ブルベ冬夏
最近毎日使ってます
ちょっと濃いけどいい色でつや、保湿感が普通のリップモンスターよりあって無香料で好きです
色持ちは良くはないです
詳細をみる",https://www.cosme.net/categories/ingredient/1009/,無香料,,,,,,,,,,,,,,,,,,,,,https://www.cosme.net/reviews/514645407/,,,,,,,現品,https://www.cosme.net/variations/1185728/,G01 明後日の水たまり,https://fitter.cosme.net/media/product/10260/skuimg_1001938.jpg,,,,,,,,,,,,,-,-,,https://www.cosme.net/contact/report-review/review_id/514645407,1,,認証済,https://www.cosme.net/categories/effect/1002/,https://www.cosme.net/categories/effect/1018/,https://www.cosme.net/categories/effect/1064/,https://www.cosme.net/categories/effect/1086/,うるおい,,ツヤ,,立体感,,,コストパフォーマンス,,,,,,,,,25人以上のメンバーにお気に入り登録されています,,,,,,,,,,,
https://my.cosme.net/open_top/show/user_id/4591843,https://cache-cdn.cosme.net/media/collection/1121/227/5299665_xs.jpg,https://my.cosme.net/open_top/show/user_id/4591843,鳥と蜂,,54歳,普通肌,https://my.cosme.net/open_entry_reviewlist/list/user_id/4591843,クチコミ投稿207件,207,6購入品,,2025/1/14 15:13:52,"ツヤのあるリップモンスターという事で購入してみました。これは！ツゥルントゥルン！ツヤツヤです。01はダスティな赤系ですがこれが使いやすい色味！艶感もすごくいい。柔らかいテクスチャーなので消費量は多めですぐ無くなりそうだけど使用感は満足。

02はコーラル系です。春向きな色味でちょっと寝かせておこうと思います。03も欲しいな。
詳細をみる",https://www.cosme.net/categories/effect/1018/,ツヤ,https://www.cosme.net/categories/effect/1018/,ツヤ,https://www.cosme.net/categories/effect/1018/,ツヤ,,,,,,,,,,,,,,,,,https://www.cosme.net/reviews/514640013/,,,,,,,現品,https://www.cosme.net/variations/1185728/,G01 明後日の水たまり,https://fitter.cosme.net/media/product/10260/skuimg_1001938.jpg,https://www.cosme.net/variations/1185729/,G02 ピンクムーンの雫,https://fitter.cosme.net/media/product/10260/skuimg_1001941.jpg,,,,,,,,,,-,,,https://www.cosme.net/contact/report-review/review_id/514640013,1,,認証済,https://www.cosme.net/categories/pchannel/2/,https://www.cosme.net/categories/effect/1002/,https://www.cosme.net/categories/effect/1018/,,スーパー・ドラッグ,,うるおい,,ツヤ,,,,,,,,,,,,,,50人以上のメンバーにお気に入り登録されています,,,,,,,,,
https://my.cosme.net/open_top/show/user_id/742987,https://cache-cdn.cosme.net/images/user/characters/30/mychara09_xs.gif,https://my.cosme.net/open_top/show/user_id/742987,ビビハニム,,53歳,敏感肌,https://my.cosme.net/open_entry_reviewlist/list/user_id/742987,クチコミ投稿1635件,1635,6購入品,,2025/1/12 10:09:12,"イエベ春の私、ここ数年のくすみカラーブームに泣かされています。
話題のリップモンスターの大半がイエベ春には使いづらい色味ばかり、
一応イエベ春向けとされる色もあり使いましたが、私の中では明度彩度ともに物足りなさすぎました。

もうリップモンスターに期待するのはやめようと思っていましたが、たまたまドラッグストアでこちらのピンクムーンの雫を見つけました。
もしかしたら今度こそイエベ春向け？
手元に試したらいい感じ、クチコミも良さげだったので思い切って買いました（余談ですが、アットコスメトーキョーまで買いに行きましたが、初売りセールの影響か完売してました）

スルスルと伸びて発色も良く、なによりもイエベ春向けな鮮やかで明るめな黄味ピンク！
落ちにくいし最高です！

星をパーフェクトにしなかった理由は、
パッケージの問題。
私自身なぜか黒い小物を認識できないようで、
しょっちゅうなくしたと大騒ぎしてしまうんです。
しかもこちらは細身なのでポーチの隙間からよく落ち、頻繁に見つからなくなるのです。
シールでもつけるしかないでしょうか…。

詳細をみる",https://www.cosme.net/tags/tag/5351/,くすみ,https://www.cosme.net/categories/pchannel/2/,ドラッグストア,https://www.cosme.net/categories/effect/1020/,落ちにくい,,,,,,,,,,,,,,,,,https://www.cosme.net/reviews/514629837/,,,,,,,現品,https://www.cosme.net/variations/1185729/,G02 ピンクムーンの雫,https://fitter.cosme.net/media/product/10260/skuimg_1001941.jpg,,,,,,,,,,,,,-,,,https://www.cosme.net/contact/report-review/review_id/514629837,1,,認証済,https://www.cosme.net/categories/pchannel/2/,https://www.cosme.net/categories/effect/1002/,https://www.cosme.net/categories/effect/1018/,https://www.cosme.net/categories/effect/1020/,スーパー・ドラッグ,https://www.cosme.net/categories/effect/1021/,うるおい,https://www.cosme.net/categories/effect/1086/,ツヤ,100人以上のメンバーにお気に入り登録されています,,持ちがよい・落ちにくい,,発色がよい,,コストパフォーマンス,,,,,,,,,,,,,,,,
https://my.cosme.net/open_top/show/user_id/6516469,https://pc.assets-cosme.net/images/user/characters/no_image/noimage_xs.gif,https://my.cosme.net/open_top/show/user_id/6516469,ケーエー,,41歳,乾燥肌,https://my.cosme.net/open_entry_reviewlist/list/user_id/6516469,クチコミ投稿63件,63,4購入品,,2025/1/3 14:58:58,"ケイトのリップモンスターは何色か使用していました。色味は可愛いけど、少し皮剥けと乾燥が気になっていました。このツヤバースは本当にとろけるような付け心地で乾燥や皮剥けも気になりませんでした。色味もとても可愛いのでこれから沢山使いたいと思っています。カラーも今後増えて欲しいです。
詳細をみる",https://www.cosme.net/categories/effect/1018/,ツヤ,,,,,,,,,,,,,,,,,,,,,https://www.cosme.net/reviews/514594135/,,,,,,,現品,https://www.cosme.net/variations/1185729/,G02 ピンクムーンの雫,https://fitter.cosme.net/media/product/10260/skuimg_1001941.jpg,,,,,,,,,,,,,-,,,https://www.cosme.net/contact/report-review/review_id/514594135,1,,,https://www.cosme.net/categories/pchannel/2/,https://www.cosme.net/categories/effect/1002/,https://www.cosme.net/categories/effect/1013/,https://www.cosme.net/categories/effect/1018/,スーパー・ドラッグ,https://www.cosme.net/categories/effect/1030/,うるおい,https://www.cosme.net/categories/effect/1064/,ナチュラルメイク,,https://www.cosme.net/categories/effect/1028/,ツヤ,https://www.cosme.net/categories/effect/1020/,肌の透明感・薄づき,https://www.cosme.net/categories/effect/1086/,立体感,,,,,,,,,,フィット感,,持ちがよい・落ちにくい,,コストパフォーマンス,,
https://my.cosme.net/open_top/show/user_id/6121936,https://cache-cdn.cosme.net/images/user/characters/30/mychara08_xs.gif,https://my.cosme.net/open_top/show/user_id/6121936,CHIナ,,45歳,乾燥肌,https://my.cosme.net/open_entry_reviewlist/list/user_id/6121936,クチコミ投稿101件,101,6購入品,,2024/12/30 16:11:37,"ブルベ冬、リプモンは06と12を何度もリピートしています。乾燥肌なのでリプモンにツヤありが出たと知り欲しくなり購入しました。
ブルベ冬に合うのはG01だと思ったのでG01にしたら買って良かった！
ツヤも色もすごく好きです。普通のリプモンより色持ちは劣るのは仕方ないのかなぁ…
他の方のクチコミでもある通り減りが早いです。
でもそれを踏まえても仕上がりが好きなのでリピートはありかな
詳細をみる",https://www.cosme.net/categories/skin/2/,乾燥肌,https://www.cosme.net/categories/effect/1018/,ツヤ,https://www.cosme.net/categories/effect/1018/,ツヤ,,,,,,,,,,,,,,,,,https://www.cosme.net/reviews/514576676/,,,,,,,現品,https://www.cosme.net/variations/1185728/,G01 明後日の水たまり,https://fitter.cosme.net/media/product/10260/skuimg_1001938.jpg,,,,,,,,,,,,,-,-,-,https://www.cosme.net/contact/report-review/review_id/514576676,1,,,,,,,,,,,,,,,,,,,,,,,,,50人以上のメンバーにお気に入り登録されています,,,,,,,,,
https://my.cosme.net/open_top/show/user_id/6427690,https://pc.assets-cosme.net/images/user/characters/no_image/noimage_xs.gif,https://my.cosme.net/open_top/show/user_id/6427690,花(・ω・)hana,,36歳,混合肌,https://my.cosme.net/open_entry_reviewlist/list/user_id/6427690,クチコミ投稿69件,69,5購入品,,2024/12/24 13:24:15,"01購入
イエベですが、顔色が良く見えてお気にいりの色です！
落ちにくさは微妙です。笑
詳細をみる",,,,,,,,,,,,,,,,,,,,,,,https://www.cosme.net/reviews/514548641/,,,,,,,現品,,,,,,,,,,,,,,,,-,-,-,https://www.cosme.net/contact/report-review/review_id/514548641,1,,,,,,,,,,,,,,,,,,,,,,,,,,,,,,,,,,
https://my.cosme.net/open_top/show/user_id/4333655,https://cache-cdn.cosme.net/media/collection/1058/87/8849689_xs.jpeg,https://my.cosme.net/open_top/show/user_id/4333655,たけむらさん,,33歳,乾燥肌,https://my.cosme.net/open_entry_reviewlist/list/user_id/4333655,クチコミ投稿40件,40,5購入品,,2024/12/19 22:49:30,"5歳若返るかわいらしいピンク


まず、リップモンスターに最も期待するのは色持ちかと思いますが、こちらは割と落ちやすいです。
そこは諦められる方向けです。

1st ブライトサマー
2ndクリアウィンター

第一印象はスプリングとサマーの中間みたいに見える私ですが、このピンクがとても合いました。

青みすぎず黄みすぎずで、薄すぎず濃すぎない、
とにかくちょうどいいピンク。


ケバくなりたくなくて粘膜風の薄づきピンクに手を出すと全然発色しなくて何本もリップを無駄にしてきましたが、このピンクなら素より可愛く、且つ化粧感が強くなく、理想的でした。
詳細をみる",https://www.cosme.net/categories/effect/1030/,薄づき,,,,,,,,,,,,,,,,,,,,,https://www.cosme.net/reviews/514525522/,,,,,,,現品,https://www.cosme.net/variations/1185729/,G02 ピンクムーンの雫,https://fitter.cosme.net/media/product/10260/skuimg_1001941.jpg,,,,,,,,,,,,,-,-,,https://www.cosme.net/contact/report-review/review_id/514525522,1,,,https://www.cosme.net/categories/effect/1018/,https://www.cosme.net/categories/effect/1030/,https://www.cosme.net/categories/effect/1021/,,ツヤ,,肌の透明感・薄づき,,発色がよい,,,,,,,,,,,,,,,,,,,,,,,
https://my.cosme.net/open_top/show/user_id/5085853,https://pc.assets-cosme.net/images/user/characters/no_image/noimage_xs.gif,https://my.cosme.net/open_top/show/user_id/5085853,■□フィガロ□■,,44歳,混合肌,https://my.cosme.net/open_entry_reviewlist/list/user_id/5085853,クチコミ投稿147件,147,4購入品,,2024/12/18 23:56:20,"G02のピンク系使用です。
いつもの圧で使用すると、潰れてしまい綺麗に塗布できなくて、驚きました。
ですが艶が綺麗で、よく手が伸びます。
私にとっては、すごい柔らかくて唇が保護されてるかのような塗り心地でした。
この保湿感がもう少し持続してくれたらいいなぁ、というのと、艶が落ち着くと、色が少しトーンダウンする印象なので、そこがきになりますが、今後カラバリが増えることを期待します！
詳細をみる",,,,,,,,,,,,,,,,,,,,,,,https://www.cosme.net/reviews/514519902/,,,,,,,現品,,,,,,,,,,,,,,,,-,-,-,https://www.cosme.net/contact/report-review/review_id/514519902,1,,,,,,,,,,,,,,,,,,,,,,,25人以上のメンバーにお気に入り登録されています,,,,,,,,,,,
https://my.cosme.net/open_top/show/user_id/4199009,https://pc.assets-cosme.net/images/user/characters/no_image/noimage_xs.gif,https://my.cosme.net/open_top/show/user_id/4199009,＊いちごパフェ＊,,32歳,乾燥肌,https://my.cosme.net/open_entry_reviewlist/list/user_id/4199009,クチコミ投稿64件,64,2購入品,,2024/12/15 4:03:13,"通常のリップモンスターより、ツヤ感があり、うるおいはありますが、色落ちしやすいです。リップモンスターの良さが感じられませんでした。
詳細をみる",https://www.cosme.net/categories/effect/1018/,ツヤ,https://www.cosme.net/categories/effect/1002/,うるおい,,,,,,,,,,,,,,,,,,,https://www.cosme.net/reviews/514493767/,,,,,,,現品,https://www.cosme.net/variations/1185729/,G02 ピンクムーンの雫,https://fitter.cosme.net/media/product/10260/skuimg_1001941.jpg,,,,,,,,,,,,,-,-,-,https://www.cosme.net/contact/report-review/review_id/514493767,1,,認証済,,,,,,,,,,,,,,,,,,,,,,,,,,,,,,,,5人以上のメンバーにお気に入り登録されています
https://my.cosme.net/open_top/show/user_id/5051102,https://cache-cdn.cosme.net/media/collection/1233/734/5716169_xs.jpg,https://my.cosme.net/open_top/show/user_id/5051102,しちみ.,10人以上のメンバーにお気に入り登録されています,25歳,混合肌,https://my.cosme.net/open_entry_reviewlist/list/user_id/5051102,クチコミ投稿330件,330,6購入品,,2024/12/10 22:54:27,"唇ぷるぷるになる！
色もちもしっかしてる！
カラー展開増えるのが楽しみ
詳細をみる",,,,,,,,,,,,,,,,,,,,,,,https://www.cosme.net/reviews/514468047/,,,,,,,現品,,,,,,,,,,,,,,,,-,-,-,https://www.cosme.net/contact/report-review/review_id/514468047,1,,,,,,,,,,,,,,,,,,,,,,,,,,,,,,,,,,
https://my.cosme.net/open_top/show/user_id/7695362,https://cache-cdn.cosme.net/media/collection/1878/3074/11270059_xs.jpeg,https://my.cosme.net/open_top/show/user_id/7695362,○いるる○,,17歳,混合肌,https://my.cosme.net/open_entry_reviewlist/list/user_id/7695362,クチコミ投稿77件,77,5購入品,,2024/12/7 14:04:30,"リップモンスターの中で1番良かった
色味が天才、可愛すぎる
絶妙なシアー感と、細いから塗りやすい
詳細をみる",,,,,,,,,,,,,,,,,,,,,,,https://www.cosme.net/reviews/514445847/,,,,,,,現品,https://www.cosme.net/variations/1185728/,G01 明後日の水たまり,https://fitter.cosme.net/media/product/10260/skuimg_1001938.jpg,,,,,,,,,,,,,-,-,-,https://www.cosme.net/contact/report-review/review_id/514445847,1,,,,,,,,,,,,,,,,,,,,,,,,,,,,,,,,,,
https://my.cosme.net/open_top/show/user_id/3775336,https://cache-cdn.cosme.net/media/collection/921/2920/5886184_xs.jpeg,https://my.cosme.net/open_top/show/user_id/3775336,なぎこけこっこ,10人以上のメンバーにお気に入り登録されています,29歳,敏感肌,https://my.cosme.net/open_entry_reviewlist/list/user_id/3775336,クチコミ投稿64件,64,4購入品,,2024/11/24 20:30:49,"リプモンからツヤバースが出るとのことで早速買いました。
色はこの色が一番可愛いなーと思って選びました、繰り出すと大丈夫かなー？という色味ですが塗ると良い発色をしてくれました。
落ちないで有名なリプモンの方に比べるとまあまあ落ちやすくて、綺麗に落ちてくれなくてそこそこ抜けたような落ち方をするので残念に感じました。
ツヤツヤでいろみもいい発色してくれたのですが落ちやすさと柔らかくとろんとしてるので減りは早いかなーと感じました。
冬でマフラー等につきやすそうなのでそこは注意かなと

こまめに塗り直せる、保湿重視で色も出したいと言う感じの使い方ならホシも高いんじゃないかな？と思いました。

可愛いけど、リピはないかなーって感じです(** )
詳細をみる",https://www.cosme.net/categories/effect/1018/,ツヤ,https://www.cosme.net/categories/effect/1018/,ツヤ,https://www.cosme.net/categories/effect/1018/,ツヤ,,,,,,,,,,,,,,,,,https://www.cosme.net/reviews/514384655/,https://www.cosme.net/reviews/514384655/photo-1/,https://cache-cdn.cosme.net/media/collection/921/2920/10860854_l.jpg,https://www.cosme.net/reviews/514384655/photo-2/,https://cache-cdn.cosme.net/media/collection/921/2920/10860855_l.jpg,,,現品,https://www.cosme.net/variations/1185728/,G01 明後日の水たまり,https://fitter.cosme.net/media/product/10260/skuimg_1001938.jpg,,,,,,,,,,,,,-,-,-,https://www.cosme.net/contact/report-review/review_id/514384655,1,,認証済,,,,,,,,,,,,,,,,,,,,,,,,,,,,,,,,
https://my.cosme.net/open_top/show/user_id/8234087,https://cache-cdn.cosme.net/media/collection/2010/1127/10763690_xs.jpg,https://my.cosme.net/open_top/show/user_id/8234087,ニッキハット,,43歳,乾燥肌,https://my.cosme.net/open_entry_reviewlist/list/user_id/8234087,クチコミ投稿323件,323,5購入品,,2024/11/21 15:23:57,"やっと手に入れられました！
イエベ春向きのG02ピンクムーンの雫です☆
カチッと1回回すと丁度いい量が出てきます。
塗るとツヤんとしたリップになり、乾燥する秋冬に丁度いいテクスチャーです。マスク着けて外出して、うがいしたり、飲食しても残ってますので持ちいいです。
色味がイエベ春ぴったりのオレンジみのあるピンクな色味で可愛いです！私はライトスプリングですが、濃くもなく良かったです(リプモンお気に入りカラーは陽炎です)。

詳細をみる",https://www.cosme.net/categories/effect/1018/,ツヤ,,,,,,,,,,,,,,,,,,,,,https://www.cosme.net/reviews/514373518/,,,,,,,現品,https://www.cosme.net/variations/1185729/,G02 ピンクムーンの雫,https://fitter.cosme.net/media/product/10260/skuimg_1001941.jpg,,,,,,,,,,,,,-,,,https://www.cosme.net/contact/report-review/review_id/514373518,1,,認証済,https://www.cosme.net/categories/pchannel/6/,https://www.cosme.net/categories/effect/1002/,https://www.cosme.net/categories/effect/1018/,https://www.cosme.net/categories/effect/1020/,通販化粧品・コスメ,https://www.cosme.net/categories/effect/1086/,うるおい,,ツヤ,,,持ちがよい・落ちにくい,,コストパフォーマンス,,,,,,,25人以上のメンバーにお気に入り登録されています,,,,,,,,,,,
https://my.cosme.net/open_top/show/user_id/10193540,https://cache-cdn.cosme.net/media/collection/2488/2692/10803830_xs.jpeg,https://my.cosme.net/open_top/show/user_id/10193540,はr,,39歳,混合肌,https://my.cosme.net/open_entry_reviewlist/list/user_id/10193540,クチコミ投稿212件,212,5購入品,,2024/11/21 12:08:02,"発売直後は最寄りのお店で品切れになっていましたが、先日01と02が在庫復活していたので両方買ってみました。

仕上がりですが、高い発色とツヤツヤの仕上がりに大満足です！　まさに「ツヤバース（ツヤの誕生）」。
本当に仕上がりが綺麗です。

懸念点である色持ちについては、本家リプモンにはどうしても劣るものの、このテクスチャーの割には持つ方だなと思いました。
ですがこの商品の真髄は「塗りたてのツヤと発色」にあると思うので、塗り直しはできるだけした方がいいと思いました。

皆様が言われている通り、くり出した分は戻らないので注意です。
私は1ミリでも多いと思います。1回あたり0.5ミリで使っています。
詳細をみる",https://www.cosme.net/categories/effect/1018/,ツヤ,https://www.cosme.net/categories/effect/1018/,ツヤ,https://www.cosme.net/categories/effect/1018/,ツヤ,https://www.cosme.net/categories/effect/1018/,ツヤ,https://www.cosme.net/categories/effect/1018/,ツヤ,,,,,,,,,,,,,https://www.cosme.net/reviews/514372843/,,,,,,,現品,https://www.cosme.net/variations/1185728/,G01 明後日の水たまり,https://fitter.cosme.net/media/product/10260/skuimg_1001938.jpg,https://www.cosme.net/variations/1185729/,G02 ピンクムーンの雫,https://fitter.cosme.net/media/product/10260/skuimg_1001941.jpg,,,,,,,,,,-,,,https://www.cosme.net/contact/report-review/review_id/514372843,1,,認証済,https://www.cosme.net/categories/pchannel/2/,https://www.cosme.net/categories/effect/1018/,https://www.cosme.net/categories/effect/1064/,https://www.cosme.net/categories/effect/1021/,スーパー・ドラッグ,,ツヤ,,立体感,100人以上のメンバーにお気に入り登録されています,,発色がよい,,,,,,,,,,,,,,,,,,,,
https://my.cosme.net/open_top/show/user_id/6697111,https://pc.assets-cosme.net/images/user/characters/no_image/noimage_xs.gif,https://my.cosme.net/open_top/show/user_id/6697111,クリームソーダ飲みたい,,25歳,乾燥肌,https://my.cosme.net/open_entry_reviewlist/list/user_id/6697111,クチコミ投稿115件,115,4購入品,,2024/11/17 8:45:20,"通常版のリップモンスターよりは落ちます！
でも艶系リップの中ではかなりの落ちない方！

ベースにリップモンスターを仕込んで、その上からツヤバースが一番綺麗になると思います！
詳細をみる",https://www.cosme.net/categories/effect/1018/,ツヤ,,,,,,,,,,,,,,,,,,,,,https://www.cosme.net/reviews/514355689/,,,,,,,現品,,,,,,,,,,,,,,,,-,-,-,https://www.cosme.net/contact/report-review/review_id/514355689,1,,認証済,,,,,,,,,,,,,,,,,,,,,,,,,,,,,,,,5人以上のメンバーにお気に入り登録されています
https://my.cosme.net/open_top/show/user_id/10127998,https://cache-cdn.cosme.net/media/collection/2472/2686/10447596_xs.jpeg,https://my.cosme.net/open_top/show/user_id/10127998,glee♪,,30歳,乾燥肌,https://my.cosme.net/open_entry_reviewlist/list/user_id/10127998,クチコミ投稿131件,131,3購入品,,2024/11/15 22:58:53,"リップモンスターの期待値のまま使用してしまうとかなりガッカリしてしまうかも。
色の持ちは比べちゃいけないくらい悪くて、塗り直す頻度も高かったです。乾燥を感じさせないツヤ感はとっても綺麗だったけどリピするほどでもないかな。
詳細をみる",https://www.cosme.net/categories/effect/1018/,ツヤ,,,,,,,,,,,,,,,,,,,,,https://www.cosme.net/reviews/514344940/,,,,,,,現品,,,,,,,,,,,,,,,,-,-,-,https://www.cosme.net/contact/report-review/review_id/514344940,1,,認証済,,,,,,,,,,100人以上のメンバーにお気に入り登録されています,,,,,,,,,,,,,,,,,,,,,,
https://my.cosme.net/open_top/show/user_id/10137877,https://cache-cdn.cosme.net/media/collection/2475/277/10454738_xs.jpeg,https://my.cosme.net/open_top/show/user_id/10137877,ナーンちゃって,,40歳,普通肌,https://my.cosme.net/open_entry_reviewlist/list/user_id/10137877,クチコミ投稿134件,134,4購入品,,2024/11/14 16:04:44,"柔らかいテクスチャーなのでスルスル使いやすいです！
一度繰り出すと戻すことが出ないのが少し欠点ではあるんだけどアイブロウなどの細いのとは違うので折れてしまう心配はないかなと思います。
肌荒れもなかったので使い続けてみたいです。
詳細をみる",https://www.cosme.net/categories/item/909/,アイブロウ,,,,,,,,,,,,,,,,,,,,,https://www.cosme.net/reviews/514338127/,,,,,,,現品,,,,,,,,,,,,,,,,-,-,-,https://www.cosme.net/contact/report-review/review_id/514338127,1,,,,,,,,,,,,100人以上のメンバーにお気に入り登録されています,,,,,,,,,,,,,,,,,,,,,,
https://my.cosme.net/open_top/show/user_id/10164473,https://cache-cdn.cosme.net/media/collection/2481/2297/10469324_xs.jpeg,https://my.cosme.net/open_top/show/user_id/10164473,はちみつ＊ぷぅ,,28歳,脂性肌,https://my.cosme.net/open_entry_reviewlist/list/user_id/10164473,クチコミ投稿141件,141,3購入品,,2024/11/8 11:26:13,"最近プチバズりしているツヤバースさん

厚塗り感があって可愛かったしふっくらつやつやのリップになりとても可愛いです。艶の衰えもなく色持ちもティント効果ありなのでオススメ！
詳細をみる",https://www.cosme.net/categories/effect/1018/,ツヤ,https://www.cosme.net/categories/pickup/1026/,ティント,,,,,,,,,,,,,,,,,,,https://www.cosme.net/reviews/514298884/,,,,,,,現品,,,,,,,,,,,,,,,,-,-,,https://www.cosme.net/contact/report-review/review_id/514298884,1,,認証済,https://www.cosme.net/categories/pchannel/2/,,,,スーパー・ドラッグ,,,,,100人以上のメンバーにお気に入り登録されています,,,,,,,,,,,,,,,,,,,,,,
https://my.cosme.net/open_top/show/user_id/10117725,https://cache-cdn.cosme.net/media/collection/2470/605/10438689_xs.jpeg,https://my.cosme.net/open_top/show/user_id/10117725,月に変わってお仕置きよ,,33歳,混合肌,https://my.cosme.net/open_entry_reviewlist/list/user_id/10117725,クチコミ投稿133件,133,3購入品,,2024/11/6 12:33:22,"シアー感があってかなり軽い付け心地だったし、かなりツヤツヤでとっても綺麗！
でもリップモンスターらしい色の持ちの良さがあまり感じられなかったのが少し残念でした。
でも長いから塗りやすいし、持ち歩くのも楽かも！
詳細をみる",https://www.cosme.net/categories/effect/1018/,ツヤ,https://www.cosme.net/categories/effect/1018/,ツヤ,,,,,,,,,,,,,,,,,,,https://www.cosme.net/reviews/514314102/,,,,,,,現品,,,,,,,,,,,,,,,,-,-,-,https://www.cosme.net/contact/report-review/review_id/514314102,1,,認証済,,,,,,,,,,100人以上のメンバーにお気に入り登録されています,,,,,,,,,,,,,,,,,,,,,,